id,date,port_name,fuel_type,price_usd_per_mt
1,2021-01-01,Singapore,VLSFO,486.75
2,2021-01-01,Singapore,LSMGO,614.51
3,2021-01-01,Singapore,IFO380,349.63
4,2021-01-01,Fujairah,VLSFO,469.03
5,2021-01-01,Fujairah,LSMGO,621.18
6,2021-01-01,Fujairah,IFO380,330.97
7,2021-01-01,Rotterdam,VLSFO,457.58
8,2021-01-01,Rotterdam,LSMGO,574.07
9,2021-01-01,Rotterdam,IFO380,329.94
10,2021-01-01,Visakhapatnam,VLSFO,513.02
11,2021-01-01,Visakhapatnam,LSMGO,703.0
12,2021-01-01,Visakhapatnam,IFO380,369.86
13,2021-01-01,Houston,VLSFO,458.67
14,2021-01-01,Houston,LSMGO,565.37
15,2021-01-01,Houston,IFO380,323.34
16,2021-01-04,Singapore,VLSFO,482.28
17,2021-01-04,Singapore,LSMGO,619.57
18,2021-01-04,Singapore,IFO380,348.26
19,2021-01-04,Fujairah,VLSFO,472.19
20,2021-01-04,Fujairah,LSMGO,621.53
21,2021-01-04,Fujairah,IFO380,340.49
22,2021-01-04,Rotterdam,VLSFO,464.94
23,2021-01-04,Rotterdam,LSMGO,580.28
24,2021-01-04,Rotterdam,IFO380,332.43
25,2021-01-04,Visakhapatnam,VLSFO,500.9
26,2021-01-04,Visakhapatnam,LSMGO,697.59
27,2021-01-04,Visakhapatnam,IFO380,362.63
28,2021-01-04,Houston,VLSFO,447.39
29,2021-01-04,Houston,LSMGO,549.02
30,2021-01-04,Houston,IFO380,322.11
31,2021-01-05,Singapore,VLSFO,470.66
32,2021-01-05,Singapore,LSMGO,605.79
33,2021-01-05,Singapore,IFO380,337.62
34,2021-01-05,Fujairah,VLSFO,463.14
35,2021-01-05,Fujairah,LSMGO,603.45
36,2021-01-05,Fujairah,IFO380,329.31
37,2021-01-05,Rotterdam,VLSFO,452.1
38,2021-01-05,Rotterdam,LSMGO,582.09
39,2021-01-05,Rotterdam,IFO380,324.93
40,2021-01-05,Visakhapatnam,VLSFO,513.81
41,2021-01-05,Visakhapatnam,LSMGO,708.15
42,2021-01-05,Visakhapatnam,IFO380,375.72
43,2021-01-05,Houston,VLSFO,447.84
44,2021-01-05,Houston,LSMGO,547.68
45,2021-01-05,Houston,IFO380,316.94
46,2021-01-06,Singapore,VLSFO,482.69
47,2021-01-06,Singapore,LSMGO,624.11
48,2021-01-06,Singapore,IFO380,343.86
49,2021-01-06,Fujairah,VLSFO,469.14
50,2021-01-06,Fujairah,LSMGO,604.74
51,2021-01-06,Fujairah,IFO380,336.6
52,2021-01-06,Rotterdam,VLSFO,449.49
53,2021-01-06,Rotterdam,LSMGO,562.06
54,2021-01-06,Rotterdam,IFO380,333.64
55,2021-01-06,Visakhapatnam,VLSFO,514.93
56,2021-01-06,Visakhapatnam,LSMGO,710.66
57,2021-01-06,Visakhapatnam,IFO380,365.74
58,2021-01-06,Houston,VLSFO,450.74
59,2021-01-06,Houston,LSMGO,545.77
60,2021-01-06,Houston,IFO380,321.78
61,2021-01-07,Singapore,VLSFO,485.76
62,2021-01-07,Singapore,LSMGO,618.81
63,2021-01-07,Singapore,IFO380,356.23
64,2021-01-07,Fujairah,VLSFO,466.99
65,2021-01-07,Fujairah,LSMGO,615.29
66,2021-01-07,Fujairah,IFO380,337.36
67,2021-01-07,Rotterdam,VLSFO,454.83
68,2021-01-07,Rotterdam,LSMGO,570.69
69,2021-01-07,Rotterdam,IFO380,327.92
70,2021-01-07,Visakhapatnam,VLSFO,515.12
71,2021-01-07,Visakhapatnam,LSMGO,710.22
72,2021-01-07,Visakhapatnam,IFO380,368.55
73,2021-01-07,Houston,VLSFO,450.83
74,2021-01-07,Houston,LSMGO,557.19
75,2021-01-07,Houston,IFO380,324.99
76,2021-01-08,Singapore,VLSFO,483.21
77,2021-01-08,Singapore,LSMGO,614.76
78,2021-01-08,Singapore,IFO380,349.26
79,2021-01-08,Fujairah,VLSFO,458.99
80,2021-01-08,Fujairah,LSMGO,604.23
81,2021-01-08,Fujairah,IFO380,329.66
82,2021-01-08,Rotterdam,VLSFO,461.15
83,2021-01-08,Rotterdam,LSMGO,587.84
84,2021-01-08,Rotterdam,IFO380,334.01
85,2021-01-08,Visakhapatnam,VLSFO,506.22
86,2021-01-08,Visakhapatnam,LSMGO,694.48
87,2021-01-08,Visakhapatnam,IFO380,367.28
88,2021-01-08,Houston,VLSFO,444.86
89,2021-01-08,Houston,LSMGO,555.9
90,2021-01-08,Houston,IFO380,322.01
91,2021-01-11,Singapore,VLSFO,487.84
92,2021-01-11,Singapore,LSMGO,622.19
93,2021-01-11,Singapore,IFO380,354.12
94,2021-01-11,Fujairah,VLSFO,475.15
95,2021-01-11,Fujairah,LSMGO,624.16
96,2021-01-11,Fujairah,IFO380,339.53
97,2021-01-11,Rotterdam,VLSFO,453.08
98,2021-01-11,Rotterdam,LSMGO,570.63
99,2021-01-11,Rotterdam,IFO380,324.97
100,2021-01-11,Visakhapatnam,VLSFO,517.0
101,2021-01-11,Visakhapatnam,LSMGO,729.28
102,2021-01-11,Visakhapatnam,IFO380,371.9
103,2021-01-11,Houston,VLSFO,448.39
104,2021-01-11,Houston,LSMGO,552.17
105,2021-01-11,Houston,IFO380,324.21
106,2021-01-12,Singapore,VLSFO,480.05
107,2021-01-12,Singapore,LSMGO,612.57
108,2021-01-12,Singapore,IFO380,344.83
109,2021-01-12,Fujairah,VLSFO,477.79
110,2021-01-12,Fujairah,LSMGO,627.13
111,2021-01-12,Fujairah,IFO380,339.74
112,2021-01-12,Rotterdam,VLSFO,459.9
113,2021-01-12,Rotterdam,LSMGO,571.68
114,2021-01-12,Rotterdam,IFO380,331.66
115,2021-01-12,Visakhapatnam,VLSFO,515.43
116,2021-01-12,Visakhapatnam,LSMGO,711.49
117,2021-01-12,Visakhapatnam,IFO380,374.35
118,2021-01-12,Houston,VLSFO,452.12
119,2021-01-12,Houston,LSMGO,549.52
120,2021-01-12,Houston,IFO380,324.09
121,2021-01-13,Singapore,VLSFO,480.79
122,2021-01-13,Singapore,LSMGO,615.06
123,2021-01-13,Singapore,IFO380,349.15
124,2021-01-13,Fujairah,VLSFO,469.36
125,2021-01-13,Fujairah,LSMGO,603.62
126,2021-01-13,Fujairah,IFO380,339.08
127,2021-01-13,Rotterdam,VLSFO,459.57
128,2021-01-13,Rotterdam,LSMGO,574.09
129,2021-01-13,Rotterdam,IFO380,325.8
130,2021-01-13,Visakhapatnam,VLSFO,506.58
131,2021-01-13,Visakhapatnam,LSMGO,686.24
132,2021-01-13,Visakhapatnam,IFO380,364.37
133,2021-01-13,Houston,VLSFO,449.37
134,2021-01-13,Houston,LSMGO,540.71
135,2021-01-13,Houston,IFO380,320.19
136,2021-01-14,Singapore,VLSFO,479.78
137,2021-01-14,Singapore,LSMGO,623.9
138,2021-01-14,Singapore,IFO380,345.79
139,2021-01-14,Fujairah,VLSFO,476.13
140,2021-01-14,Fujairah,LSMGO,618.84
141,2021-01-14,Fujairah,IFO380,346.98
142,2021-01-14,Rotterdam,VLSFO,451.55
143,2021-01-14,Rotterdam,LSMGO,561.47
144,2021-01-14,Rotterdam,IFO380,318.14
145,2021-01-14,Visakhapatnam,VLSFO,509.81
146,2021-01-14,Visakhapatnam,LSMGO,700.99
147,2021-01-14,Visakhapatnam,IFO380,370.55
148,2021-01-14,Houston,VLSFO,440.55
149,2021-01-14,Houston,LSMGO,551.77
150,2021-01-14,Houston,IFO380,319.06
151,2021-01-15,Singapore,VLSFO,490.14
152,2021-01-15,Singapore,LSMGO,635.03
153,2021-01-15,Singapore,IFO380,355.7
154,2021-01-15,Fujairah,VLSFO,477.25
155,2021-01-15,Fujairah,LSMGO,621.98
156,2021-01-15,Fujairah,IFO380,349.63
157,2021-01-15,Rotterdam,VLSFO,460.35
158,2021-01-15,Rotterdam,LSMGO,579.86
159,2021-01-15,Rotterdam,IFO380,329.94
160,2021-01-15,Visakhapatnam,VLSFO,516.71
161,2021-01-15,Visakhapatnam,LSMGO,709.48
162,2021-01-15,Visakhapatnam,IFO380,367.78
163,2021-01-15,Houston,VLSFO,452.58
164,2021-01-15,Houston,LSMGO,546.76
165,2021-01-15,Houston,IFO380,321.67
166,2021-01-18,Singapore,VLSFO,490.2
167,2021-01-18,Singapore,LSMGO,620.0
168,2021-01-18,Singapore,IFO380,355.2
169,2021-01-18,Fujairah,VLSFO,477.31
170,2021-01-18,Fujairah,LSMGO,614.08
171,2021-01-18,Fujairah,IFO380,345.87
172,2021-01-18,Rotterdam,VLSFO,454.14
173,2021-01-18,Rotterdam,LSMGO,568.76
174,2021-01-18,Rotterdam,IFO380,327.96
175,2021-01-18,Visakhapatnam,VLSFO,516.08
176,2021-01-18,Visakhapatnam,LSMGO,709.02
177,2021-01-18,Visakhapatnam,IFO380,371.44
178,2021-01-18,Houston,VLSFO,453.98
179,2021-01-18,Houston,LSMGO,556.09
180,2021-01-18,Houston,IFO380,323.0
181,2021-01-19,Singapore,VLSFO,481.09
182,2021-01-19,Singapore,LSMGO,603.98
183,2021-01-19,Singapore,IFO380,348.65
184,2021-01-19,Fujairah,VLSFO,475.35
185,2021-01-19,Fujairah,LSMGO,629.81
186,2021-01-19,Fujairah,IFO380,340.72
187,2021-01-19,Rotterdam,VLSFO,471.85
188,2021-01-19,Rotterdam,LSMGO,591.98
189,2021-01-19,Rotterdam,IFO380,333.94
190,2021-01-19,Visakhapatnam,VLSFO,518.13
191,2021-01-19,Visakhapatnam,LSMGO,721.92
192,2021-01-19,Visakhapatnam,IFO380,378.33
193,2021-01-19,Houston,VLSFO,451.0
194,2021-01-19,Houston,LSMGO,556.76
195,2021-01-19,Houston,IFO380,318.66
196,2021-01-20,Singapore,VLSFO,490.88
197,2021-01-20,Singapore,LSMGO,631.8
198,2021-01-20,Singapore,IFO380,352.83
199,2021-01-20,Fujairah,VLSFO,481.36
200,2021-01-20,Fujairah,LSMGO,631.1
201,2021-01-20,Fujairah,IFO380,346.11
202,2021-01-20,Rotterdam,VLSFO,468.34
203,2021-01-20,Rotterdam,LSMGO,601.11
204,2021-01-20,Rotterdam,IFO380,336.72
205,2021-01-20,Visakhapatnam,VLSFO,509.96
206,2021-01-20,Visakhapatnam,LSMGO,703.63
207,2021-01-20,Visakhapatnam,IFO380,364.1
208,2021-01-20,Houston,VLSFO,457.34
209,2021-01-20,Houston,LSMGO,554.73
210,2021-01-20,Houston,IFO380,326.57
211,2021-01-21,Singapore,VLSFO,484.81
212,2021-01-21,Singapore,LSMGO,624.44
213,2021-01-21,Singapore,IFO380,341.29
214,2021-01-21,Fujairah,VLSFO,474.54
215,2021-01-21,Fujairah,LSMGO,626.32
216,2021-01-21,Fujairah,IFO380,335.36
217,2021-01-21,Rotterdam,VLSFO,470.77
218,2021-01-21,Rotterdam,LSMGO,581.66
219,2021-01-21,Rotterdam,IFO380,347.84
220,2021-01-21,Visakhapatnam,VLSFO,519.67
221,2021-01-21,Visakhapatnam,LSMGO,718.65
222,2021-01-21,Visakhapatnam,IFO380,373.05
223,2021-01-21,Houston,VLSFO,451.98
224,2021-01-21,Houston,LSMGO,547.15
225,2021-01-21,Houston,IFO380,319.54
226,2021-01-22,Singapore,VLSFO,485.74
227,2021-01-22,Singapore,LSMGO,627.69
228,2021-01-22,Singapore,IFO380,347.78
229,2021-01-22,Fujairah,VLSFO,474.85
230,2021-01-22,Fujairah,LSMGO,618.5
231,2021-01-22,Fujairah,IFO380,336.47
232,2021-01-22,Rotterdam,VLSFO,464.61
233,2021-01-22,Rotterdam,LSMGO,594.92
234,2021-01-22,Rotterdam,IFO380,331.46
235,2021-01-22,Visakhapatnam,VLSFO,522.21
236,2021-01-22,Visakhapatnam,LSMGO,716.69
237,2021-01-22,Visakhapatnam,IFO380,379.87
238,2021-01-22,Houston,VLSFO,445.1
239,2021-01-22,Houston,LSMGO,543.9
240,2021-01-22,Houston,IFO380,322.09
241,2021-01-25,Singapore,VLSFO,487.13
242,2021-01-25,Singapore,LSMGO,631.05
243,2021-01-25,Singapore,IFO380,352.13
244,2021-01-25,Fujairah,VLSFO,478.94
245,2021-01-25,Fujairah,LSMGO,618.88
246,2021-01-25,Fujairah,IFO380,345.48
247,2021-01-25,Rotterdam,VLSFO,464.19
248,2021-01-25,Rotterdam,LSMGO,576.64
249,2021-01-25,Rotterdam,IFO380,326.52
250,2021-01-25,Visakhapatnam,VLSFO,518.35
251,2021-01-25,Visakhapatnam,LSMGO,720.3
252,2021-01-25,Visakhapatnam,IFO380,362.43
253,2021-01-25,Houston,VLSFO,460.98
254,2021-01-25,Houston,LSMGO,558.11
255,2021-01-25,Houston,IFO380,329.96
256,2021-01-26,Singapore,VLSFO,491.69
257,2021-01-26,Singapore,LSMGO,627.3
258,2021-01-26,Singapore,IFO380,356.96
259,2021-01-26,Fujairah,VLSFO,474.67
260,2021-01-26,Fujairah,LSMGO,616.23
261,2021-01-26,Fujairah,IFO380,338.74
262,2021-01-26,Rotterdam,VLSFO,469.85
263,2021-01-26,Rotterdam,LSMGO,583.66
264,2021-01-26,Rotterdam,IFO380,338.66
265,2021-01-26,Visakhapatnam,VLSFO,518.26
266,2021-01-26,Visakhapatnam,LSMGO,723.01
267,2021-01-26,Visakhapatnam,IFO380,373.29
268,2021-01-26,Houston,VLSFO,466.23
269,2021-01-26,Houston,LSMGO,583.25
270,2021-01-26,Houston,IFO380,334.59
271,2021-01-27,Singapore,VLSFO,498.08
272,2021-01-27,Singapore,LSMGO,649.11
273,2021-01-27,Singapore,IFO380,364.6
274,2021-01-27,Fujairah,VLSFO,469.0
275,2021-01-27,Fujairah,LSMGO,608.99
276,2021-01-27,Fujairah,IFO380,341.22
277,2021-01-27,Rotterdam,VLSFO,460.71
278,2021-01-27,Rotterdam,LSMGO,577.15
279,2021-01-27,Rotterdam,IFO380,331.0
280,2021-01-27,Visakhapatnam,VLSFO,517.32
281,2021-01-27,Visakhapatnam,LSMGO,732.07
282,2021-01-27,Visakhapatnam,IFO380,365.49
283,2021-01-27,Houston,VLSFO,462.74
284,2021-01-27,Houston,LSMGO,569.44
285,2021-01-27,Houston,IFO380,327.02
286,2021-01-28,Singapore,VLSFO,490.25
287,2021-01-28,Singapore,LSMGO,636.56
288,2021-01-28,Singapore,IFO380,348.88
289,2021-01-28,Fujairah,VLSFO,481.77
290,2021-01-28,Fujairah,LSMGO,636.94
291,2021-01-28,Fujairah,IFO380,342.6
292,2021-01-28,Rotterdam,VLSFO,465.93
293,2021-01-28,Rotterdam,LSMGO,592.48
294,2021-01-28,Rotterdam,IFO380,332.63
295,2021-01-28,Visakhapatnam,VLSFO,517.71
296,2021-01-28,Visakhapatnam,LSMGO,714.06
297,2021-01-28,Visakhapatnam,IFO380,370.32
298,2021-01-28,Houston,VLSFO,451.22
299,2021-01-28,Houston,LSMGO,552.75
300,2021-01-28,Houston,IFO380,324.85
301,2021-01-29,Singapore,VLSFO,479.78
302,2021-01-29,Singapore,LSMGO,604.47
303,2021-01-29,Singapore,IFO380,338.94
304,2021-01-29,Fujairah,VLSFO,485.38
305,2021-01-29,Fujairah,LSMGO,642.34
306,2021-01-29,Fujairah,IFO380,347.7
307,2021-01-29,Rotterdam,VLSFO,460.02
308,2021-01-29,Rotterdam,LSMGO,576.59
309,2021-01-29,Rotterdam,IFO380,329.16
310,2021-01-29,Visakhapatnam,VLSFO,516.03
311,2021-01-29,Visakhapatnam,LSMGO,712.36
312,2021-01-29,Visakhapatnam,IFO380,373.84
313,2021-01-29,Houston,VLSFO,456.69
314,2021-01-29,Houston,LSMGO,567.23
315,2021-01-29,Houston,IFO380,324.43
316,2021-02-01,Singapore,VLSFO,501.74
317,2021-02-01,Singapore,LSMGO,634.82
318,2021-02-01,Singapore,IFO380,353.27
319,2021-02-01,Fujairah,VLSFO,474.72
320,2021-02-01,Fujairah,LSMGO,620.0
321,2021-02-01,Fujairah,IFO380,343.09
322,2021-02-01,Rotterdam,VLSFO,473.31
323,2021-02-01,Rotterdam,LSMGO,595.06
324,2021-02-01,Rotterdam,IFO380,336.43
325,2021-02-01,Visakhapatnam,VLSFO,516.02
326,2021-02-01,Visakhapatnam,LSMGO,705.68
327,2021-02-01,Visakhapatnam,IFO380,367.02
328,2021-02-01,Houston,VLSFO,452.59
329,2021-02-01,Houston,LSMGO,556.38
330,2021-02-01,Houston,IFO380,326.23
331,2021-02-02,Singapore,VLSFO,496.75
332,2021-02-02,Singapore,LSMGO,645.24
333,2021-02-02,Singapore,IFO380,359.15
334,2021-02-02,Fujairah,VLSFO,485.94
335,2021-02-02,Fujairah,LSMGO,625.64
336,2021-02-02,Fujairah,IFO380,348.79
337,2021-02-02,Rotterdam,VLSFO,456.13
338,2021-02-02,Rotterdam,LSMGO,571.22
339,2021-02-02,Rotterdam,IFO380,327.96
340,2021-02-02,Visakhapatnam,VLSFO,520.19
341,2021-02-02,Visakhapatnam,LSMGO,717.27
342,2021-02-02,Visakhapatnam,IFO380,368.95
343,2021-02-02,Houston,VLSFO,455.56
344,2021-02-02,Houston,LSMGO,545.46
345,2021-02-02,Houston,IFO380,335.2
346,2021-02-03,Singapore,VLSFO,489.27
347,2021-02-03,Singapore,LSMGO,625.06
348,2021-02-03,Singapore,IFO380,345.68
349,2021-02-03,Fujairah,VLSFO,475.81
350,2021-02-03,Fujairah,LSMGO,606.1
351,2021-02-03,Fujairah,IFO380,350.34
352,2021-02-03,Rotterdam,VLSFO,465.21
353,2021-02-03,Rotterdam,LSMGO,587.59
354,2021-02-03,Rotterdam,IFO380,336.52
355,2021-02-03,Visakhapatnam,VLSFO,517.01
356,2021-02-03,Visakhapatnam,LSMGO,707.61
357,2021-02-03,Visakhapatnam,IFO380,371.98
358,2021-02-03,Houston,VLSFO,451.88
359,2021-02-03,Houston,LSMGO,544.56
360,2021-02-03,Houston,IFO380,328.31
361,2021-02-04,Singapore,VLSFO,490.55
362,2021-02-04,Singapore,LSMGO,630.49
363,2021-02-04,Singapore,IFO380,349.18
364,2021-02-04,Fujairah,VLSFO,478.14
365,2021-02-04,Fujairah,LSMGO,621.97
366,2021-02-04,Fujairah,IFO380,347.97
367,2021-02-04,Rotterdam,VLSFO,465.12
368,2021-02-04,Rotterdam,LSMGO,587.75
369,2021-02-04,Rotterdam,IFO380,336.15
370,2021-02-04,Visakhapatnam,VLSFO,524.14
371,2021-02-04,Visakhapatnam,LSMGO,712.75
372,2021-02-04,Visakhapatnam,IFO380,377.27
373,2021-02-04,Houston,VLSFO,449.06
374,2021-02-04,Houston,LSMGO,560.0
375,2021-02-04,Houston,IFO380,323.36
376,2021-02-05,Singapore,VLSFO,492.59
377,2021-02-05,Singapore,LSMGO,624.09
378,2021-02-05,Singapore,IFO380,353.1
379,2021-02-05,Fujairah,VLSFO,479.49
380,2021-02-05,Fujairah,LSMGO,618.18
381,2021-02-05,Fujairah,IFO380,346.98
382,2021-02-05,Rotterdam,VLSFO,466.83
383,2021-02-05,Rotterdam,LSMGO,581.58
384,2021-02-05,Rotterdam,IFO380,339.32
385,2021-02-05,Visakhapatnam,VLSFO,524.71
386,2021-02-05,Visakhapatnam,LSMGO,727.49
387,2021-02-05,Visakhapatnam,IFO380,381.11
388,2021-02-05,Houston,VLSFO,456.16
389,2021-02-05,Houston,LSMGO,570.14
390,2021-02-05,Houston,IFO380,325.91
391,2021-02-08,Singapore,VLSFO,497.55
392,2021-02-08,Singapore,LSMGO,640.18
393,2021-02-08,Singapore,IFO380,350.24
394,2021-02-08,Fujairah,VLSFO,478.82
395,2021-02-08,Fujairah,LSMGO,629.52
396,2021-02-08,Fujairah,IFO380,344.46
397,2021-02-08,Rotterdam,VLSFO,470.02
398,2021-02-08,Rotterdam,LSMGO,581.08
399,2021-02-08,Rotterdam,IFO380,336.65
400,2021-02-08,Visakhapatnam,VLSFO,523.3
401,2021-02-08,Visakhapatnam,LSMGO,720.77
402,2021-02-08,Visakhapatnam,IFO380,379.99
403,2021-02-08,Houston,VLSFO,460.89
404,2021-02-08,Houston,LSMGO,579.15
405,2021-02-08,Houston,IFO380,325.06
406,2021-02-09,Singapore,VLSFO,491.38
407,2021-02-09,Singapore,LSMGO,636.01
408,2021-02-09,Singapore,IFO380,348.57
409,2021-02-09,Fujairah,VLSFO,480.08
410,2021-02-09,Fujairah,LSMGO,637.94
411,2021-02-09,Fujairah,IFO380,345.07
412,2021-02-09,Rotterdam,VLSFO,468.1
413,2021-02-09,Rotterdam,LSMGO,581.56
414,2021-02-09,Rotterdam,IFO380,335.62
415,2021-02-09,Visakhapatnam,VLSFO,530.94
416,2021-02-09,Visakhapatnam,LSMGO,733.11
417,2021-02-09,Visakhapatnam,IFO380,374.29
418,2021-02-09,Houston,VLSFO,453.9
419,2021-02-09,Houston,LSMGO,551.24
420,2021-02-09,Houston,IFO380,326.7
421,2021-02-10,Singapore,VLSFO,487.46
422,2021-02-10,Singapore,LSMGO,621.91
423,2021-02-10,Singapore,IFO380,347.9
424,2021-02-10,Fujairah,VLSFO,487.8
425,2021-02-10,Fujairah,LSMGO,646.66
426,2021-02-10,Fujairah,IFO380,348.34
427,2021-02-10,Rotterdam,VLSFO,463.46
428,2021-02-10,Rotterdam,LSMGO,577.33
429,2021-02-10,Rotterdam,IFO380,336.68
430,2021-02-10,Visakhapatnam,VLSFO,525.99
431,2021-02-10,Visakhapatnam,LSMGO,732.88
432,2021-02-10,Visakhapatnam,IFO380,379.55
433,2021-02-10,Houston,VLSFO,452.08
434,2021-02-10,Houston,LSMGO,549.04
435,2021-02-10,Houston,IFO380,326.17
436,2021-02-11,Singapore,VLSFO,498.6
437,2021-02-11,Singapore,LSMGO,635.2
438,2021-02-11,Singapore,IFO380,364.38
439,2021-02-11,Fujairah,VLSFO,488.97
440,2021-02-11,Fujairah,LSMGO,631.78
441,2021-02-11,Fujairah,IFO380,352.62
442,2021-02-11,Rotterdam,VLSFO,466.9
443,2021-02-11,Rotterdam,LSMGO,589.83
444,2021-02-11,Rotterdam,IFO380,331.74
445,2021-02-11,Visakhapatnam,VLSFO,527.67
446,2021-02-11,Visakhapatnam,LSMGO,727.16
447,2021-02-11,Visakhapatnam,IFO380,384.66
448,2021-02-11,Houston,VLSFO,453.41
449,2021-02-11,Houston,LSMGO,559.91
450,2021-02-11,Houston,IFO380,328.64
451,2021-02-12,Singapore,VLSFO,499.85
452,2021-02-12,Singapore,LSMGO,647.22
453,2021-02-12,Singapore,IFO380,358.05
454,2021-02-12,Fujairah,VLSFO,480.08
455,2021-02-12,Fujairah,LSMGO,624.0
456,2021-02-12,Fujairah,IFO380,348.89
457,2021-02-12,Rotterdam,VLSFO,473.72
458,2021-02-12,Rotterdam,LSMGO,603.08
459,2021-02-12,Rotterdam,IFO380,344.67
460,2021-02-12,Visakhapatnam,VLSFO,530.67
461,2021-02-12,Visakhapatnam,LSMGO,717.93
462,2021-02-12,Visakhapatnam,IFO380,383.23
463,2021-02-12,Houston,VLSFO,457.66
464,2021-02-12,Houston,LSMGO,572.39
465,2021-02-12,Houston,IFO380,326.06
466,2021-02-15,Singapore,VLSFO,497.32
467,2021-02-15,Singapore,LSMGO,638.5
468,2021-02-15,Singapore,IFO380,356.21
469,2021-02-15,Fujairah,VLSFO,481.31
470,2021-02-15,Fujairah,LSMGO,634.92
471,2021-02-15,Fujairah,IFO380,347.83
472,2021-02-15,Rotterdam,VLSFO,468.62
473,2021-02-15,Rotterdam,LSMGO,578.93
474,2021-02-15,Rotterdam,IFO380,334.31
475,2021-02-15,Visakhapatnam,VLSFO,523.81
476,2021-02-15,Visakhapatnam,LSMGO,720.74
477,2021-02-15,Visakhapatnam,IFO380,381.23
478,2021-02-15,Houston,VLSFO,452.41
479,2021-02-15,Houston,LSMGO,549.09
480,2021-02-15,Houston,IFO380,324.96
481,2021-02-16,Singapore,VLSFO,500.61
482,2021-02-16,Singapore,LSMGO,643.42
483,2021-02-16,Singapore,IFO380,361.6
484,2021-02-16,Fujairah,VLSFO,485.94
485,2021-02-16,Fujairah,LSMGO,638.2
486,2021-02-16,Fujairah,IFO380,343.59
487,2021-02-16,Rotterdam,VLSFO,466.84
488,2021-02-16,Rotterdam,LSMGO,586.95
489,2021-02-16,Rotterdam,IFO380,345.78
490,2021-02-16,Visakhapatnam,VLSFO,524.27
491,2021-02-16,Visakhapatnam,LSMGO,721.91
492,2021-02-16,Visakhapatnam,IFO380,381.36
493,2021-02-16,Houston,VLSFO,448.12
494,2021-02-16,Houston,LSMGO,549.3
495,2021-02-16,Houston,IFO380,318.59
496,2021-02-17,Singapore,VLSFO,498.48
497,2021-02-17,Singapore,LSMGO,642.26
498,2021-02-17,Singapore,IFO380,362.62
499,2021-02-17,Fujairah,VLSFO,488.53
500,2021-02-17,Fujairah,LSMGO,637.16
501,2021-02-17,Fujairah,IFO380,353.76
502,2021-02-17,Rotterdam,VLSFO,466.73
503,2021-02-17,Rotterdam,LSMGO,575.21
504,2021-02-17,Rotterdam,IFO380,339.0
505,2021-02-17,Visakhapatnam,VLSFO,521.07
506,2021-02-17,Visakhapatnam,LSMGO,713.71
507,2021-02-17,Visakhapatnam,IFO380,373.97
508,2021-02-17,Houston,VLSFO,461.22
509,2021-02-17,Houston,LSMGO,574.34
510,2021-02-17,Houston,IFO380,327.39
511,2021-02-18,Singapore,VLSFO,496.11
512,2021-02-18,Singapore,LSMGO,628.03
513,2021-02-18,Singapore,IFO380,363.43
514,2021-02-18,Fujairah,VLSFO,485.42
515,2021-02-18,Fujairah,LSMGO,630.16
516,2021-02-18,Fujairah,IFO380,346.28
517,2021-02-18,Rotterdam,VLSFO,475.34
518,2021-02-18,Rotterdam,LSMGO,601.3
519,2021-02-18,Rotterdam,IFO380,335.63
520,2021-02-18,Visakhapatnam,VLSFO,524.79
521,2021-02-18,Visakhapatnam,LSMGO,719.06
522,2021-02-18,Visakhapatnam,IFO380,376.91
523,2021-02-18,Houston,VLSFO,468.76
524,2021-02-18,Houston,LSMGO,569.34
525,2021-02-18,Houston,IFO380,341.25
526,2021-02-19,Singapore,VLSFO,495.35
527,2021-02-19,Singapore,LSMGO,626.1
528,2021-02-19,Singapore,IFO380,354.8
529,2021-02-19,Fujairah,VLSFO,485.76
530,2021-02-19,Fujairah,LSMGO,642.72
531,2021-02-19,Fujairah,IFO380,344.89
532,2021-02-19,Rotterdam,VLSFO,474.44
533,2021-02-19,Rotterdam,LSMGO,592.7
534,2021-02-19,Rotterdam,IFO380,341.44
535,2021-02-19,Visakhapatnam,VLSFO,522.85
536,2021-02-19,Visakhapatnam,LSMGO,712.48
537,2021-02-19,Visakhapatnam,IFO380,382.3
538,2021-02-19,Houston,VLSFO,450.42
539,2021-02-19,Houston,LSMGO,553.84
540,2021-02-19,Houston,IFO380,331.52
541,2021-02-22,Singapore,VLSFO,494.63
542,2021-02-22,Singapore,LSMGO,637.59
543,2021-02-22,Singapore,IFO380,351.65
544,2021-02-22,Fujairah,VLSFO,486.77
545,2021-02-22,Fujairah,LSMGO,634.93
546,2021-02-22,Fujairah,IFO380,358.51
547,2021-02-22,Rotterdam,VLSFO,467.23
548,2021-02-22,Rotterdam,LSMGO,570.32
549,2021-02-22,Rotterdam,IFO380,338.73
550,2021-02-22,Visakhapatnam,VLSFO,533.03
551,2021-02-22,Visakhapatnam,LSMGO,743.76
552,2021-02-22,Visakhapatnam,IFO380,383.94
553,2021-02-22,Houston,VLSFO,456.17
554,2021-02-22,Houston,LSMGO,563.42
555,2021-02-22,Houston,IFO380,324.76
556,2021-02-23,Singapore,VLSFO,499.01
557,2021-02-23,Singapore,LSMGO,638.39
558,2021-02-23,Singapore,IFO380,356.43
559,2021-02-23,Fujairah,VLSFO,482.14
560,2021-02-23,Fujairah,LSMGO,634.58
561,2021-02-23,Fujairah,IFO380,347.76
562,2021-02-23,Rotterdam,VLSFO,472.03
563,2021-02-23,Rotterdam,LSMGO,602.13
564,2021-02-23,Rotterdam,IFO380,341.4
565,2021-02-23,Visakhapatnam,VLSFO,529.68
566,2021-02-23,Visakhapatnam,LSMGO,735.12
567,2021-02-23,Visakhapatnam,IFO380,377.72
568,2021-02-23,Houston,VLSFO,448.28
569,2021-02-23,Houston,LSMGO,540.0
570,2021-02-23,Houston,IFO380,318.44
571,2021-02-24,Singapore,VLSFO,495.81
572,2021-02-24,Singapore,LSMGO,646.79
573,2021-02-24,Singapore,IFO380,363.27
574,2021-02-24,Fujairah,VLSFO,486.88
575,2021-02-24,Fujairah,LSMGO,632.63
576,2021-02-24,Fujairah,IFO380,358.51
577,2021-02-24,Rotterdam,VLSFO,462.88
578,2021-02-24,Rotterdam,LSMGO,572.41
579,2021-02-24,Rotterdam,IFO380,332.76
580,2021-02-24,Visakhapatnam,VLSFO,528.22
581,2021-02-24,Visakhapatnam,LSMGO,723.38
582,2021-02-24,Visakhapatnam,IFO380,387.19
583,2021-02-24,Houston,VLSFO,463.86
584,2021-02-24,Houston,LSMGO,581.46
585,2021-02-24,Houston,IFO380,334.72
586,2021-02-25,Singapore,VLSFO,502.0
587,2021-02-25,Singapore,LSMGO,647.27
588,2021-02-25,Singapore,IFO380,366.08
589,2021-02-25,Fujairah,VLSFO,495.5
590,2021-02-25,Fujairah,LSMGO,637.27
591,2021-02-25,Fujairah,IFO380,357.68
592,2021-02-25,Rotterdam,VLSFO,467.68
593,2021-02-25,Rotterdam,LSMGO,591.38
594,2021-02-25,Rotterdam,IFO380,331.62
595,2021-02-25,Visakhapatnam,VLSFO,530.45
596,2021-02-25,Visakhapatnam,LSMGO,734.24
597,2021-02-25,Visakhapatnam,IFO380,383.48
598,2021-02-25,Houston,VLSFO,464.56
599,2021-02-25,Houston,LSMGO,571.61
600,2021-02-25,Houston,IFO380,332.75
601,2021-02-26,Singapore,VLSFO,494.22
602,2021-02-26,Singapore,LSMGO,635.83
603,2021-02-26,Singapore,IFO380,357.54
604,2021-02-26,Fujairah,VLSFO,481.0
605,2021-02-26,Fujairah,LSMGO,629.04
606,2021-02-26,Fujairah,IFO380,342.92
607,2021-02-26,Rotterdam,VLSFO,466.47
608,2021-02-26,Rotterdam,LSMGO,585.98
609,2021-02-26,Rotterdam,IFO380,338.1
610,2021-02-26,Visakhapatnam,VLSFO,533.32
611,2021-02-26,Visakhapatnam,LSMGO,734.1
612,2021-02-26,Visakhapatnam,IFO380,381.49
613,2021-02-26,Houston,VLSFO,456.19
614,2021-02-26,Houston,LSMGO,549.24
615,2021-02-26,Houston,IFO380,332.11
616,2021-03-01,Singapore,VLSFO,505.46
617,2021-03-01,Singapore,LSMGO,648.52
618,2021-03-01,Singapore,IFO380,367.19
619,2021-03-01,Fujairah,VLSFO,490.51
620,2021-03-01,Fujairah,LSMGO,637.42
621,2021-03-01,Fujairah,IFO380,350.5
622,2021-03-01,Rotterdam,VLSFO,469.96
623,2021-03-01,Rotterdam,LSMGO,589.34
624,2021-03-01,Rotterdam,IFO380,331.67
625,2021-03-01,Visakhapatnam,VLSFO,525.92
626,2021-03-01,Visakhapatnam,LSMGO,729.63
627,2021-03-01,Visakhapatnam,IFO380,382.8
628,2021-03-01,Houston,VLSFO,470.8
629,2021-03-01,Houston,LSMGO,577.63
630,2021-03-01,Houston,IFO380,335.66
631,2021-03-02,Singapore,VLSFO,503.51
632,2021-03-02,Singapore,LSMGO,653.86
633,2021-03-02,Singapore,IFO380,361.65
634,2021-03-02,Fujairah,VLSFO,484.35
635,2021-03-02,Fujairah,LSMGO,635.75
636,2021-03-02,Fujairah,IFO380,349.42
637,2021-03-02,Rotterdam,VLSFO,474.84
638,2021-03-02,Rotterdam,LSMGO,589.65
639,2021-03-02,Rotterdam,IFO380,336.02
640,2021-03-02,Visakhapatnam,VLSFO,534.5
641,2021-03-02,Visakhapatnam,LSMGO,730.38
642,2021-03-02,Visakhapatnam,IFO380,385.73
643,2021-03-02,Houston,VLSFO,469.61
644,2021-03-02,Houston,LSMGO,569.58
645,2021-03-02,Houston,IFO380,336.28
646,2021-03-03,Singapore,VLSFO,494.19
647,2021-03-03,Singapore,LSMGO,635.4
648,2021-03-03,Singapore,IFO380,358.36
649,2021-03-03,Fujairah,VLSFO,487.83
650,2021-03-03,Fujairah,LSMGO,636.79
651,2021-03-03,Fujairah,IFO380,351.45
652,2021-03-03,Rotterdam,VLSFO,467.98
653,2021-03-03,Rotterdam,LSMGO,573.5
654,2021-03-03,Rotterdam,IFO380,336.51
655,2021-03-03,Visakhapatnam,VLSFO,528.99
656,2021-03-03,Visakhapatnam,LSMGO,731.96
657,2021-03-03,Visakhapatnam,IFO380,386.29
658,2021-03-03,Houston,VLSFO,476.16
659,2021-03-03,Houston,LSMGO,587.66
660,2021-03-03,Houston,IFO380,339.36
661,2021-03-04,Singapore,VLSFO,501.76
662,2021-03-04,Singapore,LSMGO,648.78
663,2021-03-04,Singapore,IFO380,363.26
664,2021-03-04,Fujairah,VLSFO,492.32
665,2021-03-04,Fujairah,LSMGO,641.26
666,2021-03-04,Fujairah,IFO380,356.55
667,2021-03-04,Rotterdam,VLSFO,472.34
668,2021-03-04,Rotterdam,LSMGO,588.25
669,2021-03-04,Rotterdam,IFO380,342.84
670,2021-03-04,Visakhapatnam,VLSFO,531.27
671,2021-03-04,Visakhapatnam,LSMGO,731.48
672,2021-03-04,Visakhapatnam,IFO380,384.94
673,2021-03-04,Houston,VLSFO,460.98
674,2021-03-04,Houston,LSMGO,564.89
675,2021-03-04,Houston,IFO380,336.05
676,2021-03-05,Singapore,VLSFO,505.44
677,2021-03-05,Singapore,LSMGO,649.68
678,2021-03-05,Singapore,IFO380,363.06
679,2021-03-05,Fujairah,VLSFO,494.57
680,2021-03-05,Fujairah,LSMGO,641.69
681,2021-03-05,Fujairah,IFO380,355.69
682,2021-03-05,Rotterdam,VLSFO,479.41
683,2021-03-05,Rotterdam,LSMGO,601.71
684,2021-03-05,Rotterdam,IFO380,348.65
685,2021-03-05,Visakhapatnam,VLSFO,532.78
686,2021-03-05,Visakhapatnam,LSMGO,738.84
687,2021-03-05,Visakhapatnam,IFO380,381.47
688,2021-03-05,Houston,VLSFO,466.08
689,2021-03-05,Houston,LSMGO,561.95
690,2021-03-05,Houston,IFO380,331.08
691,2021-03-08,Singapore,VLSFO,502.44
692,2021-03-08,Singapore,LSMGO,651.44
693,2021-03-08,Singapore,IFO380,357.13
694,2021-03-08,Fujairah,VLSFO,492.86
695,2021-03-08,Fujairah,LSMGO,647.43
696,2021-03-08,Fujairah,IFO380,362.4
697,2021-03-08,Rotterdam,VLSFO,470.57
698,2021-03-08,Rotterdam,LSMGO,589.86
699,2021-03-08,Rotterdam,IFO380,340.4
700,2021-03-08,Visakhapatnam,VLSFO,540.19
701,2021-03-08,Visakhapatnam,LSMGO,751.86
702,2021-03-08,Visakhapatnam,IFO380,384.24
703,2021-03-08,Houston,VLSFO,464.28
704,2021-03-08,Houston,LSMGO,569.62
705,2021-03-08,Houston,IFO380,338.7
706,2021-03-09,Singapore,VLSFO,498.91
707,2021-03-09,Singapore,LSMGO,640.79
708,2021-03-09,Singapore,IFO380,359.82
709,2021-03-09,Fujairah,VLSFO,488.98
710,2021-03-09,Fujairah,LSMGO,641.73
711,2021-03-09,Fujairah,IFO380,352.21
712,2021-03-09,Rotterdam,VLSFO,470.43
713,2021-03-09,Rotterdam,LSMGO,600.37
714,2021-03-09,Rotterdam,IFO380,338.76
715,2021-03-09,Visakhapatnam,VLSFO,536.25
716,2021-03-09,Visakhapatnam,LSMGO,746.54
717,2021-03-09,Visakhapatnam,IFO380,383.9
718,2021-03-09,Houston,VLSFO,463.45
719,2021-03-09,Houston,LSMGO,577.14
720,2021-03-09,Houston,IFO380,325.07
721,2021-03-10,Singapore,VLSFO,504.73
722,2021-03-10,Singapore,LSMGO,647.89
723,2021-03-10,Singapore,IFO380,367.1
724,2021-03-10,Fujairah,VLSFO,490.5
725,2021-03-10,Fujairah,LSMGO,639.94
726,2021-03-10,Fujairah,IFO380,355.63
727,2021-03-10,Rotterdam,VLSFO,469.92
728,2021-03-10,Rotterdam,LSMGO,600.76
729,2021-03-10,Rotterdam,IFO380,341.92
730,2021-03-10,Visakhapatnam,VLSFO,532.36
731,2021-03-10,Visakhapatnam,LSMGO,733.37
732,2021-03-10,Visakhapatnam,IFO380,385.1
733,2021-03-10,Houston,VLSFO,464.22
734,2021-03-10,Houston,LSMGO,569.37
735,2021-03-10,Houston,IFO380,340.22
736,2021-03-11,Singapore,VLSFO,497.44
737,2021-03-11,Singapore,LSMGO,634.24
738,2021-03-11,Singapore,IFO380,360.49
739,2021-03-11,Fujairah,VLSFO,494.39
740,2021-03-11,Fujairah,LSMGO,649.4
741,2021-03-11,Fujairah,IFO380,352.83
742,2021-03-11,Rotterdam,VLSFO,468.69
743,2021-03-11,Rotterdam,LSMGO,603.4
744,2021-03-11,Rotterdam,IFO380,339.15
745,2021-03-11,Visakhapatnam,VLSFO,536.53
746,2021-03-11,Visakhapatnam,LSMGO,749.01
747,2021-03-11,Visakhapatnam,IFO380,380.84
748,2021-03-11,Houston,VLSFO,458.85
749,2021-03-11,Houston,LSMGO,564.52
750,2021-03-11,Houston,IFO380,331.41
751,2021-03-12,Singapore,VLSFO,501.72
752,2021-03-12,Singapore,LSMGO,658.09
753,2021-03-12,Singapore,IFO380,366.78
754,2021-03-12,Fujairah,VLSFO,491.09
755,2021-03-12,Fujairah,LSMGO,652.13
756,2021-03-12,Fujairah,IFO380,350.7
757,2021-03-12,Rotterdam,VLSFO,474.05
758,2021-03-12,Rotterdam,LSMGO,599.61
759,2021-03-12,Rotterdam,IFO380,347.35
760,2021-03-12,Visakhapatnam,VLSFO,529.36
761,2021-03-12,Visakhapatnam,LSMGO,730.34
762,2021-03-12,Visakhapatnam,IFO380,382.44
763,2021-03-12,Houston,VLSFO,468.07
764,2021-03-12,Houston,LSMGO,576.73
765,2021-03-12,Houston,IFO380,336.47
766,2021-03-15,Singapore,VLSFO,505.69
767,2021-03-15,Singapore,LSMGO,641.48
768,2021-03-15,Singapore,IFO380,370.31
769,2021-03-15,Fujairah,VLSFO,484.41
770,2021-03-15,Fujairah,LSMGO,636.85
771,2021-03-15,Fujairah,IFO380,351.31
772,2021-03-15,Rotterdam,VLSFO,484.36
773,2021-03-15,Rotterdam,LSMGO,593.06
774,2021-03-15,Rotterdam,IFO380,353.7
775,2021-03-15,Visakhapatnam,VLSFO,525.58
776,2021-03-15,Visakhapatnam,LSMGO,724.52
777,2021-03-15,Visakhapatnam,IFO380,383.42
778,2021-03-15,Houston,VLSFO,472.57
779,2021-03-15,Houston,LSMGO,578.55
780,2021-03-15,Houston,IFO380,338.42
781,2021-03-16,Singapore,VLSFO,492.53
782,2021-03-16,Singapore,LSMGO,631.28
783,2021-03-16,Singapore,IFO380,354.57
784,2021-03-16,Fujairah,VLSFO,493.62
785,2021-03-16,Fujairah,LSMGO,659.62
786,2021-03-16,Fujairah,IFO380,350.86
787,2021-03-16,Rotterdam,VLSFO,476.82
788,2021-03-16,Rotterdam,LSMGO,594.54
789,2021-03-16,Rotterdam,IFO380,333.82
790,2021-03-16,Visakhapatnam,VLSFO,534.67
791,2021-03-16,Visakhapatnam,LSMGO,747.19
792,2021-03-16,Visakhapatnam,IFO380,383.95
793,2021-03-16,Houston,VLSFO,461.09
794,2021-03-16,Houston,LSMGO,561.49
795,2021-03-16,Houston,IFO380,331.01
796,2021-03-17,Singapore,VLSFO,497.33
797,2021-03-17,Singapore,LSMGO,642.96
798,2021-03-17,Singapore,IFO380,350.28
799,2021-03-17,Fujairah,VLSFO,496.55
800,2021-03-17,Fujairah,LSMGO,667.06
801,2021-03-17,Fujairah,IFO380,354.95
802,2021-03-17,Rotterdam,VLSFO,488.38
803,2021-03-17,Rotterdam,LSMGO,605.06
804,2021-03-17,Rotterdam,IFO380,349.27
805,2021-03-17,Visakhapatnam,VLSFO,538.27
806,2021-03-17,Visakhapatnam,LSMGO,748.47
807,2021-03-17,Visakhapatnam,IFO380,384.82
808,2021-03-17,Houston,VLSFO,466.9
809,2021-03-17,Houston,LSMGO,579.74
810,2021-03-17,Houston,IFO380,335.99
811,2021-03-18,Singapore,VLSFO,505.49
812,2021-03-18,Singapore,LSMGO,640.05
813,2021-03-18,Singapore,IFO380,370.49
814,2021-03-18,Fujairah,VLSFO,492.91
815,2021-03-18,Fujairah,LSMGO,649.54
816,2021-03-18,Fujairah,IFO380,357.97
817,2021-03-18,Rotterdam,VLSFO,472.61
818,2021-03-18,Rotterdam,LSMGO,602.57
819,2021-03-18,Rotterdam,IFO380,340.24
820,2021-03-18,Visakhapatnam,VLSFO,538.83
821,2021-03-18,Visakhapatnam,LSMGO,738.15
822,2021-03-18,Visakhapatnam,IFO380,381.35
823,2021-03-18,Houston,VLSFO,462.95
824,2021-03-18,Houston,LSMGO,567.05
825,2021-03-18,Houston,IFO380,335.04
826,2021-03-19,Singapore,VLSFO,503.94
827,2021-03-19,Singapore,LSMGO,646.23
828,2021-03-19,Singapore,IFO380,363.58
829,2021-03-19,Fujairah,VLSFO,496.26
830,2021-03-19,Fujairah,LSMGO,644.45
831,2021-03-19,Fujairah,IFO380,355.84
832,2021-03-19,Rotterdam,VLSFO,476.64
833,2021-03-19,Rotterdam,LSMGO,590.15
834,2021-03-19,Rotterdam,IFO380,336.4
835,2021-03-19,Visakhapatnam,VLSFO,529.48
836,2021-03-19,Visakhapatnam,LSMGO,727.61
837,2021-03-19,Visakhapatnam,IFO380,377.19
838,2021-03-19,Houston,VLSFO,468.33
839,2021-03-19,Houston,LSMGO,577.41
840,2021-03-19,Houston,IFO380,336.94
841,2021-03-22,Singapore,VLSFO,501.92
842,2021-03-22,Singapore,LSMGO,652.36
843,2021-03-22,Singapore,IFO380,363.99
844,2021-03-22,Fujairah,VLSFO,489.3
845,2021-03-22,Fujairah,LSMGO,644.61
846,2021-03-22,Fujairah,IFO380,347.88
847,2021-03-22,Rotterdam,VLSFO,480.37
848,2021-03-22,Rotterdam,LSMGO,608.06
849,2021-03-22,Rotterdam,IFO380,343.71
850,2021-03-22,Visakhapatnam,VLSFO,537.22
851,2021-03-22,Visakhapatnam,LSMGO,752.23
852,2021-03-22,Visakhapatnam,IFO380,385.78
853,2021-03-22,Houston,VLSFO,468.1
854,2021-03-22,Houston,LSMGO,576.91
855,2021-03-22,Houston,IFO380,332.38
856,2021-03-23,Singapore,VLSFO,500.82
857,2021-03-23,Singapore,LSMGO,639.83
858,2021-03-23,Singapore,IFO380,359.67
859,2021-03-23,Fujairah,VLSFO,495.44
860,2021-03-23,Fujairah,LSMGO,640.58
861,2021-03-23,Fujairah,IFO380,353.05
862,2021-03-23,Rotterdam,VLSFO,480.39
863,2021-03-23,Rotterdam,LSMGO,609.77
864,2021-03-23,Rotterdam,IFO380,342.09
865,2021-03-23,Visakhapatnam,VLSFO,538.59
866,2021-03-23,Visakhapatnam,LSMGO,745.19
867,2021-03-23,Visakhapatnam,IFO380,377.03
868,2021-03-23,Houston,VLSFO,475.42
869,2021-03-23,Houston,LSMGO,577.84
870,2021-03-23,Houston,IFO380,348.89
871,2021-03-24,Singapore,VLSFO,502.22
872,2021-03-24,Singapore,LSMGO,648.61
873,2021-03-24,Singapore,IFO380,362.59
874,2021-03-24,Fujairah,VLSFO,496.91
875,2021-03-24,Fujairah,LSMGO,662.12
876,2021-03-24,Fujairah,IFO380,363.62
877,2021-03-24,Rotterdam,VLSFO,491.54
878,2021-03-24,Rotterdam,LSMGO,631.54
879,2021-03-24,Rotterdam,IFO380,358.82
880,2021-03-24,Visakhapatnam,VLSFO,527.67
881,2021-03-24,Visakhapatnam,LSMGO,732.02
882,2021-03-24,Visakhapatnam,IFO380,386.18
883,2021-03-24,Houston,VLSFO,470.08
884,2021-03-24,Houston,LSMGO,565.25
885,2021-03-24,Houston,IFO380,340.51
886,2021-03-25,Singapore,VLSFO,518.29
887,2021-03-25,Singapore,LSMGO,663.98
888,2021-03-25,Singapore,IFO380,381.47
889,2021-03-25,Fujairah,VLSFO,491.17
890,2021-03-25,Fujairah,LSMGO,646.27
891,2021-03-25,Fujairah,IFO380,353.06
892,2021-03-25,Rotterdam,VLSFO,474.81
893,2021-03-25,Rotterdam,LSMGO,589.44
894,2021-03-25,Rotterdam,IFO380,342.7
895,2021-03-25,Visakhapatnam,VLSFO,535.94
896,2021-03-25,Visakhapatnam,LSMGO,737.16
897,2021-03-25,Visakhapatnam,IFO380,380.21
898,2021-03-25,Houston,VLSFO,473.09
899,2021-03-25,Houston,LSMGO,580.43
900,2021-03-25,Houston,IFO380,335.69
901,2021-03-26,Singapore,VLSFO,503.93
902,2021-03-26,Singapore,LSMGO,638.82
903,2021-03-26,Singapore,IFO380,368.73
904,2021-03-26,Fujairah,VLSFO,506.12
905,2021-03-26,Fujairah,LSMGO,666.94
906,2021-03-26,Fujairah,IFO380,368.02
907,2021-03-26,Rotterdam,VLSFO,483.58
908,2021-03-26,Rotterdam,LSMGO,603.03
909,2021-03-26,Rotterdam,IFO380,353.77
910,2021-03-26,Visakhapatnam,VLSFO,528.26
911,2021-03-26,Visakhapatnam,LSMGO,735.26
912,2021-03-26,Visakhapatnam,IFO380,385.8
913,2021-03-26,Houston,VLSFO,466.98
914,2021-03-26,Houston,LSMGO,569.2
915,2021-03-26,Houston,IFO380,338.56
916,2021-03-29,Singapore,VLSFO,501.2
917,2021-03-29,Singapore,LSMGO,633.29
918,2021-03-29,Singapore,IFO380,363.86
919,2021-03-29,Fujairah,VLSFO,485.19
920,2021-03-29,Fujairah,LSMGO,632.62
921,2021-03-29,Fujairah,IFO380,349.59
922,2021-03-29,Rotterdam,VLSFO,478.26
923,2021-03-29,Rotterdam,LSMGO,598.08
924,2021-03-29,Rotterdam,IFO380,347.38
925,2021-03-29,Visakhapatnam,VLSFO,543.59
926,2021-03-29,Visakhapatnam,LSMGO,756.16
927,2021-03-29,Visakhapatnam,IFO380,392.77
928,2021-03-29,Houston,VLSFO,473.68
929,2021-03-29,Houston,LSMGO,587.53
930,2021-03-29,Houston,IFO380,338.77
931,2021-03-30,Singapore,VLSFO,512.35
932,2021-03-30,Singapore,LSMGO,660.33
933,2021-03-30,Singapore,IFO380,372.09
934,2021-03-30,Fujairah,VLSFO,499.79
935,2021-03-30,Fujairah,LSMGO,636.78
936,2021-03-30,Fujairah,IFO380,359.89
937,2021-03-30,Rotterdam,VLSFO,476.7
938,2021-03-30,Rotterdam,LSMGO,589.08
939,2021-03-30,Rotterdam,IFO380,336.76
940,2021-03-30,Visakhapatnam,VLSFO,535.1
941,2021-03-30,Visakhapatnam,LSMGO,737.52
942,2021-03-30,Visakhapatnam,IFO380,388.63
943,2021-03-30,Houston,VLSFO,475.14
944,2021-03-30,Houston,LSMGO,591.91
945,2021-03-30,Houston,IFO380,347.01
946,2021-03-31,Singapore,VLSFO,497.67
947,2021-03-31,Singapore,LSMGO,649.19
948,2021-03-31,Singapore,IFO380,365.06
949,2021-03-31,Fujairah,VLSFO,496.23
950,2021-03-31,Fujairah,LSMGO,664.58
951,2021-03-31,Fujairah,IFO380,362.18
952,2021-03-31,Rotterdam,VLSFO,476.82
953,2021-03-31,Rotterdam,LSMGO,588.99
954,2021-03-31,Rotterdam,IFO380,347.47
955,2021-03-31,Visakhapatnam,VLSFO,538.6
956,2021-03-31,Visakhapatnam,LSMGO,746.51
957,2021-03-31,Visakhapatnam,IFO380,389.01
958,2021-03-31,Houston,VLSFO,465.29
959,2021-03-31,Houston,LSMGO,565.5
960,2021-03-31,Houston,IFO380,330.38
961,2021-04-01,Singapore,VLSFO,501.3
962,2021-04-01,Singapore,LSMGO,655.31
963,2021-04-01,Singapore,IFO380,359.43
964,2021-04-01,Fujairah,VLSFO,508.75
965,2021-04-01,Fujairah,LSMGO,651.92
966,2021-04-01,Fujairah,IFO380,366.24
967,2021-04-01,Rotterdam,VLSFO,486.33
968,2021-04-01,Rotterdam,LSMGO,601.0
969,2021-04-01,Rotterdam,IFO380,346.49
970,2021-04-01,Visakhapatnam,VLSFO,537.51
971,2021-04-01,Visakhapatnam,LSMGO,734.95
972,2021-04-01,Visakhapatnam,IFO380,382.7
973,2021-04-01,Houston,VLSFO,468.48
974,2021-04-01,Houston,LSMGO,566.35
975,2021-04-01,Houston,IFO380,346.53
976,2021-04-02,Singapore,VLSFO,503.9
977,2021-04-02,Singapore,LSMGO,657.02
978,2021-04-02,Singapore,IFO380,360.14
979,2021-04-02,Fujairah,VLSFO,500.19
980,2021-04-02,Fujairah,LSMGO,655.63
981,2021-04-02,Fujairah,IFO380,357.41
982,2021-04-02,Rotterdam,VLSFO,484.57
983,2021-04-02,Rotterdam,LSMGO,603.68
984,2021-04-02,Rotterdam,IFO380,346.25
985,2021-04-02,Visakhapatnam,VLSFO,536.91
986,2021-04-02,Visakhapatnam,LSMGO,733.52
987,2021-04-02,Visakhapatnam,IFO380,384.78
988,2021-04-02,Houston,VLSFO,461.56
989,2021-04-02,Houston,LSMGO,557.02
990,2021-04-02,Houston,IFO380,333.7
991,2021-04-05,Singapore,VLSFO,512.01
992,2021-04-05,Singapore,LSMGO,650.37
993,2021-04-05,Singapore,IFO380,369.04
994,2021-04-05,Fujairah,VLSFO,499.07
995,2021-04-05,Fujairah,LSMGO,643.96
996,2021-04-05,Fujairah,IFO380,356.79
997,2021-04-05,Rotterdam,VLSFO,489.04
998,2021-04-05,Rotterdam,LSMGO,625.07
999,2021-04-05,Rotterdam,IFO380,345.49
1000,2021-04-05,Visakhapatnam,VLSFO,525.3
1001,2021-04-05,Visakhapatnam,LSMGO,737.47
1002,2021-04-05,Visakhapatnam,IFO380,373.83
1003,2021-04-05,Houston,VLSFO,478.42
1004,2021-04-05,Houston,LSMGO,583.14
1005,2021-04-05,Houston,IFO380,346.09
1006,2021-04-06,Singapore,VLSFO,511.28
1007,2021-04-06,Singapore,LSMGO,658.22
1008,2021-04-06,Singapore,IFO380,365.65
1009,2021-04-06,Fujairah,VLSFO,491.23
1010,2021-04-06,Fujairah,LSMGO,645.72
1011,2021-04-06,Fujairah,IFO380,352.8
1012,2021-04-06,Rotterdam,VLSFO,485.95
1013,2021-04-06,Rotterdam,LSMGO,614.96
1014,2021-04-06,Rotterdam,IFO380,348.22
1015,2021-04-06,Visakhapatnam,VLSFO,536.79
1016,2021-04-06,Visakhapatnam,LSMGO,744.87
1017,2021-04-06,Visakhapatnam,IFO380,381.55
1018,2021-04-06,Houston,VLSFO,477.84
1019,2021-04-06,Houston,LSMGO,598.29
1020,2021-04-06,Houston,IFO380,344.77
1021,2021-04-07,Singapore,VLSFO,509.24
1022,2021-04-07,Singapore,LSMGO,657.92
1023,2021-04-07,Singapore,IFO380,363.52
1024,2021-04-07,Fujairah,VLSFO,493.33
1025,2021-04-07,Fujairah,LSMGO,635.34
1026,2021-04-07,Fujairah,IFO380,353.05
1027,2021-04-07,Rotterdam,VLSFO,484.55
1028,2021-04-07,Rotterdam,LSMGO,593.46
1029,2021-04-07,Rotterdam,IFO380,345.98
1030,2021-04-07,Visakhapatnam,VLSFO,542.55
1031,2021-04-07,Visakhapatnam,LSMGO,744.1
1032,2021-04-07,Visakhapatnam,IFO380,392.99
1033,2021-04-07,Houston,VLSFO,470.32
1034,2021-04-07,Houston,LSMGO,574.86
1035,2021-04-07,Houston,IFO380,345.54
1036,2021-04-08,Singapore,VLSFO,516.19
1037,2021-04-08,Singapore,LSMGO,656.73
1038,2021-04-08,Singapore,IFO380,368.11
1039,2021-04-08,Fujairah,VLSFO,494.68
1040,2021-04-08,Fujairah,LSMGO,640.73
1041,2021-04-08,Fujairah,IFO380,353.44
1042,2021-04-08,Rotterdam,VLSFO,482.91
1043,2021-04-08,Rotterdam,LSMGO,598.09
1044,2021-04-08,Rotterdam,IFO380,344.42
1045,2021-04-08,Visakhapatnam,VLSFO,542.22
1046,2021-04-08,Visakhapatnam,LSMGO,750.09
1047,2021-04-08,Visakhapatnam,IFO380,385.15
1048,2021-04-08,Houston,VLSFO,472.55
1049,2021-04-08,Houston,LSMGO,577.11
1050,2021-04-08,Houston,IFO380,339.15
1051,2021-04-09,Singapore,VLSFO,507.57
1052,2021-04-09,Singapore,LSMGO,636.29
1053,2021-04-09,Singapore,IFO380,354.79
1054,2021-04-09,Fujairah,VLSFO,500.28
1055,2021-04-09,Fujairah,LSMGO,641.36
1056,2021-04-09,Fujairah,IFO380,359.99
1057,2021-04-09,Rotterdam,VLSFO,480.68
1058,2021-04-09,Rotterdam,LSMGO,613.54
1059,2021-04-09,Rotterdam,IFO380,349.63
1060,2021-04-09,Visakhapatnam,VLSFO,538.15
1061,2021-04-09,Visakhapatnam,LSMGO,744.58
1062,2021-04-09,Visakhapatnam,IFO380,390.03
1063,2021-04-09,Houston,VLSFO,463.69
1064,2021-04-09,Houston,LSMGO,565.95
1065,2021-04-09,Houston,IFO380,323.99
1066,2021-04-12,Singapore,VLSFO,511.58
1067,2021-04-12,Singapore,LSMGO,666.66
1068,2021-04-12,Singapore,IFO380,364.67
1069,2021-04-12,Fujairah,VLSFO,509.17
1070,2021-04-12,Fujairah,LSMGO,665.66
1071,2021-04-12,Fujairah,IFO380,367.6
1072,2021-04-12,Rotterdam,VLSFO,490.57
1073,2021-04-12,Rotterdam,LSMGO,616.6
1074,2021-04-12,Rotterdam,IFO380,351.35
1075,2021-04-12,Visakhapatnam,VLSFO,543.18
1076,2021-04-12,Visakhapatnam,LSMGO,755.02
1077,2021-04-12,Visakhapatnam,IFO380,388.21
1078,2021-04-12,Houston,VLSFO,464.11
1079,2021-04-12,Houston,LSMGO,559.46
1080,2021-04-12,Houston,IFO380,330.06
1081,2021-04-13,Singapore,VLSFO,512.51
1082,2021-04-13,Singapore,LSMGO,649.72
1083,2021-04-13,Singapore,IFO380,377.52
1084,2021-04-13,Fujairah,VLSFO,496.59
1085,2021-04-13,Fujairah,LSMGO,652.03
1086,2021-04-13,Fujairah,IFO380,358.95
1087,2021-04-13,Rotterdam,VLSFO,488.5
1088,2021-04-13,Rotterdam,LSMGO,607.99
1089,2021-04-13,Rotterdam,IFO380,352.45
1090,2021-04-13,Visakhapatnam,VLSFO,544.65
1091,2021-04-13,Visakhapatnam,LSMGO,741.35
1092,2021-04-13,Visakhapatnam,IFO380,388.34
1093,2021-04-13,Houston,VLSFO,479.47
1094,2021-04-13,Houston,LSMGO,584.86
1095,2021-04-13,Houston,IFO380,343.43
1096,2021-04-14,Singapore,VLSFO,512.73
1097,2021-04-14,Singapore,LSMGO,648.67
1098,2021-04-14,Singapore,IFO380,369.81
1099,2021-04-14,Fujairah,VLSFO,512.29
1100,2021-04-14,Fujairah,LSMGO,668.75
1101,2021-04-14,Fujairah,IFO380,362.54
1102,2021-04-14,Rotterdam,VLSFO,475.59
1103,2021-04-14,Rotterdam,LSMGO,594.2
1104,2021-04-14,Rotterdam,IFO380,340.62
1105,2021-04-14,Visakhapatnam,VLSFO,537.1
1106,2021-04-14,Visakhapatnam,LSMGO,743.06
1107,2021-04-14,Visakhapatnam,IFO380,386.01
1108,2021-04-14,Houston,VLSFO,476.79
1109,2021-04-14,Houston,LSMGO,573.17
1110,2021-04-14,Houston,IFO380,344.84
1111,2021-04-15,Singapore,VLSFO,512.85
1112,2021-04-15,Singapore,LSMGO,671.84
1113,2021-04-15,Singapore,IFO380,368.22
1114,2021-04-15,Fujairah,VLSFO,500.52
1115,2021-04-15,Fujairah,LSMGO,646.83
1116,2021-04-15,Fujairah,IFO380,367.87
1117,2021-04-15,Rotterdam,VLSFO,488.39
1118,2021-04-15,Rotterdam,LSMGO,602.03
1119,2021-04-15,Rotterdam,IFO380,352.83
1120,2021-04-15,Visakhapatnam,VLSFO,552.24
1121,2021-04-15,Visakhapatnam,LSMGO,756.75
1122,2021-04-15,Visakhapatnam,IFO380,400.57
1123,2021-04-15,Houston,VLSFO,466.87
1124,2021-04-15,Houston,LSMGO,570.51
1125,2021-04-15,Houston,IFO380,340.04
1126,2021-04-16,Singapore,VLSFO,511.25
1127,2021-04-16,Singapore,LSMGO,663.41
1128,2021-04-16,Singapore,IFO380,363.01
1129,2021-04-16,Fujairah,VLSFO,502.23
1130,2021-04-16,Fujairah,LSMGO,641.97
1131,2021-04-16,Fujairah,IFO380,367.2
1132,2021-04-16,Rotterdam,VLSFO,488.73
1133,2021-04-16,Rotterdam,LSMGO,613.57
1134,2021-04-16,Rotterdam,IFO380,355.12
1135,2021-04-16,Visakhapatnam,VLSFO,547.26
1136,2021-04-16,Visakhapatnam,LSMGO,759.34
1137,2021-04-16,Visakhapatnam,IFO380,401.42
1138,2021-04-16,Houston,VLSFO,476.18
1139,2021-04-16,Houston,LSMGO,591.53
1140,2021-04-16,Houston,IFO380,337.34
1141,2021-04-19,Singapore,VLSFO,516.63
1142,2021-04-19,Singapore,LSMGO,654.21
1143,2021-04-19,Singapore,IFO380,371.03
1144,2021-04-19,Fujairah,VLSFO,509.17
1145,2021-04-19,Fujairah,LSMGO,663.78
1146,2021-04-19,Fujairah,IFO380,363.07
1147,2021-04-19,Rotterdam,VLSFO,487.4
1148,2021-04-19,Rotterdam,LSMGO,600.21
1149,2021-04-19,Rotterdam,IFO380,351.98
1150,2021-04-19,Visakhapatnam,VLSFO,550.81
1151,2021-04-19,Visakhapatnam,LSMGO,770.03
1152,2021-04-19,Visakhapatnam,IFO380,407.57
1153,2021-04-19,Houston,VLSFO,480.54
1154,2021-04-19,Houston,LSMGO,587.88
1155,2021-04-19,Houston,IFO380,351.2
1156,2021-04-20,Singapore,VLSFO,517.88
1157,2021-04-20,Singapore,LSMGO,670.71
1158,2021-04-20,Singapore,IFO380,378.69
1159,2021-04-20,Fujairah,VLSFO,510.09
1160,2021-04-20,Fujairah,LSMGO,670.65
1161,2021-04-20,Fujairah,IFO380,369.87
1162,2021-04-20,Rotterdam,VLSFO,485.5
1163,2021-04-20,Rotterdam,LSMGO,619.38
1164,2021-04-20,Rotterdam,IFO380,344.59
1165,2021-04-20,Visakhapatnam,VLSFO,543.46
1166,2021-04-20,Visakhapatnam,LSMGO,759.86
1167,2021-04-20,Visakhapatnam,IFO380,392.37
1168,2021-04-20,Houston,VLSFO,470.6
1169,2021-04-20,Houston,LSMGO,572.19
1170,2021-04-20,Houston,IFO380,340.37
1171,2021-04-21,Singapore,VLSFO,509.08
1172,2021-04-21,Singapore,LSMGO,654.99
1173,2021-04-21,Singapore,IFO380,366.81
1174,2021-04-21,Fujairah,VLSFO,502.85
1175,2021-04-21,Fujairah,LSMGO,665.95
1176,2021-04-21,Fujairah,IFO380,361.86
1177,2021-04-21,Rotterdam,VLSFO,483.49
1178,2021-04-21,Rotterdam,LSMGO,614.5
1179,2021-04-21,Rotterdam,IFO380,341.08
1180,2021-04-21,Visakhapatnam,VLSFO,547.62
1181,2021-04-21,Visakhapatnam,LSMGO,758.57
1182,2021-04-21,Visakhapatnam,IFO380,394.12
1183,2021-04-21,Houston,VLSFO,476.37
1184,2021-04-21,Houston,LSMGO,585.56
1185,2021-04-21,Houston,IFO380,341.97
1186,2021-04-22,Singapore,VLSFO,509.54
1187,2021-04-22,Singapore,LSMGO,665.41
1188,2021-04-22,Singapore,IFO380,368.9
1189,2021-04-22,Fujairah,VLSFO,503.52
1190,2021-04-22,Fujairah,LSMGO,655.7
1191,2021-04-22,Fujairah,IFO380,363.59
1192,2021-04-22,Rotterdam,VLSFO,476.63
1193,2021-04-22,Rotterdam,LSMGO,594.97
1194,2021-04-22,Rotterdam,IFO380,338.91
1195,2021-04-22,Visakhapatnam,VLSFO,539.17
1196,2021-04-22,Visakhapatnam,LSMGO,752.24
1197,2021-04-22,Visakhapatnam,IFO380,386.78
1198,2021-04-22,Houston,VLSFO,476.92
1199,2021-04-22,Houston,LSMGO,591.68
1200,2021-04-22,Houston,IFO380,340.73
1201,2021-04-23,Singapore,VLSFO,510.79
1202,2021-04-23,Singapore,LSMGO,649.17
1203,2021-04-23,Singapore,IFO380,370.46
1204,2021-04-23,Fujairah,VLSFO,506.99
1205,2021-04-23,Fujairah,LSMGO,665.26
1206,2021-04-23,Fujairah,IFO380,368.09
1207,2021-04-23,Rotterdam,VLSFO,480.92
1208,2021-04-23,Rotterdam,LSMGO,608.95
1209,2021-04-23,Rotterdam,IFO380,343.25
1210,2021-04-23,Visakhapatnam,VLSFO,548.06
1211,2021-04-23,Visakhapatnam,LSMGO,760.71
1212,2021-04-23,Visakhapatnam,IFO380,395.68
1213,2021-04-23,Houston,VLSFO,479.59
1214,2021-04-23,Houston,LSMGO,600.7
1215,2021-04-23,Houston,IFO380,349.6
1216,2021-04-26,Singapore,VLSFO,515.07
1217,2021-04-26,Singapore,LSMGO,656.13
1218,2021-04-26,Singapore,IFO380,373.19
1219,2021-04-26,Fujairah,VLSFO,495.69
1220,2021-04-26,Fujairah,LSMGO,660.53
1221,2021-04-26,Fujairah,IFO380,362.15
1222,2021-04-26,Rotterdam,VLSFO,493.87
1223,2021-04-26,Rotterdam,LSMGO,628.49
1224,2021-04-26,Rotterdam,IFO380,350.31
1225,2021-04-26,Visakhapatnam,VLSFO,544.05
1226,2021-04-26,Visakhapatnam,LSMGO,761.46
1227,2021-04-26,Visakhapatnam,IFO380,389.86
1228,2021-04-26,Houston,VLSFO,488.55
1229,2021-04-26,Houston,LSMGO,612.13
1230,2021-04-26,Houston,IFO380,352.09
1231,2021-04-27,Singapore,VLSFO,509.6
1232,2021-04-27,Singapore,LSMGO,656.39
1233,2021-04-27,Singapore,IFO380,365.76
1234,2021-04-27,Fujairah,VLSFO,512.4
1235,2021-04-27,Fujairah,LSMGO,658.96
1236,2021-04-27,Fujairah,IFO380,370.2
1237,2021-04-27,Rotterdam,VLSFO,485.16
1238,2021-04-27,Rotterdam,LSMGO,617.27
1239,2021-04-27,Rotterdam,IFO380,345.67
1240,2021-04-27,Visakhapatnam,VLSFO,551.46
1241,2021-04-27,Visakhapatnam,LSMGO,769.24
1242,2021-04-27,Visakhapatnam,IFO380,391.61
1243,2021-04-27,Houston,VLSFO,481.29
1244,2021-04-27,Houston,LSMGO,603.58
1245,2021-04-27,Houston,IFO380,347.1
1246,2021-04-28,Singapore,VLSFO,515.81
1247,2021-04-28,Singapore,LSMGO,660.36
1248,2021-04-28,Singapore,IFO380,376.31
1249,2021-04-28,Fujairah,VLSFO,510.6
1250,2021-04-28,Fujairah,LSMGO,661.71
1251,2021-04-28,Fujairah,IFO380,380.45
1252,2021-04-28,Rotterdam,VLSFO,489.48
1253,2021-04-28,Rotterdam,LSMGO,615.27
1254,2021-04-28,Rotterdam,IFO380,352.44
1255,2021-04-28,Visakhapatnam,VLSFO,543.14
1256,2021-04-28,Visakhapatnam,LSMGO,762.4
1257,2021-04-28,Visakhapatnam,IFO380,396.28
1258,2021-04-28,Houston,VLSFO,476.61
1259,2021-04-28,Houston,LSMGO,585.13
1260,2021-04-28,Houston,IFO380,346.26
1261,2021-04-29,Singapore,VLSFO,523.3
1262,2021-04-29,Singapore,LSMGO,673.35
1263,2021-04-29,Singapore,IFO380,376.86
1264,2021-04-29,Fujairah,VLSFO,503.39
1265,2021-04-29,Fujairah,LSMGO,652.42
1266,2021-04-29,Fujairah,IFO380,370.27
1267,2021-04-29,Rotterdam,VLSFO,500.4
1268,2021-04-29,Rotterdam,LSMGO,635.89
1269,2021-04-29,Rotterdam,IFO380,362.04
1270,2021-04-29,Visakhapatnam,VLSFO,545.67
1271,2021-04-29,Visakhapatnam,LSMGO,758.17
1272,2021-04-29,Visakhapatnam,IFO380,389.87
1273,2021-04-29,Houston,VLSFO,480.53
1274,2021-04-29,Houston,LSMGO,589.44
1275,2021-04-29,Houston,IFO380,347.41
1276,2021-04-30,Singapore,VLSFO,514.49
1277,2021-04-30,Singapore,LSMGO,661.49
1278,2021-04-30,Singapore,IFO380,371.9
1279,2021-04-30,Fujairah,VLSFO,511.4
1280,2021-04-30,Fujairah,LSMGO,666.36
1281,2021-04-30,Fujairah,IFO380,368.06
1282,2021-04-30,Rotterdam,VLSFO,492.82
1283,2021-04-30,Rotterdam,LSMGO,614.1
1284,2021-04-30,Rotterdam,IFO380,353.19
1285,2021-04-30,Visakhapatnam,VLSFO,552.53
1286,2021-04-30,Visakhapatnam,LSMGO,766.05
1287,2021-04-30,Visakhapatnam,IFO380,403.87
1288,2021-04-30,Houston,VLSFO,479.44
1289,2021-04-30,Houston,LSMGO,586.08
1290,2021-04-30,Houston,IFO380,339.19
1291,2021-05-03,Singapore,VLSFO,511.77
1292,2021-05-03,Singapore,LSMGO,648.24
1293,2021-05-03,Singapore,IFO380,363.74
1294,2021-05-03,Fujairah,VLSFO,511.46
1295,2021-05-03,Fujairah,LSMGO,666.42
1296,2021-05-03,Fujairah,IFO380,365.76
1297,2021-05-03,Rotterdam,VLSFO,492.76
1298,2021-05-03,Rotterdam,LSMGO,612.26
1299,2021-05-03,Rotterdam,IFO380,358.55
1300,2021-05-03,Visakhapatnam,VLSFO,546.75
1301,2021-05-03,Visakhapatnam,LSMGO,759.12
1302,2021-05-03,Visakhapatnam,IFO380,388.31
1303,2021-05-03,Houston,VLSFO,480.72
1304,2021-05-03,Houston,LSMGO,603.8
1305,2021-05-03,Houston,IFO380,345.53
1306,2021-05-04,Singapore,VLSFO,511.41
1307,2021-05-04,Singapore,LSMGO,651.86
1308,2021-05-04,Singapore,IFO380,367.21
1309,2021-05-04,Fujairah,VLSFO,505.49
1310,2021-05-04,Fujairah,LSMGO,653.51
1311,2021-05-04,Fujairah,IFO380,357.79
1312,2021-05-04,Rotterdam,VLSFO,496.77
1313,2021-05-04,Rotterdam,LSMGO,626.11
1314,2021-05-04,Rotterdam,IFO380,359.77
1315,2021-05-04,Visakhapatnam,VLSFO,536.49
1316,2021-05-04,Visakhapatnam,LSMGO,757.36
1317,2021-05-04,Visakhapatnam,IFO380,387.88
1318,2021-05-04,Houston,VLSFO,478.13
1319,2021-05-04,Houston,LSMGO,580.77
1320,2021-05-04,Houston,IFO380,341.74
1321,2021-05-05,Singapore,VLSFO,518.7
1322,2021-05-05,Singapore,LSMGO,652.67
1323,2021-05-05,Singapore,IFO380,374.65
1324,2021-05-05,Fujairah,VLSFO,509.4
1325,2021-05-05,Fujairah,LSMGO,666.44
1326,2021-05-05,Fujairah,IFO380,367.39
1327,2021-05-05,Rotterdam,VLSFO,491.1
1328,2021-05-05,Rotterdam,LSMGO,632.4
1329,2021-05-05,Rotterdam,IFO380,358.92
1330,2021-05-05,Visakhapatnam,VLSFO,546.65
1331,2021-05-05,Visakhapatnam,LSMGO,749.95
1332,2021-05-05,Visakhapatnam,IFO380,396.81
1333,2021-05-05,Houston,VLSFO,483.11
1334,2021-05-05,Houston,LSMGO,598.34
1335,2021-05-05,Houston,IFO380,350.26
1336,2021-05-06,Singapore,VLSFO,523.22
1337,2021-05-06,Singapore,LSMGO,677.49
1338,2021-05-06,Singapore,IFO380,369.98
1339,2021-05-06,Fujairah,VLSFO,509.55
1340,2021-05-06,Fujairah,LSMGO,679.53
1341,2021-05-06,Fujairah,IFO380,368.25
1342,2021-05-06,Rotterdam,VLSFO,491.29
1343,2021-05-06,Rotterdam,LSMGO,611.3
1344,2021-05-06,Rotterdam,IFO380,352.67
1345,2021-05-06,Visakhapatnam,VLSFO,548.92
1346,2021-05-06,Visakhapatnam,LSMGO,766.68
1347,2021-05-06,Visakhapatnam,IFO380,390.2
1348,2021-05-06,Houston,VLSFO,482.66
1349,2021-05-06,Houston,LSMGO,593.48
1350,2021-05-06,Houston,IFO380,344.01
1351,2021-05-07,Singapore,VLSFO,523.57
1352,2021-05-07,Singapore,LSMGO,669.7
1353,2021-05-07,Singapore,IFO380,375.93
1354,2021-05-07,Fujairah,VLSFO,506.31
1355,2021-05-07,Fujairah,LSMGO,661.42
1356,2021-05-07,Fujairah,IFO380,364.3
1357,2021-05-07,Rotterdam,VLSFO,490.89
1358,2021-05-07,Rotterdam,LSMGO,612.96
1359,2021-05-07,Rotterdam,IFO380,343.26
1360,2021-05-07,Visakhapatnam,VLSFO,551.13
1361,2021-05-07,Visakhapatnam,LSMGO,764.3
1362,2021-05-07,Visakhapatnam,IFO380,397.91
1363,2021-05-07,Houston,VLSFO,486.39
1364,2021-05-07,Houston,LSMGO,597.81
1365,2021-05-07,Houston,IFO380,355.85
1366,2021-05-10,Singapore,VLSFO,511.91
1367,2021-05-10,Singapore,LSMGO,660.18
1368,2021-05-10,Singapore,IFO380,366.89
1369,2021-05-10,Fujairah,VLSFO,508.38
1370,2021-05-10,Fujairah,LSMGO,664.89
1371,2021-05-10,Fujairah,IFO380,366.0
1372,2021-05-10,Rotterdam,VLSFO,499.97
1373,2021-05-10,Rotterdam,LSMGO,625.98
1374,2021-05-10,Rotterdam,IFO380,368.1
1375,2021-05-10,Visakhapatnam,VLSFO,557.06
1376,2021-05-10,Visakhapatnam,LSMGO,761.3
1377,2021-05-10,Visakhapatnam,IFO380,404.9
1378,2021-05-10,Houston,VLSFO,490.27
1379,2021-05-10,Houston,LSMGO,594.56
1380,2021-05-10,Houston,IFO380,349.77
1381,2021-05-11,Singapore,VLSFO,523.8
1382,2021-05-11,Singapore,LSMGO,678.33
1383,2021-05-11,Singapore,IFO380,377.21
1384,2021-05-11,Fujairah,VLSFO,496.8
1385,2021-05-11,Fujairah,LSMGO,661.53
1386,2021-05-11,Fujairah,IFO380,356.64
1387,2021-05-11,Rotterdam,VLSFO,487.63
1388,2021-05-11,Rotterdam,LSMGO,614.31
1389,2021-05-11,Rotterdam,IFO380,347.51
1390,2021-05-11,Visakhapatnam,VLSFO,549.02
1391,2021-05-11,Visakhapatnam,LSMGO,753.72
1392,2021-05-11,Visakhapatnam,IFO380,388.72
1393,2021-05-11,Houston,VLSFO,480.89
1394,2021-05-11,Houston,LSMGO,584.03
1395,2021-05-11,Houston,IFO380,348.69
1396,2021-05-12,Singapore,VLSFO,518.4
1397,2021-05-12,Singapore,LSMGO,658.64
1398,2021-05-12,Singapore,IFO380,369.53
1399,2021-05-12,Fujairah,VLSFO,513.22
1400,2021-05-12,Fujairah,LSMGO,668.06
1401,2021-05-12,Fujairah,IFO380,373.42
1402,2021-05-12,Rotterdam,VLSFO,492.62
1403,2021-05-12,Rotterdam,LSMGO,622.0
1404,2021-05-12,Rotterdam,IFO380,351.97
1405,2021-05-12,Visakhapatnam,VLSFO,553.38
1406,2021-05-12,Visakhapatnam,LSMGO,764.46
1407,2021-05-12,Visakhapatnam,IFO380,397.87
1408,2021-05-12,Houston,VLSFO,485.47
1409,2021-05-12,Houston,LSMGO,597.83
1410,2021-05-12,Houston,IFO380,346.96
1411,2021-05-13,Singapore,VLSFO,514.54
1412,2021-05-13,Singapore,LSMGO,654.07
1413,2021-05-13,Singapore,IFO380,367.01
1414,2021-05-13,Fujairah,VLSFO,512.15
1415,2021-05-13,Fujairah,LSMGO,663.25
1416,2021-05-13,Fujairah,IFO380,374.12
1417,2021-05-13,Rotterdam,VLSFO,496.33
1418,2021-05-13,Rotterdam,LSMGO,624.32
1419,2021-05-13,Rotterdam,IFO380,356.49
1420,2021-05-13,Visakhapatnam,VLSFO,554.5
1421,2021-05-13,Visakhapatnam,LSMGO,770.15
1422,2021-05-13,Visakhapatnam,IFO380,402.25
1423,2021-05-13,Houston,VLSFO,485.77
1424,2021-05-13,Houston,LSMGO,598.62
1425,2021-05-13,Houston,IFO380,348.18
1426,2021-05-14,Singapore,VLSFO,515.76
1427,2021-05-14,Singapore,LSMGO,668.09
1428,2021-05-14,Singapore,IFO380,377.24
1429,2021-05-14,Fujairah,VLSFO,513.58
1430,2021-05-14,Fujairah,LSMGO,665.61
1431,2021-05-14,Fujairah,IFO380,365.58
1432,2021-05-14,Rotterdam,VLSFO,485.64
1433,2021-05-14,Rotterdam,LSMGO,617.38
1434,2021-05-14,Rotterdam,IFO380,353.02
1435,2021-05-14,Visakhapatnam,VLSFO,547.52
1436,2021-05-14,Visakhapatnam,LSMGO,757.65
1437,2021-05-14,Visakhapatnam,IFO380,398.08
1438,2021-05-14,Houston,VLSFO,484.79
1439,2021-05-14,Houston,LSMGO,607.03
1440,2021-05-14,Houston,IFO380,351.2
1441,2021-05-17,Singapore,VLSFO,514.89
1442,2021-05-17,Singapore,LSMGO,661.54
1443,2021-05-17,Singapore,IFO380,370.02
1444,2021-05-17,Fujairah,VLSFO,509.74
1445,2021-05-17,Fujairah,LSMGO,658.34
1446,2021-05-17,Fujairah,IFO380,364.21
1447,2021-05-17,Rotterdam,VLSFO,497.59
1448,2021-05-17,Rotterdam,LSMGO,628.5
1449,2021-05-17,Rotterdam,IFO380,356.36
1450,2021-05-17,Visakhapatnam,VLSFO,557.09
1451,2021-05-17,Visakhapatnam,LSMGO,767.02
1452,2021-05-17,Visakhapatnam,IFO380,400.61
1453,2021-05-17,Houston,VLSFO,478.98
1454,2021-05-17,Houston,LSMGO,583.84
1455,2021-05-17,Houston,IFO380,343.31
1456,2021-05-18,Singapore,VLSFO,521.11
1457,2021-05-18,Singapore,LSMGO,662.68
1458,2021-05-18,Singapore,IFO380,373.65
1459,2021-05-18,Fujairah,VLSFO,506.7
1460,2021-05-18,Fujairah,LSMGO,667.64
1461,2021-05-18,Fujairah,IFO380,366.81
1462,2021-05-18,Rotterdam,VLSFO,499.21
1463,2021-05-18,Rotterdam,LSMGO,624.22
1464,2021-05-18,Rotterdam,IFO380,359.37
1465,2021-05-18,Visakhapatnam,VLSFO,546.2
1466,2021-05-18,Visakhapatnam,LSMGO,752.78
1467,2021-05-18,Visakhapatnam,IFO380,393.61
1468,2021-05-18,Houston,VLSFO,479.93
1469,2021-05-18,Houston,LSMGO,586.22
1470,2021-05-18,Houston,IFO380,346.64
1471,2021-05-19,Singapore,VLSFO,530.29
1472,2021-05-19,Singapore,LSMGO,679.97
1473,2021-05-19,Singapore,IFO380,382.33
1474,2021-05-19,Fujairah,VLSFO,513.02
1475,2021-05-19,Fujairah,LSMGO,670.69
1476,2021-05-19,Fujairah,IFO380,368.4
1477,2021-05-19,Rotterdam,VLSFO,490.53
1478,2021-05-19,Rotterdam,LSMGO,616.2
1479,2021-05-19,Rotterdam,IFO380,354.84
1480,2021-05-19,Visakhapatnam,VLSFO,557.31
1481,2021-05-19,Visakhapatnam,LSMGO,760.51
1482,2021-05-19,Visakhapatnam,IFO380,396.33
1483,2021-05-19,Houston,VLSFO,489.37
1484,2021-05-19,Houston,LSMGO,601.65
1485,2021-05-19,Houston,IFO380,351.77
1486,2021-05-20,Singapore,VLSFO,524.33
1487,2021-05-20,Singapore,LSMGO,668.16
1488,2021-05-20,Singapore,IFO380,375.85
1489,2021-05-20,Fujairah,VLSFO,510.39
1490,2021-05-20,Fujairah,LSMGO,667.95
1491,2021-05-20,Fujairah,IFO380,368.94
1492,2021-05-20,Rotterdam,VLSFO,497.27
1493,2021-05-20,Rotterdam,LSMGO,625.22
1494,2021-05-20,Rotterdam,IFO380,357.94
1495,2021-05-20,Visakhapatnam,VLSFO,555.47
1496,2021-05-20,Visakhapatnam,LSMGO,774.52
1497,2021-05-20,Visakhapatnam,IFO380,394.09
1498,2021-05-20,Houston,VLSFO,491.01
1499,2021-05-20,Houston,LSMGO,594.21
1500,2021-05-20,Houston,IFO380,349.68
1501,2021-05-21,Singapore,VLSFO,523.4
1502,2021-05-21,Singapore,LSMGO,677.92
1503,2021-05-21,Singapore,IFO380,381.06
1504,2021-05-21,Fujairah,VLSFO,515.97
1505,2021-05-21,Fujairah,LSMGO,681.97
1506,2021-05-21,Fujairah,IFO380,371.74
1507,2021-05-21,Rotterdam,VLSFO,485.94
1508,2021-05-21,Rotterdam,LSMGO,613.91
1509,2021-05-21,Rotterdam,IFO380,350.23
1510,2021-05-21,Visakhapatnam,VLSFO,553.25
1511,2021-05-21,Visakhapatnam,LSMGO,756.7
1512,2021-05-21,Visakhapatnam,IFO380,406.09
1513,2021-05-21,Houston,VLSFO,485.75
1514,2021-05-21,Houston,LSMGO,604.36
1515,2021-05-21,Houston,IFO380,353.24
1516,2021-05-24,Singapore,VLSFO,531.09
1517,2021-05-24,Singapore,LSMGO,674.85
1518,2021-05-24,Singapore,IFO380,374.38
1519,2021-05-24,Fujairah,VLSFO,524.92
1520,2021-05-24,Fujairah,LSMGO,702.9
1521,2021-05-24,Fujairah,IFO380,377.58
1522,2021-05-24,Rotterdam,VLSFO,488.45
1523,2021-05-24,Rotterdam,LSMGO,597.97
1524,2021-05-24,Rotterdam,IFO380,355.64
1525,2021-05-24,Visakhapatnam,VLSFO,547.18
1526,2021-05-24,Visakhapatnam,LSMGO,760.01
1527,2021-05-24,Visakhapatnam,IFO380,399.63
1528,2021-05-24,Houston,VLSFO,488.45
1529,2021-05-24,Houston,LSMGO,586.8
1530,2021-05-24,Houston,IFO380,358.99
1531,2021-05-25,Singapore,VLSFO,522.31
1532,2021-05-25,Singapore,LSMGO,665.74
1533,2021-05-25,Singapore,IFO380,380.27
1534,2021-05-25,Fujairah,VLSFO,515.23
1535,2021-05-25,Fujairah,LSMGO,662.65
1536,2021-05-25,Fujairah,IFO380,373.02
1537,2021-05-25,Rotterdam,VLSFO,489.71
1538,2021-05-25,Rotterdam,LSMGO,622.65
1539,2021-05-25,Rotterdam,IFO380,344.7
1540,2021-05-25,Visakhapatnam,VLSFO,543.96
1541,2021-05-25,Visakhapatnam,LSMGO,749.73
1542,2021-05-25,Visakhapatnam,IFO380,392.95
1543,2021-05-25,Houston,VLSFO,486.08
1544,2021-05-25,Houston,LSMGO,587.05
1545,2021-05-25,Houston,IFO380,345.86
1546,2021-05-26,Singapore,VLSFO,521.82
1547,2021-05-26,Singapore,LSMGO,662.34
1548,2021-05-26,Singapore,IFO380,372.97
1549,2021-05-26,Fujairah,VLSFO,519.15
1550,2021-05-26,Fujairah,LSMGO,686.57
1551,2021-05-26,Fujairah,IFO380,372.27
1552,2021-05-26,Rotterdam,VLSFO,495.35
1553,2021-05-26,Rotterdam,LSMGO,627.13
1554,2021-05-26,Rotterdam,IFO380,352.85
1555,2021-05-26,Visakhapatnam,VLSFO,557.83
1556,2021-05-26,Visakhapatnam,LSMGO,777.64
1557,2021-05-26,Visakhapatnam,IFO380,400.49
1558,2021-05-26,Houston,VLSFO,483.46
1559,2021-05-26,Houston,LSMGO,605.94
1560,2021-05-26,Houston,IFO380,351.54
1561,2021-05-27,Singapore,VLSFO,523.9
1562,2021-05-27,Singapore,LSMGO,663.22
1563,2021-05-27,Singapore,IFO380,378.21
1564,2021-05-27,Fujairah,VLSFO,515.97
1565,2021-05-27,Fujairah,LSMGO,673.47
1566,2021-05-27,Fujairah,IFO380,367.73
1567,2021-05-27,Rotterdam,VLSFO,504.55
1568,2021-05-27,Rotterdam,LSMGO,641.9
1569,2021-05-27,Rotterdam,IFO380,358.04
1570,2021-05-27,Visakhapatnam,VLSFO,561.21
1571,2021-05-27,Visakhapatnam,LSMGO,764.26
1572,2021-05-27,Visakhapatnam,IFO380,405.13
1573,2021-05-27,Houston,VLSFO,486.31
1574,2021-05-27,Houston,LSMGO,593.5
1575,2021-05-27,Houston,IFO380,348.07
1576,2021-05-28,Singapore,VLSFO,526.25
1577,2021-05-28,Singapore,LSMGO,671.09
1578,2021-05-28,Singapore,IFO380,383.24
1579,2021-05-28,Fujairah,VLSFO,512.1
1580,2021-05-28,Fujairah,LSMGO,671.74
1581,2021-05-28,Fujairah,IFO380,368.93
1582,2021-05-28,Rotterdam,VLSFO,500.22
1583,2021-05-28,Rotterdam,LSMGO,622.04
1584,2021-05-28,Rotterdam,IFO380,358.93
1585,2021-05-28,Visakhapatnam,VLSFO,558.55
1586,2021-05-28,Visakhapatnam,LSMGO,771.47
1587,2021-05-28,Visakhapatnam,IFO380,404.02
1588,2021-05-28,Houston,VLSFO,495.83
1589,2021-05-28,Houston,LSMGO,607.3
1590,2021-05-28,Houston,IFO380,357.96
1591,2021-05-31,Singapore,VLSFO,526.49
1592,2021-05-31,Singapore,LSMGO,679.54
1593,2021-05-31,Singapore,IFO380,371.73
1594,2021-05-31,Fujairah,VLSFO,514.21
1595,2021-05-31,Fujairah,LSMGO,669.38
1596,2021-05-31,Fujairah,IFO380,372.81
1597,2021-05-31,Rotterdam,VLSFO,495.36
1598,2021-05-31,Rotterdam,LSMGO,622.94
1599,2021-05-31,Rotterdam,IFO380,358.83
1600,2021-05-31,Visakhapatnam,VLSFO,560.11
1601,2021-05-31,Visakhapatnam,LSMGO,776.22
1602,2021-05-31,Visakhapatnam,IFO380,402.85
1603,2021-05-31,Houston,VLSFO,484.24
1604,2021-05-31,Houston,LSMGO,607.58
1605,2021-05-31,Houston,IFO380,347.24
1606,2021-06-01,Singapore,VLSFO,521.37
1607,2021-06-01,Singapore,LSMGO,671.71
1608,2021-06-01,Singapore,IFO380,373.99
1609,2021-06-01,Fujairah,VLSFO,517.05
1610,2021-06-01,Fujairah,LSMGO,659.92
1611,2021-06-01,Fujairah,IFO380,375.09
1612,2021-06-01,Rotterdam,VLSFO,505.63
1613,2021-06-01,Rotterdam,LSMGO,620.23
1614,2021-06-01,Rotterdam,IFO380,363.9
1615,2021-06-01,Visakhapatnam,VLSFO,556.16
1616,2021-06-01,Visakhapatnam,LSMGO,770.62
1617,2021-06-01,Visakhapatnam,IFO380,402.28
1618,2021-06-01,Houston,VLSFO,481.99
1619,2021-06-01,Houston,LSMGO,599.83
1620,2021-06-01,Houston,IFO380,349.04
1621,2021-06-02,Singapore,VLSFO,528.8
1622,2021-06-02,Singapore,LSMGO,675.39
1623,2021-06-02,Singapore,IFO380,378.11
1624,2021-06-02,Fujairah,VLSFO,514.76
1625,2021-06-02,Fujairah,LSMGO,678.38
1626,2021-06-02,Fujairah,IFO380,369.3
1627,2021-06-02,Rotterdam,VLSFO,506.07
1628,2021-06-02,Rotterdam,LSMGO,636.87
1629,2021-06-02,Rotterdam,IFO380,364.74
1630,2021-06-02,Visakhapatnam,VLSFO,563.03
1631,2021-06-02,Visakhapatnam,LSMGO,773.63
1632,2021-06-02,Visakhapatnam,IFO380,406.17
1633,2021-06-02,Houston,VLSFO,491.1
1634,2021-06-02,Houston,LSMGO,596.31
1635,2021-06-02,Houston,IFO380,358.6
1636,2021-06-03,Singapore,VLSFO,523.15
1637,2021-06-03,Singapore,LSMGO,664.08
1638,2021-06-03,Singapore,IFO380,381.3
1639,2021-06-03,Fujairah,VLSFO,523.19
1640,2021-06-03,Fujairah,LSMGO,681.0
1641,2021-06-03,Fujairah,IFO380,375.45
1642,2021-06-03,Rotterdam,VLSFO,502.63
1643,2021-06-03,Rotterdam,LSMGO,623.24
1644,2021-06-03,Rotterdam,IFO380,360.04
1645,2021-06-03,Visakhapatnam,VLSFO,548.14
1646,2021-06-03,Visakhapatnam,LSMGO,763.37
1647,2021-06-03,Visakhapatnam,IFO380,389.55
1648,2021-06-03,Houston,VLSFO,486.73
1649,2021-06-03,Houston,LSMGO,597.6
1650,2021-06-03,Houston,IFO380,346.23
1651,2021-06-04,Singapore,VLSFO,531.57
1652,2021-06-04,Singapore,LSMGO,668.87
1653,2021-06-04,Singapore,IFO380,384.18
1654,2021-06-04,Fujairah,VLSFO,510.89
1655,2021-06-04,Fujairah,LSMGO,665.37
1656,2021-06-04,Fujairah,IFO380,368.71
1657,2021-06-04,Rotterdam,VLSFO,499.79
1658,2021-06-04,Rotterdam,LSMGO,630.02
1659,2021-06-04,Rotterdam,IFO380,363.86
1660,2021-06-04,Visakhapatnam,VLSFO,553.48
1661,2021-06-04,Visakhapatnam,LSMGO,757.24
1662,2021-06-04,Visakhapatnam,IFO380,402.49
1663,2021-06-04,Houston,VLSFO,494.41
1664,2021-06-04,Houston,LSMGO,603.86
1665,2021-06-04,Houston,IFO380,360.53
1666,2021-06-07,Singapore,VLSFO,535.72
1667,2021-06-07,Singapore,LSMGO,680.92
1668,2021-06-07,Singapore,IFO380,387.82
1669,2021-06-07,Fujairah,VLSFO,507.53
1670,2021-06-07,Fujairah,LSMGO,667.19
1671,2021-06-07,Fujairah,IFO380,368.17
1672,2021-06-07,Rotterdam,VLSFO,500.99
1673,2021-06-07,Rotterdam,LSMGO,619.98
1674,2021-06-07,Rotterdam,IFO380,363.3
1675,2021-06-07,Visakhapatnam,VLSFO,558.03
1676,2021-06-07,Visakhapatnam,LSMGO,765.86
1677,2021-06-07,Visakhapatnam,IFO380,398.74
1678,2021-06-07,Houston,VLSFO,490.17
1679,2021-06-07,Houston,LSMGO,603.23
1680,2021-06-07,Houston,IFO380,352.79
1681,2021-06-08,Singapore,VLSFO,521.84
1682,2021-06-08,Singapore,LSMGO,677.91
1683,2021-06-08,Singapore,IFO380,378.93
1684,2021-06-08,Fujairah,VLSFO,523.72
1685,2021-06-08,Fujairah,LSMGO,693.05
1686,2021-06-08,Fujairah,IFO380,376.45
1687,2021-06-08,Rotterdam,VLSFO,502.03
1688,2021-06-08,Rotterdam,LSMGO,629.34
1689,2021-06-08,Rotterdam,IFO380,355.38
1690,2021-06-08,Visakhapatnam,VLSFO,561.7
1691,2021-06-08,Visakhapatnam,LSMGO,782.45
1692,2021-06-08,Visakhapatnam,IFO380,407.19
1693,2021-06-08,Houston,VLSFO,493.2
1694,2021-06-08,Houston,LSMGO,604.33
1695,2021-06-08,Houston,IFO380,354.42
1696,2021-06-09,Singapore,VLSFO,531.97
1697,2021-06-09,Singapore,LSMGO,682.44
1698,2021-06-09,Singapore,IFO380,376.73
1699,2021-06-09,Fujairah,VLSFO,513.21
1700,2021-06-09,Fujairah,LSMGO,670.49
1701,2021-06-09,Fujairah,IFO380,373.02
1702,2021-06-09,Rotterdam,VLSFO,501.02
1703,2021-06-09,Rotterdam,LSMGO,625.13
1704,2021-06-09,Rotterdam,IFO380,355.33
1705,2021-06-09,Visakhapatnam,VLSFO,559.97
1706,2021-06-09,Visakhapatnam,LSMGO,782.27
1707,2021-06-09,Visakhapatnam,IFO380,403.06
1708,2021-06-09,Houston,VLSFO,492.19
1709,2021-06-09,Houston,LSMGO,614.97
1710,2021-06-09,Houston,IFO380,352.89
1711,2021-06-10,Singapore,VLSFO,526.22
1712,2021-06-10,Singapore,LSMGO,663.17
1713,2021-06-10,Singapore,IFO380,372.63
1714,2021-06-10,Fujairah,VLSFO,519.35
1715,2021-06-10,Fujairah,LSMGO,673.38
1716,2021-06-10,Fujairah,IFO380,367.02
1717,2021-06-10,Rotterdam,VLSFO,504.57
1718,2021-06-10,Rotterdam,LSMGO,620.72
1719,2021-06-10,Rotterdam,IFO380,359.28
1720,2021-06-10,Visakhapatnam,VLSFO,547.34
1721,2021-06-10,Visakhapatnam,LSMGO,747.22
1722,2021-06-10,Visakhapatnam,IFO380,388.7
1723,2021-06-10,Houston,VLSFO,491.15
1724,2021-06-10,Houston,LSMGO,615.55
1725,2021-06-10,Houston,IFO380,354.88
1726,2021-06-11,Singapore,VLSFO,529.42
1727,2021-06-11,Singapore,LSMGO,673.29
1728,2021-06-11,Singapore,IFO380,380.32
1729,2021-06-11,Fujairah,VLSFO,514.65
1730,2021-06-11,Fujairah,LSMGO,683.93
1731,2021-06-11,Fujairah,IFO380,374.39
1732,2021-06-11,Rotterdam,VLSFO,498.79
1733,2021-06-11,Rotterdam,LSMGO,631.38
1734,2021-06-11,Rotterdam,IFO380,352.46
1735,2021-06-11,Visakhapatnam,VLSFO,557.24
1736,2021-06-11,Visakhapatnam,LSMGO,774.4
1737,2021-06-11,Visakhapatnam,IFO380,408.39
1738,2021-06-11,Houston,VLSFO,488.74
1739,2021-06-11,Houston,LSMGO,599.94
1740,2021-06-11,Houston,IFO380,349.9
1741,2021-06-14,Singapore,VLSFO,531.27
1742,2021-06-14,Singapore,LSMGO,676.2
1743,2021-06-14,Singapore,IFO380,385.7
1744,2021-06-14,Fujairah,VLSFO,513.89
1745,2021-06-14,Fujairah,LSMGO,672.4
1746,2021-06-14,Fujairah,IFO380,365.64
1747,2021-06-14,Rotterdam,VLSFO,511.3
1748,2021-06-14,Rotterdam,LSMGO,644.02
1749,2021-06-14,Rotterdam,IFO380,370.95
1750,2021-06-14,Visakhapatnam,VLSFO,563.31
1751,2021-06-14,Visakhapatnam,LSMGO,777.91
1752,2021-06-14,Visakhapatnam,IFO380,405.06
1753,2021-06-14,Houston,VLSFO,491.73
1754,2021-06-14,Houston,LSMGO,603.76
1755,2021-06-14,Houston,IFO380,358.01
1756,2021-06-15,Singapore,VLSFO,525.87
1757,2021-06-15,Singapore,LSMGO,670.26
1758,2021-06-15,Singapore,IFO380,381.61
1759,2021-06-15,Fujairah,VLSFO,528.42
1760,2021-06-15,Fujairah,LSMGO,689.42
1761,2021-06-15,Fujairah,IFO380,381.97
1762,2021-06-15,Rotterdam,VLSFO,496.58
1763,2021-06-15,Rotterdam,LSMGO,617.22
1764,2021-06-15,Rotterdam,IFO380,357.73
1765,2021-06-15,Visakhapatnam,VLSFO,562.65
1766,2021-06-15,Visakhapatnam,LSMGO,783.88
1767,2021-06-15,Visakhapatnam,IFO380,405.74
1768,2021-06-15,Houston,VLSFO,487.86
1769,2021-06-15,Houston,LSMGO,604.39
1770,2021-06-15,Houston,IFO380,346.64
1771,2021-06-16,Singapore,VLSFO,523.87
1772,2021-06-16,Singapore,LSMGO,673.56
1773,2021-06-16,Singapore,IFO380,377.15
1774,2021-06-16,Fujairah,VLSFO,518.93
1775,2021-06-16,Fujairah,LSMGO,666.15
1776,2021-06-16,Fujairah,IFO380,370.63
1777,2021-06-16,Rotterdam,VLSFO,505.53
1778,2021-06-16,Rotterdam,LSMGO,644.52
1779,2021-06-16,Rotterdam,IFO380,366.28
1780,2021-06-16,Visakhapatnam,VLSFO,568.9
1781,2021-06-16,Visakhapatnam,LSMGO,787.63
1782,2021-06-16,Visakhapatnam,IFO380,405.19
1783,2021-06-16,Houston,VLSFO,494.38
1784,2021-06-16,Houston,LSMGO,594.59
1785,2021-06-16,Houston,IFO380,367.14
1786,2021-06-17,Singapore,VLSFO,525.52
1787,2021-06-17,Singapore,LSMGO,665.82
1788,2021-06-17,Singapore,IFO380,373.52
1789,2021-06-17,Fujairah,VLSFO,524.49
1790,2021-06-17,Fujairah,LSMGO,681.84
1791,2021-06-17,Fujairah,IFO380,377.93
1792,2021-06-17,Rotterdam,VLSFO,501.5
1793,2021-06-17,Rotterdam,LSMGO,632.57
1794,2021-06-17,Rotterdam,IFO380,355.88
1795,2021-06-17,Visakhapatnam,VLSFO,563.93
1796,2021-06-17,Visakhapatnam,LSMGO,772.12
1797,2021-06-17,Visakhapatnam,IFO380,407.01
1798,2021-06-17,Houston,VLSFO,492.97
1799,2021-06-17,Houston,LSMGO,601.81
1800,2021-06-17,Houston,IFO380,359.3
1801,2021-06-18,Singapore,VLSFO,535.19
1802,2021-06-18,Singapore,LSMGO,675.02
1803,2021-06-18,Singapore,IFO380,387.49
1804,2021-06-18,Fujairah,VLSFO,520.03
1805,2021-06-18,Fujairah,LSMGO,678.44
1806,2021-06-18,Fujairah,IFO380,376.26
1807,2021-06-18,Rotterdam,VLSFO,497.12
1808,2021-06-18,Rotterdam,LSMGO,632.17
1809,2021-06-18,Rotterdam,IFO380,362.55
1810,2021-06-18,Visakhapatnam,VLSFO,567.76
1811,2021-06-18,Visakhapatnam,LSMGO,785.31
1812,2021-06-18,Visakhapatnam,IFO380,411.02
1813,2021-06-18,Houston,VLSFO,491.25
1814,2021-06-18,Houston,LSMGO,600.7
1815,2021-06-18,Houston,IFO380,349.48
1816,2021-06-21,Singapore,VLSFO,538.41
1817,2021-06-21,Singapore,LSMGO,684.53
1818,2021-06-21,Singapore,IFO380,383.67
1819,2021-06-21,Fujairah,VLSFO,524.45
1820,2021-06-21,Fujairah,LSMGO,684.11
1821,2021-06-21,Fujairah,IFO380,375.37
1822,2021-06-21,Rotterdam,VLSFO,503.27
1823,2021-06-21,Rotterdam,LSMGO,624.72
1824,2021-06-21,Rotterdam,IFO380,359.08
1825,2021-06-21,Visakhapatnam,VLSFO,564.0
1826,2021-06-21,Visakhapatnam,LSMGO,777.56
1827,2021-06-21,Visakhapatnam,IFO380,406.98
1828,2021-06-21,Houston,VLSFO,490.65
1829,2021-06-21,Houston,LSMGO,601.52
1830,2021-06-21,Houston,IFO380,344.25
1831,2021-06-22,Singapore,VLSFO,527.42
1832,2021-06-22,Singapore,LSMGO,676.58
1833,2021-06-22,Singapore,IFO380,382.05
1834,2021-06-22,Fujairah,VLSFO,524.03
1835,2021-06-22,Fujairah,LSMGO,683.79
1836,2021-06-22,Fujairah,IFO380,379.22
1837,2021-06-22,Rotterdam,VLSFO,510.22
1838,2021-06-22,Rotterdam,LSMGO,647.2
1839,2021-06-22,Rotterdam,IFO380,368.81
1840,2021-06-22,Visakhapatnam,VLSFO,565.58
1841,2021-06-22,Visakhapatnam,LSMGO,788.59
1842,2021-06-22,Visakhapatnam,IFO380,410.44
1843,2021-06-22,Houston,VLSFO,489.27
1844,2021-06-22,Houston,LSMGO,600.06
1845,2021-06-22,Houston,IFO380,354.04
1846,2021-06-23,Singapore,VLSFO,536.11
1847,2021-06-23,Singapore,LSMGO,677.92
1848,2021-06-23,Singapore,IFO380,387.35
1849,2021-06-23,Fujairah,VLSFO,526.32
1850,2021-06-23,Fujairah,LSMGO,691.73
1851,2021-06-23,Fujairah,IFO380,384.64
1852,2021-06-23,Rotterdam,VLSFO,502.94
1853,2021-06-23,Rotterdam,LSMGO,640.87
1854,2021-06-23,Rotterdam,IFO380,362.57
1855,2021-06-23,Visakhapatnam,VLSFO,567.59
1856,2021-06-23,Visakhapatnam,LSMGO,780.66
1857,2021-06-23,Visakhapatnam,IFO380,405.89
1858,2021-06-23,Houston,VLSFO,492.21
1859,2021-06-23,Houston,LSMGO,600.53
1860,2021-06-23,Houston,IFO380,357.09
1861,2021-06-24,Singapore,VLSFO,530.6
1862,2021-06-24,Singapore,LSMGO,667.89
1863,2021-06-24,Singapore,IFO380,375.4
1864,2021-06-24,Fujairah,VLSFO,524.16
1865,2021-06-24,Fujairah,LSMGO,684.91
1866,2021-06-24,Fujairah,IFO380,373.67
1867,2021-06-24,Rotterdam,VLSFO,510.84
1868,2021-06-24,Rotterdam,LSMGO,644.43
1869,2021-06-24,Rotterdam,IFO380,377.0
1870,2021-06-24,Visakhapatnam,VLSFO,574.88
1871,2021-06-24,Visakhapatnam,LSMGO,777.03
1872,2021-06-24,Visakhapatnam,IFO380,412.07
1873,2021-06-24,Houston,VLSFO,487.81
1874,2021-06-24,Houston,LSMGO,595.63
1875,2021-06-24,Houston,IFO380,352.6
1876,2021-06-25,Singapore,VLSFO,529.01
1877,2021-06-25,Singapore,LSMGO,669.28
1878,2021-06-25,Singapore,IFO380,376.97
1879,2021-06-25,Fujairah,VLSFO,525.09
1880,2021-06-25,Fujairah,LSMGO,677.69
1881,2021-06-25,Fujairah,IFO380,385.74
1882,2021-06-25,Rotterdam,VLSFO,502.68
1883,2021-06-25,Rotterdam,LSMGO,627.52
1884,2021-06-25,Rotterdam,IFO380,365.73
1885,2021-06-25,Visakhapatnam,VLSFO,558.29
1886,2021-06-25,Visakhapatnam,LSMGO,765.67
1887,2021-06-25,Visakhapatnam,IFO380,399.0
1888,2021-06-25,Houston,VLSFO,493.15
1889,2021-06-25,Houston,LSMGO,607.25
1890,2021-06-25,Houston,IFO380,355.14
1891,2021-06-28,Singapore,VLSFO,539.54
1892,2021-06-28,Singapore,LSMGO,701.79
1893,2021-06-28,Singapore,IFO380,391.06
1894,2021-06-28,Fujairah,VLSFO,516.19
1895,2021-06-28,Fujairah,LSMGO,680.8
1896,2021-06-28,Fujairah,IFO380,369.78
1897,2021-06-28,Rotterdam,VLSFO,502.6
1898,2021-06-28,Rotterdam,LSMGO,630.76
1899,2021-06-28,Rotterdam,IFO380,359.09
1900,2021-06-28,Visakhapatnam,VLSFO,572.06
1901,2021-06-28,Visakhapatnam,LSMGO,802.04
1902,2021-06-28,Visakhapatnam,IFO380,404.31
1903,2021-06-28,Houston,VLSFO,495.13
1904,2021-06-28,Houston,LSMGO,610.13
1905,2021-06-28,Houston,IFO380,363.31
1906,2021-06-29,Singapore,VLSFO,537.4
1907,2021-06-29,Singapore,LSMGO,704.35
1908,2021-06-29,Singapore,IFO380,387.56
1909,2021-06-29,Fujairah,VLSFO,522.38
1910,2021-06-29,Fujairah,LSMGO,683.99
1911,2021-06-29,Fujairah,IFO380,371.78
1912,2021-06-29,Rotterdam,VLSFO,489.47
1913,2021-06-29,Rotterdam,LSMGO,600.72
1914,2021-06-29,Rotterdam,IFO380,355.97
1915,2021-06-29,Visakhapatnam,VLSFO,570.53
1916,2021-06-29,Visakhapatnam,LSMGO,780.67
1917,2021-06-29,Visakhapatnam,IFO380,412.06
1918,2021-06-29,Houston,VLSFO,500.09
1919,2021-06-29,Houston,LSMGO,620.52
1920,2021-06-29,Houston,IFO380,363.88
1921,2021-06-30,Singapore,VLSFO,519.21
1922,2021-06-30,Singapore,LSMGO,669.33
1923,2021-06-30,Singapore,IFO380,376.65
1924,2021-06-30,Fujairah,VLSFO,519.19
1925,2021-06-30,Fujairah,LSMGO,682.17
1926,2021-06-30,Fujairah,IFO380,369.83
1927,2021-06-30,Rotterdam,VLSFO,515.38
1928,2021-06-30,Rotterdam,LSMGO,638.57
1929,2021-06-30,Rotterdam,IFO380,362.81
1930,2021-06-30,Visakhapatnam,VLSFO,563.91
1931,2021-06-30,Visakhapatnam,LSMGO,777.25
1932,2021-06-30,Visakhapatnam,IFO380,402.24
1933,2021-06-30,Houston,VLSFO,500.65
1934,2021-06-30,Houston,LSMGO,611.9
1935,2021-06-30,Houston,IFO380,358.64
1936,2021-07-01,Singapore,VLSFO,532.02
1937,2021-07-01,Singapore,LSMGO,685.38
1938,2021-07-01,Singapore,IFO380,384.23
1939,2021-07-01,Fujairah,VLSFO,526.63
1940,2021-07-01,Fujairah,LSMGO,689.49
1941,2021-07-01,Fujairah,IFO380,379.5
1942,2021-07-01,Rotterdam,VLSFO,504.31
1943,2021-07-01,Rotterdam,LSMGO,640.11
1944,2021-07-01,Rotterdam,IFO380,359.67
1945,2021-07-01,Visakhapatnam,VLSFO,567.62
1946,2021-07-01,Visakhapatnam,LSMGO,783.99
1947,2021-07-01,Visakhapatnam,IFO380,405.93
1948,2021-07-01,Houston,VLSFO,501.66
1949,2021-07-01,Houston,LSMGO,614.23
1950,2021-07-01,Houston,IFO380,360.01
1951,2021-07-02,Singapore,VLSFO,532.23
1952,2021-07-02,Singapore,LSMGO,694.5
1953,2021-07-02,Singapore,IFO380,375.2
1954,2021-07-02,Fujairah,VLSFO,534.03
1955,2021-07-02,Fujairah,LSMGO,706.41
1956,2021-07-02,Fujairah,IFO380,392.82
1957,2021-07-02,Rotterdam,VLSFO,497.8
1958,2021-07-02,Rotterdam,LSMGO,632.17
1959,2021-07-02,Rotterdam,IFO380,355.98
1960,2021-07-02,Visakhapatnam,VLSFO,560.22
1961,2021-07-02,Visakhapatnam,LSMGO,784.04
1962,2021-07-02,Visakhapatnam,IFO380,401.06
1963,2021-07-02,Houston,VLSFO,496.18
1964,2021-07-02,Houston,LSMGO,608.01
1965,2021-07-02,Houston,IFO380,356.57
1966,2021-07-05,Singapore,VLSFO,538.81
1967,2021-07-05,Singapore,LSMGO,679.25
1968,2021-07-05,Singapore,IFO380,384.52
1969,2021-07-05,Fujairah,VLSFO,518.6
1970,2021-07-05,Fujairah,LSMGO,664.13
1971,2021-07-05,Fujairah,IFO380,374.46
1972,2021-07-05,Rotterdam,VLSFO,508.25
1973,2021-07-05,Rotterdam,LSMGO,631.86
1974,2021-07-05,Rotterdam,IFO380,366.46
1975,2021-07-05,Visakhapatnam,VLSFO,571.54
1976,2021-07-05,Visakhapatnam,LSMGO,789.19
1977,2021-07-05,Visakhapatnam,IFO380,416.91
1978,2021-07-05,Houston,VLSFO,494.48
1979,2021-07-05,Houston,LSMGO,603.32
1980,2021-07-05,Houston,IFO380,359.6
1981,2021-07-06,Singapore,VLSFO,537.89
1982,2021-07-06,Singapore,LSMGO,682.78
1983,2021-07-06,Singapore,IFO380,385.02
1984,2021-07-06,Fujairah,VLSFO,525.99
1985,2021-07-06,Fujairah,LSMGO,674.56
1986,2021-07-06,Fujairah,IFO380,374.65
1987,2021-07-06,Rotterdam,VLSFO,513.72
1988,2021-07-06,Rotterdam,LSMGO,642.85
1989,2021-07-06,Rotterdam,IFO380,370.94
1990,2021-07-06,Visakhapatnam,VLSFO,567.07
1991,2021-07-06,Visakhapatnam,LSMGO,784.24
1992,2021-07-06,Visakhapatnam,IFO380,404.86
1993,2021-07-06,Houston,VLSFO,499.79
1994,2021-07-06,Houston,LSMGO,619.49
1995,2021-07-06,Houston,IFO380,352.84
1996,2021-07-07,Singapore,VLSFO,537.89
1997,2021-07-07,Singapore,LSMGO,689.67
1998,2021-07-07,Singapore,IFO380,388.09
1999,2021-07-07,Fujairah,VLSFO,535.4
2000,2021-07-07,Fujairah,LSMGO,691.81
2001,2021-07-07,Fujairah,IFO380,387.89
2002,2021-07-07,Rotterdam,VLSFO,517.29
2003,2021-07-07,Rotterdam,LSMGO,647.48
2004,2021-07-07,Rotterdam,IFO380,367.01
2005,2021-07-07,Visakhapatnam,VLSFO,567.24
2006,2021-07-07,Visakhapatnam,LSMGO,789.59
2007,2021-07-07,Visakhapatnam,IFO380,411.05
2008,2021-07-07,Houston,VLSFO,506.73
2009,2021-07-07,Houston,LSMGO,627.41
2010,2021-07-07,Houston,IFO380,360.44
2011,2021-07-08,Singapore,VLSFO,538.22
2012,2021-07-08,Singapore,LSMGO,685.04
2013,2021-07-08,Singapore,IFO380,385.68
2014,2021-07-08,Fujairah,VLSFO,525.6
2015,2021-07-08,Fujairah,LSMGO,686.79
2016,2021-07-08,Fujairah,IFO380,380.07
2017,2021-07-08,Rotterdam,VLSFO,514.05
2018,2021-07-08,Rotterdam,LSMGO,650.04
2019,2021-07-08,Rotterdam,IFO380,375.4
2020,2021-07-08,Visakhapatnam,VLSFO,565.78
2021,2021-07-08,Visakhapatnam,LSMGO,782.45
2022,2021-07-08,Visakhapatnam,IFO380,411.71
2023,2021-07-08,Houston,VLSFO,493.17
2024,2021-07-08,Houston,LSMGO,602.4
2025,2021-07-08,Houston,IFO380,355.98
2026,2021-07-09,Singapore,VLSFO,537.45
2027,2021-07-09,Singapore,LSMGO,683.6
2028,2021-07-09,Singapore,IFO380,379.99
2029,2021-07-09,Fujairah,VLSFO,526.98
2030,2021-07-09,Fujairah,LSMGO,687.94
2031,2021-07-09,Fujairah,IFO380,381.59
2032,2021-07-09,Rotterdam,VLSFO,516.85
2033,2021-07-09,Rotterdam,LSMGO,659.8
2034,2021-07-09,Rotterdam,IFO380,376.7
2035,2021-07-09,Visakhapatnam,VLSFO,564.78
2036,2021-07-09,Visakhapatnam,LSMGO,779.93
2037,2021-07-09,Visakhapatnam,IFO380,406.48
2038,2021-07-09,Houston,VLSFO,509.41
2039,2021-07-09,Houston,LSMGO,623.69
2040,2021-07-09,Houston,IFO380,370.98
2041,2021-07-12,Singapore,VLSFO,540.75
2042,2021-07-12,Singapore,LSMGO,696.8
2043,2021-07-12,Singapore,IFO380,391.68
2044,2021-07-12,Fujairah,VLSFO,519.69
2045,2021-07-12,Fujairah,LSMGO,668.13
2046,2021-07-12,Fujairah,IFO380,375.76
2047,2021-07-12,Rotterdam,VLSFO,518.14
2048,2021-07-12,Rotterdam,LSMGO,653.68
2049,2021-07-12,Rotterdam,IFO380,362.04
2050,2021-07-12,Visakhapatnam,VLSFO,575.25
2051,2021-07-12,Visakhapatnam,LSMGO,794.87
2052,2021-07-12,Visakhapatnam,IFO380,417.75
2053,2021-07-12,Houston,VLSFO,500.35
2054,2021-07-12,Houston,LSMGO,618.66
2055,2021-07-12,Houston,IFO380,362.51
2056,2021-07-13,Singapore,VLSFO,531.05
2057,2021-07-13,Singapore,LSMGO,669.65
2058,2021-07-13,Singapore,IFO380,380.95
2059,2021-07-13,Fujairah,VLSFO,521.54
2060,2021-07-13,Fujairah,LSMGO,680.3
2061,2021-07-13,Fujairah,IFO380,370.7
2062,2021-07-13,Rotterdam,VLSFO,508.96
2063,2021-07-13,Rotterdam,LSMGO,653.71
2064,2021-07-13,Rotterdam,IFO380,372.12
2065,2021-07-13,Visakhapatnam,VLSFO,576.28
2066,2021-07-13,Visakhapatnam,LSMGO,796.54
2067,2021-07-13,Visakhapatnam,IFO380,417.28
2068,2021-07-13,Houston,VLSFO,500.06
2069,2021-07-13,Houston,LSMGO,622.64
2070,2021-07-13,Houston,IFO380,353.45
2071,2021-07-14,Singapore,VLSFO,534.77
2072,2021-07-14,Singapore,LSMGO,684.76
2073,2021-07-14,Singapore,IFO380,386.57
2074,2021-07-14,Fujairah,VLSFO,522.81
2075,2021-07-14,Fujairah,LSMGO,680.15
2076,2021-07-14,Fujairah,IFO380,374.43
2077,2021-07-14,Rotterdam,VLSFO,521.27
2078,2021-07-14,Rotterdam,LSMGO,662.5
2079,2021-07-14,Rotterdam,IFO380,376.13
2080,2021-07-14,Visakhapatnam,VLSFO,570.3
2081,2021-07-14,Visakhapatnam,LSMGO,790.72
2082,2021-07-14,Visakhapatnam,IFO380,402.48
2083,2021-07-14,Houston,VLSFO,502.93
2084,2021-07-14,Houston,LSMGO,612.24
2085,2021-07-14,Houston,IFO380,362.68
2086,2021-07-15,Singapore,VLSFO,539.01
2087,2021-07-15,Singapore,LSMGO,695.3
2088,2021-07-15,Singapore,IFO380,385.33
2089,2021-07-15,Fujairah,VLSFO,536.82
2090,2021-07-15,Fujairah,LSMGO,702.07
2091,2021-07-15,Fujairah,IFO380,383.49
2092,2021-07-15,Rotterdam,VLSFO,522.09
2093,2021-07-15,Rotterdam,LSMGO,654.37
2094,2021-07-15,Rotterdam,IFO380,383.57
2095,2021-07-15,Visakhapatnam,VLSFO,577.77
2096,2021-07-15,Visakhapatnam,LSMGO,788.91
2097,2021-07-15,Visakhapatnam,IFO380,422.69
2098,2021-07-15,Houston,VLSFO,505.6
2099,2021-07-15,Houston,LSMGO,613.19
2100,2021-07-15,Houston,IFO380,371.82
2101,2021-07-16,Singapore,VLSFO,534.57
2102,2021-07-16,Singapore,LSMGO,684.11
2103,2021-07-16,Singapore,IFO380,381.78
2104,2021-07-16,Fujairah,VLSFO,527.3
2105,2021-07-16,Fujairah,LSMGO,681.19
2106,2021-07-16,Fujairah,IFO380,381.07
2107,2021-07-16,Rotterdam,VLSFO,509.39
2108,2021-07-16,Rotterdam,LSMGO,641.85
2109,2021-07-16,Rotterdam,IFO380,370.79
2110,2021-07-16,Visakhapatnam,VLSFO,568.11
2111,2021-07-16,Visakhapatnam,LSMGO,792.19
2112,2021-07-16,Visakhapatnam,IFO380,410.23
2113,2021-07-16,Houston,VLSFO,496.69
2114,2021-07-16,Houston,LSMGO,604.72
2115,2021-07-16,Houston,IFO380,357.02
2116,2021-07-19,Singapore,VLSFO,540.34
2117,2021-07-19,Singapore,LSMGO,694.11
2118,2021-07-19,Singapore,IFO380,390.97
2119,2021-07-19,Fujairah,VLSFO,529.43
2120,2021-07-19,Fujairah,LSMGO,681.23
2121,2021-07-19,Fujairah,IFO380,374.86
2122,2021-07-19,Rotterdam,VLSFO,514.88
2123,2021-07-19,Rotterdam,LSMGO,637.36
2124,2021-07-19,Rotterdam,IFO380,372.62
2125,2021-07-19,Visakhapatnam,VLSFO,576.73
2126,2021-07-19,Visakhapatnam,LSMGO,801.09
2127,2021-07-19,Visakhapatnam,IFO380,425.8
2128,2021-07-19,Houston,VLSFO,502.35
2129,2021-07-19,Houston,LSMGO,626.32
2130,2021-07-19,Houston,IFO380,366.4
2131,2021-07-20,Singapore,VLSFO,534.6
2132,2021-07-20,Singapore,LSMGO,693.97
2133,2021-07-20,Singapore,IFO380,390.7
2134,2021-07-20,Fujairah,VLSFO,523.72
2135,2021-07-20,Fujairah,LSMGO,688.82
2136,2021-07-20,Fujairah,IFO380,372.07
2137,2021-07-20,Rotterdam,VLSFO,518.84
2138,2021-07-20,Rotterdam,LSMGO,635.76
2139,2021-07-20,Rotterdam,IFO380,368.88
2140,2021-07-20,Visakhapatnam,VLSFO,572.55
2141,2021-07-20,Visakhapatnam,LSMGO,797.23
2142,2021-07-20,Visakhapatnam,IFO380,414.19
2143,2021-07-20,Houston,VLSFO,506.13
2144,2021-07-20,Houston,LSMGO,622.42
2145,2021-07-20,Houston,IFO380,366.28
2146,2021-07-21,Singapore,VLSFO,542.12
2147,2021-07-21,Singapore,LSMGO,709.87
2148,2021-07-21,Singapore,IFO380,388.22
2149,2021-07-21,Fujairah,VLSFO,538.45
2150,2021-07-21,Fujairah,LSMGO,708.61
2151,2021-07-21,Fujairah,IFO380,395.11
2152,2021-07-21,Rotterdam,VLSFO,510.06
2153,2021-07-21,Rotterdam,LSMGO,645.97
2154,2021-07-21,Rotterdam,IFO380,369.69
2155,2021-07-21,Visakhapatnam,VLSFO,574.62
2156,2021-07-21,Visakhapatnam,LSMGO,783.94
2157,2021-07-21,Visakhapatnam,IFO380,410.84
2158,2021-07-21,Houston,VLSFO,496.09
2159,2021-07-21,Houston,LSMGO,611.73
2160,2021-07-21,Houston,IFO380,358.04
2161,2021-07-22,Singapore,VLSFO,547.42
2162,2021-07-22,Singapore,LSMGO,698.57
2163,2021-07-22,Singapore,IFO380,395.51
2164,2021-07-22,Fujairah,VLSFO,521.02
2165,2021-07-22,Fujairah,LSMGO,684.57
2166,2021-07-22,Fujairah,IFO380,371.23
2167,2021-07-22,Rotterdam,VLSFO,512.88
2168,2021-07-22,Rotterdam,LSMGO,645.27
2169,2021-07-22,Rotterdam,IFO380,372.03
2170,2021-07-22,Visakhapatnam,VLSFO,569.81
2171,2021-07-22,Visakhapatnam,LSMGO,786.8
2172,2021-07-22,Visakhapatnam,IFO380,414.26
2173,2021-07-22,Houston,VLSFO,509.24
2174,2021-07-22,Houston,LSMGO,625.23
2175,2021-07-22,Houston,IFO380,370.29
2176,2021-07-23,Singapore,VLSFO,543.76
2177,2021-07-23,Singapore,LSMGO,699.44
2178,2021-07-23,Singapore,IFO380,388.58
2179,2021-07-23,Fujairah,VLSFO,529.37
2180,2021-07-23,Fujairah,LSMGO,676.06
2181,2021-07-23,Fujairah,IFO380,383.81
2182,2021-07-23,Rotterdam,VLSFO,521.09
2183,2021-07-23,Rotterdam,LSMGO,652.14
2184,2021-07-23,Rotterdam,IFO380,375.67
2185,2021-07-23,Visakhapatnam,VLSFO,578.64
2186,2021-07-23,Visakhapatnam,LSMGO,801.72
2187,2021-07-23,Visakhapatnam,IFO380,415.78
2188,2021-07-23,Houston,VLSFO,504.16
2189,2021-07-23,Houston,LSMGO,609.32
2190,2021-07-23,Houston,IFO380,365.93
2191,2021-07-26,Singapore,VLSFO,536.4
2192,2021-07-26,Singapore,LSMGO,685.56
2193,2021-07-26,Singapore,IFO380,385.91
2194,2021-07-26,Fujairah,VLSFO,531.89
2195,2021-07-26,Fujairah,LSMGO,680.15
2196,2021-07-26,Fujairah,IFO380,390.56
2197,2021-07-26,Rotterdam,VLSFO,513.53
2198,2021-07-26,Rotterdam,LSMGO,638.13
2199,2021-07-26,Rotterdam,IFO380,364.07
2200,2021-07-26,Visakhapatnam,VLSFO,578.81
2201,2021-07-26,Visakhapatnam,LSMGO,804.55
2202,2021-07-26,Visakhapatnam,IFO380,424.36
2203,2021-07-26,Houston,VLSFO,510.77
2204,2021-07-26,Houston,LSMGO,630.44
2205,2021-07-26,Houston,IFO380,369.84
2206,2021-07-27,Singapore,VLSFO,545.39
2207,2021-07-27,Singapore,LSMGO,704.78
2208,2021-07-27,Singapore,IFO380,394.12
2209,2021-07-27,Fujairah,VLSFO,529.82
2210,2021-07-27,Fujairah,LSMGO,691.51
2211,2021-07-27,Fujairah,IFO380,389.94
2212,2021-07-27,Rotterdam,VLSFO,510.89
2213,2021-07-27,Rotterdam,LSMGO,644.93
2214,2021-07-27,Rotterdam,IFO380,371.68
2215,2021-07-27,Visakhapatnam,VLSFO,564.85
2216,2021-07-27,Visakhapatnam,LSMGO,790.76
2217,2021-07-27,Visakhapatnam,IFO380,409.66
2218,2021-07-27,Houston,VLSFO,498.41
2219,2021-07-27,Houston,LSMGO,612.91
2220,2021-07-27,Houston,IFO380,358.47
2221,2021-07-28,Singapore,VLSFO,548.72
2222,2021-07-28,Singapore,LSMGO,714.1
2223,2021-07-28,Singapore,IFO380,391.46
2224,2021-07-28,Fujairah,VLSFO,528.37
2225,2021-07-28,Fujairah,LSMGO,700.93
2226,2021-07-28,Fujairah,IFO380,384.21
2227,2021-07-28,Rotterdam,VLSFO,519.48
2228,2021-07-28,Rotterdam,LSMGO,648.81
2229,2021-07-28,Rotterdam,IFO380,373.69
2230,2021-07-28,Visakhapatnam,VLSFO,566.38
2231,2021-07-28,Visakhapatnam,LSMGO,771.03
2232,2021-07-28,Visakhapatnam,IFO380,409.75
2233,2021-07-28,Houston,VLSFO,495.99
2234,2021-07-28,Houston,LSMGO,613.88
2235,2021-07-28,Houston,IFO380,365.2
2236,2021-07-29,Singapore,VLSFO,547.06
2237,2021-07-29,Singapore,LSMGO,711.47
2238,2021-07-29,Singapore,IFO380,390.17
2239,2021-07-29,Fujairah,VLSFO,535.26
2240,2021-07-29,Fujairah,LSMGO,696.89
2241,2021-07-29,Fujairah,IFO380,383.67
2242,2021-07-29,Rotterdam,VLSFO,514.13
2243,2021-07-29,Rotterdam,LSMGO,643.06
2244,2021-07-29,Rotterdam,IFO380,371.32
2245,2021-07-29,Visakhapatnam,VLSFO,579.27
2246,2021-07-29,Visakhapatnam,LSMGO,807.77
2247,2021-07-29,Visakhapatnam,IFO380,412.3
2248,2021-07-29,Houston,VLSFO,501.14
2249,2021-07-29,Houston,LSMGO,610.25
2250,2021-07-29,Houston,IFO380,351.7
2251,2021-07-30,Singapore,VLSFO,545.36
2252,2021-07-30,Singapore,LSMGO,701.31
2253,2021-07-30,Singapore,IFO380,399.55
2254,2021-07-30,Fujairah,VLSFO,534.06
2255,2021-07-30,Fujairah,LSMGO,694.05
2256,2021-07-30,Fujairah,IFO380,390.42
2257,2021-07-30,Rotterdam,VLSFO,524.36
2258,2021-07-30,Rotterdam,LSMGO,663.14
2259,2021-07-30,Rotterdam,IFO380,380.52
2260,2021-07-30,Visakhapatnam,VLSFO,578.49
2261,2021-07-30,Visakhapatnam,LSMGO,812.28
2262,2021-07-30,Visakhapatnam,IFO380,422.77
2263,2021-07-30,Houston,VLSFO,492.06
2264,2021-07-30,Houston,LSMGO,601.83
2265,2021-07-30,Houston,IFO380,353.93
2266,2021-08-02,Singapore,VLSFO,545.93
2267,2021-08-02,Singapore,LSMGO,686.86
2268,2021-08-02,Singapore,IFO380,390.58
2269,2021-08-02,Fujairah,VLSFO,528.01
2270,2021-08-02,Fujairah,LSMGO,675.54
2271,2021-08-02,Fujairah,IFO380,382.21
2272,2021-08-02,Rotterdam,VLSFO,510.43
2273,2021-08-02,Rotterdam,LSMGO,625.38
2274,2021-08-02,Rotterdam,IFO380,364.12
2275,2021-08-02,Visakhapatnam,VLSFO,579.84
2276,2021-08-02,Visakhapatnam,LSMGO,796.01
2277,2021-08-02,Visakhapatnam,IFO380,409.37
2278,2021-08-02,Houston,VLSFO,497.75
2279,2021-08-02,Houston,LSMGO,620.26
2280,2021-08-02,Houston,IFO380,354.94
2281,2021-08-03,Singapore,VLSFO,546.94
2282,2021-08-03,Singapore,LSMGO,707.48
2283,2021-08-03,Singapore,IFO380,394.99
2284,2021-08-03,Fujairah,VLSFO,537.55
2285,2021-08-03,Fujairah,LSMGO,705.86
2286,2021-08-03,Fujairah,IFO380,382.77
2287,2021-08-03,Rotterdam,VLSFO,510.87
2288,2021-08-03,Rotterdam,LSMGO,642.0
2289,2021-08-03,Rotterdam,IFO380,369.58
2290,2021-08-03,Visakhapatnam,VLSFO,572.14
2291,2021-08-03,Visakhapatnam,LSMGO,789.24
2292,2021-08-03,Visakhapatnam,IFO380,417.3
2293,2021-08-03,Houston,VLSFO,509.31
2294,2021-08-03,Houston,LSMGO,635.16
2295,2021-08-03,Houston,IFO380,365.37
2296,2021-08-04,Singapore,VLSFO,549.33
2297,2021-08-04,Singapore,LSMGO,702.56
2298,2021-08-04,Singapore,IFO380,396.44
2299,2021-08-04,Fujairah,VLSFO,530.14
2300,2021-08-04,Fujairah,LSMGO,690.01
2301,2021-08-04,Fujairah,IFO380,381.23
2302,2021-08-04,Rotterdam,VLSFO,520.26
2303,2021-08-04,Rotterdam,LSMGO,654.14
2304,2021-08-04,Rotterdam,IFO380,377.61
2305,2021-08-04,Visakhapatnam,VLSFO,582.83
2306,2021-08-04,Visakhapatnam,LSMGO,802.46
2307,2021-08-04,Visakhapatnam,IFO380,420.47
2308,2021-08-04,Houston,VLSFO,509.61
2309,2021-08-04,Houston,LSMGO,634.17
2310,2021-08-04,Houston,IFO380,364.79
2311,2021-08-05,Singapore,VLSFO,544.38
2312,2021-08-05,Singapore,LSMGO,711.04
2313,2021-08-05,Singapore,IFO380,391.85
2314,2021-08-05,Fujairah,VLSFO,530.92
2315,2021-08-05,Fujairah,LSMGO,681.42
2316,2021-08-05,Fujairah,IFO380,373.76
2317,2021-08-05,Rotterdam,VLSFO,518.43
2318,2021-08-05,Rotterdam,LSMGO,653.58
2319,2021-08-05,Rotterdam,IFO380,377.69
2320,2021-08-05,Visakhapatnam,VLSFO,579.82
2321,2021-08-05,Visakhapatnam,LSMGO,808.84
2322,2021-08-05,Visakhapatnam,IFO380,409.94
2323,2021-08-05,Houston,VLSFO,504.26
2324,2021-08-05,Houston,LSMGO,620.24
2325,2021-08-05,Houston,IFO380,357.93
2326,2021-08-06,Singapore,VLSFO,545.33
2327,2021-08-06,Singapore,LSMGO,711.11
2328,2021-08-06,Singapore,IFO380,397.3
2329,2021-08-06,Fujairah,VLSFO,532.41
2330,2021-08-06,Fujairah,LSMGO,696.82
2331,2021-08-06,Fujairah,IFO380,384.05
2332,2021-08-06,Rotterdam,VLSFO,517.67
2333,2021-08-06,Rotterdam,LSMGO,654.21
2334,2021-08-06,Rotterdam,IFO380,374.64
2335,2021-08-06,Visakhapatnam,VLSFO,582.48
2336,2021-08-06,Visakhapatnam,LSMGO,790.91
2337,2021-08-06,Visakhapatnam,IFO380,419.5
2338,2021-08-06,Houston,VLSFO,512.59
2339,2021-08-06,Houston,LSMGO,629.96
2340,2021-08-06,Houston,IFO380,367.83
2341,2021-08-09,Singapore,VLSFO,543.85
2342,2021-08-09,Singapore,LSMGO,687.43
2343,2021-08-09,Singapore,IFO380,392.3
2344,2021-08-09,Fujairah,VLSFO,529.96
2345,2021-08-09,Fujairah,LSMGO,693.43
2346,2021-08-09,Fujairah,IFO380,380.28
2347,2021-08-09,Rotterdam,VLSFO,529.54
2348,2021-08-09,Rotterdam,LSMGO,665.85
2349,2021-08-09,Rotterdam,IFO380,383.86
2350,2021-08-09,Visakhapatnam,VLSFO,570.59
2351,2021-08-09,Visakhapatnam,LSMGO,803.12
2352,2021-08-09,Visakhapatnam,IFO380,407.28
2353,2021-08-09,Houston,VLSFO,500.56
2354,2021-08-09,Houston,LSMGO,616.8
2355,2021-08-09,Houston,IFO380,354.69
2356,2021-08-10,Singapore,VLSFO,553.09
2357,2021-08-10,Singapore,LSMGO,701.88
2358,2021-08-10,Singapore,IFO380,397.6
2359,2021-08-10,Fujairah,VLSFO,531.07
2360,2021-08-10,Fujairah,LSMGO,680.5
2361,2021-08-10,Fujairah,IFO380,383.27
2362,2021-08-10,Rotterdam,VLSFO,514.24
2363,2021-08-10,Rotterdam,LSMGO,636.03
2364,2021-08-10,Rotterdam,IFO380,368.49
2365,2021-08-10,Visakhapatnam,VLSFO,583.21
2366,2021-08-10,Visakhapatnam,LSMGO,819.36
2367,2021-08-10,Visakhapatnam,IFO380,424.95
2368,2021-08-10,Houston,VLSFO,513.97
2369,2021-08-10,Houston,LSMGO,634.45
2370,2021-08-10,Houston,IFO380,370.16
2371,2021-08-11,Singapore,VLSFO,558.27
2372,2021-08-11,Singapore,LSMGO,711.81
2373,2021-08-11,Singapore,IFO380,402.08
2374,2021-08-11,Fujairah,VLSFO,530.5
2375,2021-08-11,Fujairah,LSMGO,698.61
2376,2021-08-11,Fujairah,IFO380,382.15
2377,2021-08-11,Rotterdam,VLSFO,519.81
2378,2021-08-11,Rotterdam,LSMGO,661.21
2379,2021-08-11,Rotterdam,IFO380,376.0
2380,2021-08-11,Visakhapatnam,VLSFO,580.79
2381,2021-08-11,Visakhapatnam,LSMGO,805.9
2382,2021-08-11,Visakhapatnam,IFO380,420.96
2383,2021-08-11,Houston,VLSFO,518.71
2384,2021-08-11,Houston,LSMGO,648.04
2385,2021-08-11,Houston,IFO380,378.51
2386,2021-08-12,Singapore,VLSFO,550.1
2387,2021-08-12,Singapore,LSMGO,702.97
2388,2021-08-12,Singapore,IFO380,391.38
2389,2021-08-12,Fujairah,VLSFO,540.96
2390,2021-08-12,Fujairah,LSMGO,700.22
2391,2021-08-12,Fujairah,IFO380,392.87
2392,2021-08-12,Rotterdam,VLSFO,532.26
2393,2021-08-12,Rotterdam,LSMGO,667.18
2394,2021-08-12,Rotterdam,IFO380,383.1
2395,2021-08-12,Visakhapatnam,VLSFO,581.69
2396,2021-08-12,Visakhapatnam,LSMGO,795.55
2397,2021-08-12,Visakhapatnam,IFO380,423.92
2398,2021-08-12,Houston,VLSFO,502.15
2399,2021-08-12,Houston,LSMGO,613.14
2400,2021-08-12,Houston,IFO380,358.19
2401,2021-08-13,Singapore,VLSFO,540.5
2402,2021-08-13,Singapore,LSMGO,686.52
2403,2021-08-13,Singapore,IFO380,390.77
2404,2021-08-13,Fujairah,VLSFO,533.05
2405,2021-08-13,Fujairah,LSMGO,709.82
2406,2021-08-13,Fujairah,IFO380,386.99
2407,2021-08-13,Rotterdam,VLSFO,524.31
2408,2021-08-13,Rotterdam,LSMGO,666.29
2409,2021-08-13,Rotterdam,IFO380,370.98
2410,2021-08-13,Visakhapatnam,VLSFO,575.88
2411,2021-08-13,Visakhapatnam,LSMGO,793.27
2412,2021-08-13,Visakhapatnam,IFO380,418.71
2413,2021-08-13,Houston,VLSFO,506.73
2414,2021-08-13,Houston,LSMGO,627.47
2415,2021-08-13,Houston,IFO380,363.56
2416,2021-08-16,Singapore,VLSFO,554.86
2417,2021-08-16,Singapore,LSMGO,708.11
2418,2021-08-16,Singapore,IFO380,403.7
2419,2021-08-16,Fujairah,VLSFO,536.6
2420,2021-08-16,Fujairah,LSMGO,701.87
2421,2021-08-16,Fujairah,IFO380,383.9
2422,2021-08-16,Rotterdam,VLSFO,518.08
2423,2021-08-16,Rotterdam,LSMGO,649.55
2424,2021-08-16,Rotterdam,IFO380,386.45
2425,2021-08-16,Visakhapatnam,VLSFO,581.11
2426,2021-08-16,Visakhapatnam,LSMGO,812.18
2427,2021-08-16,Visakhapatnam,IFO380,418.68
2428,2021-08-16,Houston,VLSFO,507.26
2429,2021-08-16,Houston,LSMGO,619.85
2430,2021-08-16,Houston,IFO380,367.81
2431,2021-08-17,Singapore,VLSFO,548.88
2432,2021-08-17,Singapore,LSMGO,701.71
2433,2021-08-17,Singapore,IFO380,392.85
2434,2021-08-17,Fujairah,VLSFO,537.45
2435,2021-08-17,Fujairah,LSMGO,702.73
2436,2021-08-17,Fujairah,IFO380,394.29
2437,2021-08-17,Rotterdam,VLSFO,520.74
2438,2021-08-17,Rotterdam,LSMGO,655.45
2439,2021-08-17,Rotterdam,IFO380,370.74
2440,2021-08-17,Visakhapatnam,VLSFO,572.25
2441,2021-08-17,Visakhapatnam,LSMGO,779.69
2442,2021-08-17,Visakhapatnam,IFO380,410.14
2443,2021-08-17,Houston,VLSFO,514.35
2444,2021-08-17,Houston,LSMGO,629.36
2445,2021-08-17,Houston,IFO380,366.1
2446,2021-08-18,Singapore,VLSFO,553.67
2447,2021-08-18,Singapore,LSMGO,711.57
2448,2021-08-18,Singapore,IFO380,400.11
2449,2021-08-18,Fujairah,VLSFO,536.62
2450,2021-08-18,Fujairah,LSMGO,699.86
2451,2021-08-18,Fujairah,IFO380,384.31
2452,2021-08-18,Rotterdam,VLSFO,523.79
2453,2021-08-18,Rotterdam,LSMGO,651.59
2454,2021-08-18,Rotterdam,IFO380,376.43
2455,2021-08-18,Visakhapatnam,VLSFO,578.31
2456,2021-08-18,Visakhapatnam,LSMGO,807.58
2457,2021-08-18,Visakhapatnam,IFO380,419.81
2458,2021-08-18,Houston,VLSFO,510.7
2459,2021-08-18,Houston,LSMGO,630.19
2460,2021-08-18,Houston,IFO380,365.83
2461,2021-08-19,Singapore,VLSFO,550.73
2462,2021-08-19,Singapore,LSMGO,696.81
2463,2021-08-19,Singapore,IFO380,392.46
2464,2021-08-19,Fujairah,VLSFO,542.17
2465,2021-08-19,Fujairah,LSMGO,698.71
2466,2021-08-19,Fujairah,IFO380,391.86
2467,2021-08-19,Rotterdam,VLSFO,519.01
2468,2021-08-19,Rotterdam,LSMGO,655.87
2469,2021-08-19,Rotterdam,IFO380,370.72
2470,2021-08-19,Visakhapatnam,VLSFO,586.06
2471,2021-08-19,Visakhapatnam,LSMGO,823.05
2472,2021-08-19,Visakhapatnam,IFO380,422.12
2473,2021-08-19,Houston,VLSFO,512.6
2474,2021-08-19,Houston,LSMGO,630.64
2475,2021-08-19,Houston,IFO380,370.27
2476,2021-08-20,Singapore,VLSFO,552.83
2477,2021-08-20,Singapore,LSMGO,710.17
2478,2021-08-20,Singapore,IFO380,403.63
2479,2021-08-20,Fujairah,VLSFO,545.3
2480,2021-08-20,Fujairah,LSMGO,710.46
2481,2021-08-20,Fujairah,IFO380,395.05
2482,2021-08-20,Rotterdam,VLSFO,522.27
2483,2021-08-20,Rotterdam,LSMGO,655.67
2484,2021-08-20,Rotterdam,IFO380,375.1
2485,2021-08-20,Visakhapatnam,VLSFO,590.7
2486,2021-08-20,Visakhapatnam,LSMGO,817.06
2487,2021-08-20,Visakhapatnam,IFO380,427.76
2488,2021-08-20,Houston,VLSFO,516.52
2489,2021-08-20,Houston,LSMGO,644.5
2490,2021-08-20,Houston,IFO380,369.34
2491,2021-08-23,Singapore,VLSFO,542.92
2492,2021-08-23,Singapore,LSMGO,698.52
2493,2021-08-23,Singapore,IFO380,389.82
2494,2021-08-23,Fujairah,VLSFO,545.61
2495,2021-08-23,Fujairah,LSMGO,727.2
2496,2021-08-23,Fujairah,IFO380,388.53
2497,2021-08-23,Rotterdam,VLSFO,521.14
2498,2021-08-23,Rotterdam,LSMGO,646.42
2499,2021-08-23,Rotterdam,IFO380,366.72
2500,2021-08-23,Visakhapatnam,VLSFO,581.96
2501,2021-08-23,Visakhapatnam,LSMGO,813.87
2502,2021-08-23,Visakhapatnam,IFO380,419.45
2503,2021-08-23,Houston,VLSFO,511.92
2504,2021-08-23,Houston,LSMGO,629.82
2505,2021-08-23,Houston,IFO380,368.24
2506,2021-08-24,Singapore,VLSFO,547.79
2507,2021-08-24,Singapore,LSMGO,683.81
2508,2021-08-24,Singapore,IFO380,399.3
2509,2021-08-24,Fujairah,VLSFO,531.89
2510,2021-08-24,Fujairah,LSMGO,686.72
2511,2021-08-24,Fujairah,IFO380,385.77
2512,2021-08-24,Rotterdam,VLSFO,523.53
2513,2021-08-24,Rotterdam,LSMGO,650.63
2514,2021-08-24,Rotterdam,IFO380,370.56
2515,2021-08-24,Visakhapatnam,VLSFO,593.84
2516,2021-08-24,Visakhapatnam,LSMGO,829.62
2517,2021-08-24,Visakhapatnam,IFO380,429.28
2518,2021-08-24,Houston,VLSFO,503.94
2519,2021-08-24,Houston,LSMGO,617.76
2520,2021-08-24,Houston,IFO380,370.15
2521,2021-08-25,Singapore,VLSFO,546.07
2522,2021-08-25,Singapore,LSMGO,701.7
2523,2021-08-25,Singapore,IFO380,385.1
2524,2021-08-25,Fujairah,VLSFO,545.55
2525,2021-08-25,Fujairah,LSMGO,703.84
2526,2021-08-25,Fujairah,IFO380,397.82
2527,2021-08-25,Rotterdam,VLSFO,520.98
2528,2021-08-25,Rotterdam,LSMGO,647.25
2529,2021-08-25,Rotterdam,IFO380,371.08
2530,2021-08-25,Visakhapatnam,VLSFO,591.26
2531,2021-08-25,Visakhapatnam,LSMGO,815.49
2532,2021-08-25,Visakhapatnam,IFO380,425.11
2533,2021-08-25,Houston,VLSFO,514.36
2534,2021-08-25,Houston,LSMGO,633.47
2535,2021-08-25,Houston,IFO380,363.85
2536,2021-08-26,Singapore,VLSFO,559.52
2537,2021-08-26,Singapore,LSMGO,731.87
2538,2021-08-26,Singapore,IFO380,399.38
2539,2021-08-26,Fujairah,VLSFO,541.62
2540,2021-08-26,Fujairah,LSMGO,701.77
2541,2021-08-26,Fujairah,IFO380,384.31
2542,2021-08-26,Rotterdam,VLSFO,524.08
2543,2021-08-26,Rotterdam,LSMGO,654.51
2544,2021-08-26,Rotterdam,IFO380,374.78
2545,2021-08-26,Visakhapatnam,VLSFO,593.81
2546,2021-08-26,Visakhapatnam,LSMGO,810.96
2547,2021-08-26,Visakhapatnam,IFO380,421.2
2548,2021-08-26,Houston,VLSFO,500.64
2549,2021-08-26,Houston,LSMGO,615.43
2550,2021-08-26,Houston,IFO380,355.12
2551,2021-08-27,Singapore,VLSFO,554.12
2552,2021-08-27,Singapore,LSMGO,708.43
2553,2021-08-27,Singapore,IFO380,402.88
2554,2021-08-27,Fujairah,VLSFO,541.41
2555,2021-08-27,Fujairah,LSMGO,711.54
2556,2021-08-27,Fujairah,IFO380,390.81
2557,2021-08-27,Rotterdam,VLSFO,527.28
2558,2021-08-27,Rotterdam,LSMGO,662.58
2559,2021-08-27,Rotterdam,IFO380,383.89
2560,2021-08-27,Visakhapatnam,VLSFO,587.5
2561,2021-08-27,Visakhapatnam,LSMGO,805.61
2562,2021-08-27,Visakhapatnam,IFO380,423.36
2563,2021-08-27,Houston,VLSFO,512.5
2564,2021-08-27,Houston,LSMGO,632.98
2565,2021-08-27,Houston,IFO380,365.37
2566,2021-08-30,Singapore,VLSFO,550.26
2567,2021-08-30,Singapore,LSMGO,688.58
2568,2021-08-30,Singapore,IFO380,395.1
2569,2021-08-30,Fujairah,VLSFO,547.53
2570,2021-08-30,Fujairah,LSMGO,720.29
2571,2021-08-30,Fujairah,IFO380,390.82
2572,2021-08-30,Rotterdam,VLSFO,525.89
2573,2021-08-30,Rotterdam,LSMGO,657.81
2574,2021-08-30,Rotterdam,IFO380,383.3
2575,2021-08-30,Visakhapatnam,VLSFO,572.31
2576,2021-08-30,Visakhapatnam,LSMGO,793.88
2577,2021-08-30,Visakhapatnam,IFO380,409.8
2578,2021-08-30,Houston,VLSFO,501.76
2579,2021-08-30,Houston,LSMGO,612.67
2580,2021-08-30,Houston,IFO380,363.86
2581,2021-08-31,Singapore,VLSFO,547.69
2582,2021-08-31,Singapore,LSMGO,709.57
2583,2021-08-31,Singapore,IFO380,387.06
2584,2021-08-31,Fujairah,VLSFO,550.42
2585,2021-08-31,Fujairah,LSMGO,717.64
2586,2021-08-31,Fujairah,IFO380,396.79
2587,2021-08-31,Rotterdam,VLSFO,525.49
2588,2021-08-31,Rotterdam,LSMGO,650.27
2589,2021-08-31,Rotterdam,IFO380,377.14
2590,2021-08-31,Visakhapatnam,VLSFO,589.52
2591,2021-08-31,Visakhapatnam,LSMGO,824.84
2592,2021-08-31,Visakhapatnam,IFO380,427.97
2593,2021-08-31,Houston,VLSFO,511.8
2594,2021-08-31,Houston,LSMGO,633.79
2595,2021-08-31,Houston,IFO380,370.96
2596,2021-09-01,Singapore,VLSFO,557.88
2597,2021-09-01,Singapore,LSMGO,709.72
2598,2021-09-01,Singapore,IFO380,401.6
2599,2021-09-01,Fujairah,VLSFO,532.78
2600,2021-09-01,Fujairah,LSMGO,704.86
2601,2021-09-01,Fujairah,IFO380,390.9
2602,2021-09-01,Rotterdam,VLSFO,528.84
2603,2021-09-01,Rotterdam,LSMGO,662.08
2604,2021-09-01,Rotterdam,IFO380,376.31
2605,2021-09-01,Visakhapatnam,VLSFO,597.76
2606,2021-09-01,Visakhapatnam,LSMGO,817.16
2607,2021-09-01,Visakhapatnam,IFO380,432.58
2608,2021-09-01,Houston,VLSFO,515.03
2609,2021-09-01,Houston,LSMGO,644.48
2610,2021-09-01,Houston,IFO380,374.31
2611,2021-09-02,Singapore,VLSFO,551.72
2612,2021-09-02,Singapore,LSMGO,703.98
2613,2021-09-02,Singapore,IFO380,393.53
2614,2021-09-02,Fujairah,VLSFO,543.92
2615,2021-09-02,Fujairah,LSMGO,707.87
2616,2021-09-02,Fujairah,IFO380,391.8
2617,2021-09-02,Rotterdam,VLSFO,525.89
2618,2021-09-02,Rotterdam,LSMGO,660.79
2619,2021-09-02,Rotterdam,IFO380,382.35
2620,2021-09-02,Visakhapatnam,VLSFO,583.21
2621,2021-09-02,Visakhapatnam,LSMGO,803.76
2622,2021-09-02,Visakhapatnam,IFO380,410.16
2623,2021-09-02,Houston,VLSFO,513.71
2624,2021-09-02,Houston,LSMGO,622.14
2625,2021-09-02,Houston,IFO380,371.73
2626,2021-09-03,Singapore,VLSFO,560.26
2627,2021-09-03,Singapore,LSMGO,713.92
2628,2021-09-03,Singapore,IFO380,402.35
2629,2021-09-03,Fujairah,VLSFO,537.81
2630,2021-09-03,Fujairah,LSMGO,713.77
2631,2021-09-03,Fujairah,IFO380,385.42
2632,2021-09-03,Rotterdam,VLSFO,517.35
2633,2021-09-03,Rotterdam,LSMGO,652.21
2634,2021-09-03,Rotterdam,IFO380,369.94
2635,2021-09-03,Visakhapatnam,VLSFO,583.85
2636,2021-09-03,Visakhapatnam,LSMGO,799.3
2637,2021-09-03,Visakhapatnam,IFO380,424.31
2638,2021-09-03,Houston,VLSFO,526.06
2639,2021-09-03,Houston,LSMGO,657.21
2640,2021-09-03,Houston,IFO380,377.93
2641,2021-09-06,Singapore,VLSFO,555.9
2642,2021-09-06,Singapore,LSMGO,716.11
2643,2021-09-06,Singapore,IFO380,403.97
2644,2021-09-06,Fujairah,VLSFO,537.53
2645,2021-09-06,Fujairah,LSMGO,698.95
2646,2021-09-06,Fujairah,IFO380,382.94
2647,2021-09-06,Rotterdam,VLSFO,520.26
2648,2021-09-06,Rotterdam,LSMGO,653.18
2649,2021-09-06,Rotterdam,IFO380,376.18
2650,2021-09-06,Visakhapatnam,VLSFO,587.38
2651,2021-09-06,Visakhapatnam,LSMGO,796.6
2652,2021-09-06,Visakhapatnam,IFO380,427.95
2653,2021-09-06,Houston,VLSFO,517.99
2654,2021-09-06,Houston,LSMGO,639.06
2655,2021-09-06,Houston,IFO380,374.7
2656,2021-09-07,Singapore,VLSFO,548.96
2657,2021-09-07,Singapore,LSMGO,709.64
2658,2021-09-07,Singapore,IFO380,386.6
2659,2021-09-07,Fujairah,VLSFO,542.12
2660,2021-09-07,Fujairah,LSMGO,716.55
2661,2021-09-07,Fujairah,IFO380,388.75
2662,2021-09-07,Rotterdam,VLSFO,535.13
2663,2021-09-07,Rotterdam,LSMGO,666.56
2664,2021-09-07,Rotterdam,IFO380,383.59
2665,2021-09-07,Visakhapatnam,VLSFO,598.36
2666,2021-09-07,Visakhapatnam,LSMGO,828.29
2667,2021-09-07,Visakhapatnam,IFO380,426.18
2668,2021-09-07,Houston,VLSFO,513.87
2669,2021-09-07,Houston,LSMGO,636.14
2670,2021-09-07,Houston,IFO380,365.39
2671,2021-09-08,Singapore,VLSFO,558.87
2672,2021-09-08,Singapore,LSMGO,724.61
2673,2021-09-08,Singapore,IFO380,400.35
2674,2021-09-08,Fujairah,VLSFO,539.06
2675,2021-09-08,Fujairah,LSMGO,696.95
2676,2021-09-08,Fujairah,IFO380,390.68
2677,2021-09-08,Rotterdam,VLSFO,520.78
2678,2021-09-08,Rotterdam,LSMGO,649.78
2679,2021-09-08,Rotterdam,IFO380,371.0
2680,2021-09-08,Visakhapatnam,VLSFO,591.65
2681,2021-09-08,Visakhapatnam,LSMGO,802.16
2682,2021-09-08,Visakhapatnam,IFO380,423.34
2683,2021-09-08,Houston,VLSFO,522.15
2684,2021-09-08,Houston,LSMGO,649.93
2685,2021-09-08,Houston,IFO380,375.15
2686,2021-09-09,Singapore,VLSFO,549.5
2687,2021-09-09,Singapore,LSMGO,696.94
2688,2021-09-09,Singapore,IFO380,401.51
2689,2021-09-09,Fujairah,VLSFO,545.68
2690,2021-09-09,Fujairah,LSMGO,713.82
2691,2021-09-09,Fujairah,IFO380,391.77
2692,2021-09-09,Rotterdam,VLSFO,525.64
2693,2021-09-09,Rotterdam,LSMGO,663.54
2694,2021-09-09,Rotterdam,IFO380,377.07
2695,2021-09-09,Visakhapatnam,VLSFO,584.45
2696,2021-09-09,Visakhapatnam,LSMGO,798.29
2697,2021-09-09,Visakhapatnam,IFO380,424.28
2698,2021-09-09,Houston,VLSFO,514.17
2699,2021-09-09,Houston,LSMGO,624.1
2700,2021-09-09,Houston,IFO380,373.16
2701,2021-09-10,Singapore,VLSFO,561.33
2702,2021-09-10,Singapore,LSMGO,727.63
2703,2021-09-10,Singapore,IFO380,397.17
2704,2021-09-10,Fujairah,VLSFO,542.68
2705,2021-09-10,Fujairah,LSMGO,700.24
2706,2021-09-10,Fujairah,IFO380,394.62
2707,2021-09-10,Rotterdam,VLSFO,535.41
2708,2021-09-10,Rotterdam,LSMGO,658.42
2709,2021-09-10,Rotterdam,IFO380,383.46
2710,2021-09-10,Visakhapatnam,VLSFO,591.75
2711,2021-09-10,Visakhapatnam,LSMGO,819.7
2712,2021-09-10,Visakhapatnam,IFO380,422.78
2713,2021-09-10,Houston,VLSFO,518.45
2714,2021-09-10,Houston,LSMGO,639.09
2715,2021-09-10,Houston,IFO380,371.41
2716,2021-09-13,Singapore,VLSFO,553.88
2717,2021-09-13,Singapore,LSMGO,706.91
2718,2021-09-13,Singapore,IFO380,400.17
2719,2021-09-13,Fujairah,VLSFO,538.59
2720,2021-09-13,Fujairah,LSMGO,709.45
2721,2021-09-13,Fujairah,IFO380,391.16
2722,2021-09-13,Rotterdam,VLSFO,524.6
2723,2021-09-13,Rotterdam,LSMGO,653.48
2724,2021-09-13,Rotterdam,IFO380,383.44
2725,2021-09-13,Visakhapatnam,VLSFO,579.5
2726,2021-09-13,Visakhapatnam,LSMGO,794.64
2727,2021-09-13,Visakhapatnam,IFO380,415.83
2728,2021-09-13,Houston,VLSFO,519.23
2729,2021-09-13,Houston,LSMGO,643.99
2730,2021-09-13,Houston,IFO380,367.41
2731,2021-09-14,Singapore,VLSFO,557.48
2732,2021-09-14,Singapore,LSMGO,705.44
2733,2021-09-14,Singapore,IFO380,403.34
2734,2021-09-14,Fujairah,VLSFO,545.25
2735,2021-09-14,Fujairah,LSMGO,704.97
2736,2021-09-14,Fujairah,IFO380,388.88
2737,2021-09-14,Rotterdam,VLSFO,524.87
2738,2021-09-14,Rotterdam,LSMGO,665.46
2739,2021-09-14,Rotterdam,IFO380,368.19
2740,2021-09-14,Visakhapatnam,VLSFO,591.8
2741,2021-09-14,Visakhapatnam,LSMGO,822.86
2742,2021-09-14,Visakhapatnam,IFO380,424.74
2743,2021-09-14,Houston,VLSFO,515.94
2744,2021-09-14,Houston,LSMGO,622.53
2745,2021-09-14,Houston,IFO380,368.05
2746,2021-09-15,Singapore,VLSFO,551.23
2747,2021-09-15,Singapore,LSMGO,714.55
2748,2021-09-15,Singapore,IFO380,397.51
2749,2021-09-15,Fujairah,VLSFO,551.55
2750,2021-09-15,Fujairah,LSMGO,717.25
2751,2021-09-15,Fujairah,IFO380,394.65
2752,2021-09-15,Rotterdam,VLSFO,531.2
2753,2021-09-15,Rotterdam,LSMGO,656.78
2754,2021-09-15,Rotterdam,IFO380,389.67
2755,2021-09-15,Visakhapatnam,VLSFO,600.35
2756,2021-09-15,Visakhapatnam,LSMGO,837.44
2757,2021-09-15,Visakhapatnam,IFO380,432.44
2758,2021-09-15,Houston,VLSFO,517.08
2759,2021-09-15,Houston,LSMGO,652.16
2760,2021-09-15,Houston,IFO380,375.17
2761,2021-09-16,Singapore,VLSFO,552.2
2762,2021-09-16,Singapore,LSMGO,709.24
2763,2021-09-16,Singapore,IFO380,401.47
2764,2021-09-16,Fujairah,VLSFO,550.17
2765,2021-09-16,Fujairah,LSMGO,730.49
2766,2021-09-16,Fujairah,IFO380,392.25
2767,2021-09-16,Rotterdam,VLSFO,522.89
2768,2021-09-16,Rotterdam,LSMGO,648.06
2769,2021-09-16,Rotterdam,IFO380,377.25
2770,2021-09-16,Visakhapatnam,VLSFO,578.76
2771,2021-09-16,Visakhapatnam,LSMGO,795.51
2772,2021-09-16,Visakhapatnam,IFO380,416.74
2773,2021-09-16,Houston,VLSFO,515.2
2774,2021-09-16,Houston,LSMGO,622.96
2775,2021-09-16,Houston,IFO380,370.83
2776,2021-09-17,Singapore,VLSFO,558.89
2777,2021-09-17,Singapore,LSMGO,710.92
2778,2021-09-17,Singapore,IFO380,404.0
2779,2021-09-17,Fujairah,VLSFO,555.22
2780,2021-09-17,Fujairah,LSMGO,729.94
2781,2021-09-17,Fujairah,IFO380,401.67
2782,2021-09-17,Rotterdam,VLSFO,538.17
2783,2021-09-17,Rotterdam,LSMGO,677.33
2784,2021-09-17,Rotterdam,IFO380,390.48
2785,2021-09-17,Visakhapatnam,VLSFO,590.26
2786,2021-09-17,Visakhapatnam,LSMGO,834.28
2787,2021-09-17,Visakhapatnam,IFO380,420.35
2788,2021-09-17,Houston,VLSFO,523.4
2789,2021-09-17,Houston,LSMGO,656.58
2790,2021-09-17,Houston,IFO380,378.99
2791,2021-09-20,Singapore,VLSFO,558.46
2792,2021-09-20,Singapore,LSMGO,710.81
2793,2021-09-20,Singapore,IFO380,408.7
2794,2021-09-20,Fujairah,VLSFO,544.3
2795,2021-09-20,Fujairah,LSMGO,719.94
2796,2021-09-20,Fujairah,IFO380,386.0
2797,2021-09-20,Rotterdam,VLSFO,526.71
2798,2021-09-20,Rotterdam,LSMGO,663.85
2799,2021-09-20,Rotterdam,IFO380,379.59
2800,2021-09-20,Visakhapatnam,VLSFO,592.25
2801,2021-09-20,Visakhapatnam,LSMGO,821.8
2802,2021-09-20,Visakhapatnam,IFO380,425.66
2803,2021-09-20,Houston,VLSFO,519.42
2804,2021-09-20,Houston,LSMGO,639.68
2805,2021-09-20,Houston,IFO380,370.37
2806,2021-09-21,Singapore,VLSFO,556.39
2807,2021-09-21,Singapore,LSMGO,720.9
2808,2021-09-21,Singapore,IFO380,396.5
2809,2021-09-21,Fujairah,VLSFO,538.68
2810,2021-09-21,Fujairah,LSMGO,701.94
2811,2021-09-21,Fujairah,IFO380,391.83
2812,2021-09-21,Rotterdam,VLSFO,529.16
2813,2021-09-21,Rotterdam,LSMGO,649.68
2814,2021-09-21,Rotterdam,IFO380,378.88
2815,2021-09-21,Visakhapatnam,VLSFO,598.63
2816,2021-09-21,Visakhapatnam,LSMGO,821.42
2817,2021-09-21,Visakhapatnam,IFO380,429.64
2818,2021-09-21,Houston,VLSFO,520.72
2819,2021-09-21,Houston,LSMGO,645.31
2820,2021-09-21,Houston,IFO380,370.08
2821,2021-09-22,Singapore,VLSFO,553.7
2822,2021-09-22,Singapore,LSMGO,704.91
2823,2021-09-22,Singapore,IFO380,403.14
2824,2021-09-22,Fujairah,VLSFO,544.61
2825,2021-09-22,Fujairah,LSMGO,709.7
2826,2021-09-22,Fujairah,IFO380,392.34
2827,2021-09-22,Rotterdam,VLSFO,515.18
2828,2021-09-22,Rotterdam,LSMGO,638.23
2829,2021-09-22,Rotterdam,IFO380,379.71
2830,2021-09-22,Visakhapatnam,VLSFO,598.27
2831,2021-09-22,Visakhapatnam,LSMGO,836.08
2832,2021-09-22,Visakhapatnam,IFO380,425.2
2833,2021-09-22,Houston,VLSFO,519.04
2834,2021-09-22,Houston,LSMGO,637.67
2835,2021-09-22,Houston,IFO380,380.73
2836,2021-09-23,Singapore,VLSFO,558.85
2837,2021-09-23,Singapore,LSMGO,714.75
2838,2021-09-23,Singapore,IFO380,402.65
2839,2021-09-23,Fujairah,VLSFO,547.5
2840,2021-09-23,Fujairah,LSMGO,722.66
2841,2021-09-23,Fujairah,IFO380,393.61
2842,2021-09-23,Rotterdam,VLSFO,534.06
2843,2021-09-23,Rotterdam,LSMGO,671.41
2844,2021-09-23,Rotterdam,IFO380,377.96
2845,2021-09-23,Visakhapatnam,VLSFO,591.0
2846,2021-09-23,Visakhapatnam,LSMGO,817.41
2847,2021-09-23,Visakhapatnam,IFO380,430.83
2848,2021-09-23,Houston,VLSFO,511.06
2849,2021-09-23,Houston,LSMGO,626.01
2850,2021-09-23,Houston,IFO380,369.75
2851,2021-09-24,Singapore,VLSFO,564.59
2852,2021-09-24,Singapore,LSMGO,720.2
2853,2021-09-24,Singapore,IFO380,401.39
2854,2021-09-24,Fujairah,VLSFO,545.73
2855,2021-09-24,Fujairah,LSMGO,723.43
2856,2021-09-24,Fujairah,IFO380,395.2
2857,2021-09-24,Rotterdam,VLSFO,539.48
2858,2021-09-24,Rotterdam,LSMGO,675.27
2859,2021-09-24,Rotterdam,IFO380,392.98
2860,2021-09-24,Visakhapatnam,VLSFO,587.54
2861,2021-09-24,Visakhapatnam,LSMGO,825.3
2862,2021-09-24,Visakhapatnam,IFO380,420.64
2863,2021-09-24,Houston,VLSFO,518.25
2864,2021-09-24,Houston,LSMGO,629.96
2865,2021-09-24,Houston,IFO380,372.69
2866,2021-09-27,Singapore,VLSFO,566.17
2867,2021-09-27,Singapore,LSMGO,727.02
2868,2021-09-27,Singapore,IFO380,410.66
2869,2021-09-27,Fujairah,VLSFO,538.01
2870,2021-09-27,Fujairah,LSMGO,718.34
2871,2021-09-27,Fujairah,IFO380,383.36
2872,2021-09-27,Rotterdam,VLSFO,532.64
2873,2021-09-27,Rotterdam,LSMGO,665.09
2874,2021-09-27,Rotterdam,IFO380,381.89
2875,2021-09-27,Visakhapatnam,VLSFO,597.99
2876,2021-09-27,Visakhapatnam,LSMGO,823.27
2877,2021-09-27,Visakhapatnam,IFO380,435.73
2878,2021-09-27,Houston,VLSFO,520.4
2879,2021-09-27,Houston,LSMGO,626.26
2880,2021-09-27,Houston,IFO380,378.45
2881,2021-09-28,Singapore,VLSFO,564.1
2882,2021-09-28,Singapore,LSMGO,725.99
2883,2021-09-28,Singapore,IFO380,403.73
2884,2021-09-28,Fujairah,VLSFO,556.25
2885,2021-09-28,Fujairah,LSMGO,730.99
2886,2021-09-28,Fujairah,IFO380,399.18
2887,2021-09-28,Rotterdam,VLSFO,530.03
2888,2021-09-28,Rotterdam,LSMGO,650.99
2889,2021-09-28,Rotterdam,IFO380,383.6
2890,2021-09-28,Visakhapatnam,VLSFO,593.19
2891,2021-09-28,Visakhapatnam,LSMGO,822.04
2892,2021-09-28,Visakhapatnam,IFO380,426.95
2893,2021-09-28,Houston,VLSFO,523.14
2894,2021-09-28,Houston,LSMGO,639.67
2895,2021-09-28,Houston,IFO380,378.78
2896,2021-09-29,Singapore,VLSFO,557.84
2897,2021-09-29,Singapore,LSMGO,705.95
2898,2021-09-29,Singapore,IFO380,401.02
2899,2021-09-29,Fujairah,VLSFO,545.55
2900,2021-09-29,Fujairah,LSMGO,721.95
2901,2021-09-29,Fujairah,IFO380,385.36
2902,2021-09-29,Rotterdam,VLSFO,532.99
2903,2021-09-29,Rotterdam,LSMGO,666.35
2904,2021-09-29,Rotterdam,IFO380,382.1
2905,2021-09-29,Visakhapatnam,VLSFO,595.85
2906,2021-09-29,Visakhapatnam,LSMGO,815.7
2907,2021-09-29,Visakhapatnam,IFO380,435.57
2908,2021-09-29,Houston,VLSFO,527.58
2909,2021-09-29,Houston,LSMGO,659.6
2910,2021-09-29,Houston,IFO380,379.67
2911,2021-09-30,Singapore,VLSFO,559.45
2912,2021-09-30,Singapore,LSMGO,701.4
2913,2021-09-30,Singapore,IFO380,400.66
2914,2021-09-30,Fujairah,VLSFO,548.0
2915,2021-09-30,Fujairah,LSMGO,725.88
2916,2021-09-30,Fujairah,IFO380,401.93
2917,2021-09-30,Rotterdam,VLSFO,531.84
2918,2021-09-30,Rotterdam,LSMGO,671.25
2919,2021-09-30,Rotterdam,IFO380,390.62
2920,2021-09-30,Visakhapatnam,VLSFO,600.65
2921,2021-09-30,Visakhapatnam,LSMGO,825.44
2922,2021-09-30,Visakhapatnam,IFO380,429.01
2923,2021-09-30,Houston,VLSFO,515.04
2924,2021-09-30,Houston,LSMGO,631.81
2925,2021-09-30,Houston,IFO380,371.89
2926,2021-10-01,Singapore,VLSFO,558.58
2927,2021-10-01,Singapore,LSMGO,722.05
2928,2021-10-01,Singapore,IFO380,398.92
2929,2021-10-01,Fujairah,VLSFO,548.83
2930,2021-10-01,Fujairah,LSMGO,719.6
2931,2021-10-01,Fujairah,IFO380,389.94
2932,2021-10-01,Rotterdam,VLSFO,529.7
2933,2021-10-01,Rotterdam,LSMGO,667.54
2934,2021-10-01,Rotterdam,IFO380,386.05
2935,2021-10-01,Visakhapatnam,VLSFO,599.06
2936,2021-10-01,Visakhapatnam,LSMGO,831.91
2937,2021-10-01,Visakhapatnam,IFO380,430.02
2938,2021-10-01,Houston,VLSFO,528.33
2939,2021-10-01,Houston,LSMGO,647.54
2940,2021-10-01,Houston,IFO380,378.56
2941,2021-10-04,Singapore,VLSFO,561.7
2942,2021-10-04,Singapore,LSMGO,721.19
2943,2021-10-04,Singapore,IFO380,409.44
2944,2021-10-04,Fujairah,VLSFO,545.31
2945,2021-10-04,Fujairah,LSMGO,710.63
2946,2021-10-04,Fujairah,IFO380,392.23
2947,2021-10-04,Rotterdam,VLSFO,538.72
2948,2021-10-04,Rotterdam,LSMGO,668.25
2949,2021-10-04,Rotterdam,IFO380,394.77
2950,2021-10-04,Visakhapatnam,VLSFO,596.67
2951,2021-10-04,Visakhapatnam,LSMGO,832.86
2952,2021-10-04,Visakhapatnam,IFO380,428.91
2953,2021-10-04,Houston,VLSFO,522.4
2954,2021-10-04,Houston,LSMGO,647.68
2955,2021-10-04,Houston,IFO380,377.25
2956,2021-10-05,Singapore,VLSFO,563.19
2957,2021-10-05,Singapore,LSMGO,718.26
2958,2021-10-05,Singapore,IFO380,401.96
2959,2021-10-05,Fujairah,VLSFO,552.27
2960,2021-10-05,Fujairah,LSMGO,728.8
2961,2021-10-05,Fujairah,IFO380,391.27
2962,2021-10-05,Rotterdam,VLSFO,532.95
2963,2021-10-05,Rotterdam,LSMGO,670.18
2964,2021-10-05,Rotterdam,IFO380,385.63
2965,2021-10-05,Visakhapatnam,VLSFO,596.87
2966,2021-10-05,Visakhapatnam,LSMGO,826.3
2967,2021-10-05,Visakhapatnam,IFO380,429.46
2968,2021-10-05,Houston,VLSFO,524.43
2969,2021-10-05,Houston,LSMGO,651.87
2970,2021-10-05,Houston,IFO380,376.35
2971,2021-10-06,Singapore,VLSFO,566.88
2972,2021-10-06,Singapore,LSMGO,733.3
2973,2021-10-06,Singapore,IFO380,409.03
2974,2021-10-06,Fujairah,VLSFO,553.56
2975,2021-10-06,Fujairah,LSMGO,725.67
2976,2021-10-06,Fujairah,IFO380,395.97
2977,2021-10-06,Rotterdam,VLSFO,536.51
2978,2021-10-06,Rotterdam,LSMGO,670.12
2979,2021-10-06,Rotterdam,IFO380,392.16
2980,2021-10-06,Visakhapatnam,VLSFO,598.54
2981,2021-10-06,Visakhapatnam,LSMGO,823.68
2982,2021-10-06,Visakhapatnam,IFO380,427.11
2983,2021-10-06,Houston,VLSFO,519.12
2984,2021-10-06,Houston,LSMGO,644.13
2985,2021-10-06,Houston,IFO380,369.82
2986,2021-10-07,Singapore,VLSFO,573.12
2987,2021-10-07,Singapore,LSMGO,742.76
2988,2021-10-07,Singapore,IFO380,419.68
2989,2021-10-07,Fujairah,VLSFO,552.01
2990,2021-10-07,Fujairah,LSMGO,722.06
2991,2021-10-07,Fujairah,IFO380,398.1
2992,2021-10-07,Rotterdam,VLSFO,541.09
2993,2021-10-07,Rotterdam,LSMGO,671.14
2994,2021-10-07,Rotterdam,IFO380,386.85
2995,2021-10-07,Visakhapatnam,VLSFO,598.6
2996,2021-10-07,Visakhapatnam,LSMGO,808.8
2997,2021-10-07,Visakhapatnam,IFO380,426.89
2998,2021-10-07,Houston,VLSFO,520.38
2999,2021-10-07,Houston,LSMGO,639.74
3000,2021-10-07,Houston,IFO380,377.18
3001,2021-10-08,Singapore,VLSFO,570.7
3002,2021-10-08,Singapore,LSMGO,734.37
3003,2021-10-08,Singapore,IFO380,409.71
3004,2021-10-08,Fujairah,VLSFO,552.79
3005,2021-10-08,Fujairah,LSMGO,725.43
3006,2021-10-08,Fujairah,IFO380,396.06
3007,2021-10-08,Rotterdam,VLSFO,535.26
3008,2021-10-08,Rotterdam,LSMGO,662.42
3009,2021-10-08,Rotterdam,IFO380,393.19
3010,2021-10-08,Visakhapatnam,VLSFO,598.1
3011,2021-10-08,Visakhapatnam,LSMGO,825.85
3012,2021-10-08,Visakhapatnam,IFO380,428.94
3013,2021-10-08,Houston,VLSFO,520.68
3014,2021-10-08,Houston,LSMGO,646.32
3015,2021-10-08,Houston,IFO380,372.62
3016,2021-10-11,Singapore,VLSFO,563.95
3017,2021-10-11,Singapore,LSMGO,720.27
3018,2021-10-11,Singapore,IFO380,400.75
3019,2021-10-11,Fujairah,VLSFO,551.38
3020,2021-10-11,Fujairah,LSMGO,719.21
3021,2021-10-11,Fujairah,IFO380,393.4
3022,2021-10-11,Rotterdam,VLSFO,534.59
3023,2021-10-11,Rotterdam,LSMGO,659.92
3024,2021-10-11,Rotterdam,IFO380,386.56
3025,2021-10-11,Visakhapatnam,VLSFO,595.01
3026,2021-10-11,Visakhapatnam,LSMGO,826.75
3027,2021-10-11,Visakhapatnam,IFO380,425.38
3028,2021-10-11,Houston,VLSFO,526.55
3029,2021-10-11,Houston,LSMGO,651.96
3030,2021-10-11,Houston,IFO380,382.98
3031,2021-10-12,Singapore,VLSFO,550.7
3032,2021-10-12,Singapore,LSMGO,706.76
3033,2021-10-12,Singapore,IFO380,394.15
3034,2021-10-12,Fujairah,VLSFO,553.15
3035,2021-10-12,Fujairah,LSMGO,723.1
3036,2021-10-12,Fujairah,IFO380,390.49
3037,2021-10-12,Rotterdam,VLSFO,538.47
3038,2021-10-12,Rotterdam,LSMGO,680.95
3039,2021-10-12,Rotterdam,IFO380,378.24
3040,2021-10-12,Visakhapatnam,VLSFO,593.94
3041,2021-10-12,Visakhapatnam,LSMGO,816.91
3042,2021-10-12,Visakhapatnam,IFO380,426.96
3043,2021-10-12,Houston,VLSFO,529.06
3044,2021-10-12,Houston,LSMGO,654.44
3045,2021-10-12,Houston,IFO380,381.46
3046,2021-10-13,Singapore,VLSFO,572.52
3047,2021-10-13,Singapore,LSMGO,740.11
3048,2021-10-13,Singapore,IFO380,410.36
3049,2021-10-13,Fujairah,VLSFO,551.8
3050,2021-10-13,Fujairah,LSMGO,716.79
3051,2021-10-13,Fujairah,IFO380,395.46
3052,2021-10-13,Rotterdam,VLSFO,534.86
3053,2021-10-13,Rotterdam,LSMGO,667.28
3054,2021-10-13,Rotterdam,IFO380,382.56
3055,2021-10-13,Visakhapatnam,VLSFO,598.48
3056,2021-10-13,Visakhapatnam,LSMGO,837.73
3057,2021-10-13,Visakhapatnam,IFO380,432.47
3058,2021-10-13,Houston,VLSFO,523.82
3059,2021-10-13,Houston,LSMGO,651.57
3060,2021-10-13,Houston,IFO380,369.47
3061,2021-10-14,Singapore,VLSFO,562.52
3062,2021-10-14,Singapore,LSMGO,724.6
3063,2021-10-14,Singapore,IFO380,408.91
3064,2021-10-14,Fujairah,VLSFO,561.9
3065,2021-10-14,Fujairah,LSMGO,729.36
3066,2021-10-14,Fujairah,IFO380,403.28
3067,2021-10-14,Rotterdam,VLSFO,547.91
3068,2021-10-14,Rotterdam,LSMGO,685.95
3069,2021-10-14,Rotterdam,IFO380,392.29
3070,2021-10-14,Visakhapatnam,VLSFO,600.47
3071,2021-10-14,Visakhapatnam,LSMGO,814.23
3072,2021-10-14,Visakhapatnam,IFO380,435.86
3073,2021-10-14,Houston,VLSFO,522.3
3074,2021-10-14,Houston,LSMGO,635.45
3075,2021-10-14,Houston,IFO380,373.77
3076,2021-10-15,Singapore,VLSFO,563.0
3077,2021-10-15,Singapore,LSMGO,722.07
3078,2021-10-15,Singapore,IFO380,412.06
3079,2021-10-15,Fujairah,VLSFO,552.57
3080,2021-10-15,Fujairah,LSMGO,721.96
3081,2021-10-15,Fujairah,IFO380,403.38
3082,2021-10-15,Rotterdam,VLSFO,543.86
3083,2021-10-15,Rotterdam,LSMGO,687.06
3084,2021-10-15,Rotterdam,IFO380,396.62
3085,2021-10-15,Visakhapatnam,VLSFO,597.13
3086,2021-10-15,Visakhapatnam,LSMGO,822.88
3087,2021-10-15,Visakhapatnam,IFO380,431.46
3088,2021-10-15,Houston,VLSFO,520.46
3089,2021-10-15,Houston,LSMGO,644.77
3090,2021-10-15,Houston,IFO380,371.63
3091,2021-10-18,Singapore,VLSFO,567.43
3092,2021-10-18,Singapore,LSMGO,730.36
3093,2021-10-18,Singapore,IFO380,405.52
3094,2021-10-18,Fujairah,VLSFO,548.89
3095,2021-10-18,Fujairah,LSMGO,716.25
3096,2021-10-18,Fujairah,IFO380,394.98
3097,2021-10-18,Rotterdam,VLSFO,533.68
3098,2021-10-18,Rotterdam,LSMGO,666.08
3099,2021-10-18,Rotterdam,IFO380,382.75
3100,2021-10-18,Visakhapatnam,VLSFO,597.45
3101,2021-10-18,Visakhapatnam,LSMGO,815.86
3102,2021-10-18,Visakhapatnam,IFO380,425.79
3103,2021-10-18,Houston,VLSFO,524.6
3104,2021-10-18,Houston,LSMGO,652.15
3105,2021-10-18,Houston,IFO380,376.22
3106,2021-10-19,Singapore,VLSFO,567.04
3107,2021-10-19,Singapore,LSMGO,718.0
3108,2021-10-19,Singapore,IFO380,411.18
3109,2021-10-19,Fujairah,VLSFO,564.69
3110,2021-10-19,Fujairah,LSMGO,743.73
3111,2021-10-19,Fujairah,IFO380,407.73
3112,2021-10-19,Rotterdam,VLSFO,541.98
3113,2021-10-19,Rotterdam,LSMGO,675.35
3114,2021-10-19,Rotterdam,IFO380,395.08
3115,2021-10-19,Visakhapatnam,VLSFO,600.05
3116,2021-10-19,Visakhapatnam,LSMGO,823.47
3117,2021-10-19,Visakhapatnam,IFO380,433.02
3118,2021-10-19,Houston,VLSFO,524.69
3119,2021-10-19,Houston,LSMGO,643.1
3120,2021-10-19,Houston,IFO380,383.49
3121,2021-10-20,Singapore,VLSFO,580.84
3122,2021-10-20,Singapore,LSMGO,754.78
3123,2021-10-20,Singapore,IFO380,428.0
3124,2021-10-20,Fujairah,VLSFO,562.2
3125,2021-10-20,Fujairah,LSMGO,733.45
3126,2021-10-20,Fujairah,IFO380,405.15
3127,2021-10-20,Rotterdam,VLSFO,540.5
3128,2021-10-20,Rotterdam,LSMGO,682.52
3129,2021-10-20,Rotterdam,IFO380,385.31
3130,2021-10-20,Visakhapatnam,VLSFO,604.91
3131,2021-10-20,Visakhapatnam,LSMGO,843.81
3132,2021-10-20,Visakhapatnam,IFO380,435.35
3133,2021-10-20,Houston,VLSFO,524.11
3134,2021-10-20,Houston,LSMGO,638.42
3135,2021-10-20,Houston,IFO380,382.56
3136,2021-10-21,Singapore,VLSFO,571.92
3137,2021-10-21,Singapore,LSMGO,715.89
3138,2021-10-21,Singapore,IFO380,411.38
3139,2021-10-21,Fujairah,VLSFO,556.04
3140,2021-10-21,Fujairah,LSMGO,730.74
3141,2021-10-21,Fujairah,IFO380,392.92
3142,2021-10-21,Rotterdam,VLSFO,544.53
3143,2021-10-21,Rotterdam,LSMGO,684.25
3144,2021-10-21,Rotterdam,IFO380,394.8
3145,2021-10-21,Visakhapatnam,VLSFO,598.57
3146,2021-10-21,Visakhapatnam,LSMGO,830.19
3147,2021-10-21,Visakhapatnam,IFO380,429.31
3148,2021-10-21,Houston,VLSFO,530.36
3149,2021-10-21,Houston,LSMGO,655.06
3150,2021-10-21,Houston,IFO380,378.96
3151,2021-10-22,Singapore,VLSFO,571.19
3152,2021-10-22,Singapore,LSMGO,725.89
3153,2021-10-22,Singapore,IFO380,411.7
3154,2021-10-22,Fujairah,VLSFO,559.97
3155,2021-10-22,Fujairah,LSMGO,729.13
3156,2021-10-22,Fujairah,IFO380,403.25
3157,2021-10-22,Rotterdam,VLSFO,546.6
3158,2021-10-22,Rotterdam,LSMGO,680.88
3159,2021-10-22,Rotterdam,IFO380,394.02
3160,2021-10-22,Visakhapatnam,VLSFO,606.57
3161,2021-10-22,Visakhapatnam,LSMGO,829.18
3162,2021-10-22,Visakhapatnam,IFO380,434.49
3163,2021-10-22,Houston,VLSFO,523.13
3164,2021-10-22,Houston,LSMGO,643.65
3165,2021-10-22,Houston,IFO380,377.72
3166,2021-10-25,Singapore,VLSFO,560.89
3167,2021-10-25,Singapore,LSMGO,708.49
3168,2021-10-25,Singapore,IFO380,402.84
3169,2021-10-25,Fujairah,VLSFO,553.91
3170,2021-10-25,Fujairah,LSMGO,719.34
3171,2021-10-25,Fujairah,IFO380,396.59
3172,2021-10-25,Rotterdam,VLSFO,536.16
3173,2021-10-25,Rotterdam,LSMGO,668.66
3174,2021-10-25,Rotterdam,IFO380,376.82
3175,2021-10-25,Visakhapatnam,VLSFO,603.27
3176,2021-10-25,Visakhapatnam,LSMGO,830.33
3177,2021-10-25,Visakhapatnam,IFO380,433.39
3178,2021-10-25,Houston,VLSFO,526.0
3179,2021-10-25,Houston,LSMGO,631.78
3180,2021-10-25,Houston,IFO380,374.39
3181,2021-10-26,Singapore,VLSFO,567.63
3182,2021-10-26,Singapore,LSMGO,727.92
3183,2021-10-26,Singapore,IFO380,407.58
3184,2021-10-26,Fujairah,VLSFO,562.19
3185,2021-10-26,Fujairah,LSMGO,722.4
3186,2021-10-26,Fujairah,IFO380,405.92
3187,2021-10-26,Rotterdam,VLSFO,547.02
3188,2021-10-26,Rotterdam,LSMGO,685.27
3189,2021-10-26,Rotterdam,IFO380,393.94
3190,2021-10-26,Visakhapatnam,VLSFO,601.61
3191,2021-10-26,Visakhapatnam,LSMGO,832.95
3192,2021-10-26,Visakhapatnam,IFO380,433.31
3193,2021-10-26,Houston,VLSFO,530.93
3194,2021-10-26,Houston,LSMGO,642.6
3195,2021-10-26,Houston,IFO380,378.8
3196,2021-10-27,Singapore,VLSFO,569.77
3197,2021-10-27,Singapore,LSMGO,727.02
3198,2021-10-27,Singapore,IFO380,416.3
3199,2021-10-27,Fujairah,VLSFO,554.25
3200,2021-10-27,Fujairah,LSMGO,726.29
3201,2021-10-27,Fujairah,IFO380,397.97
3202,2021-10-27,Rotterdam,VLSFO,548.66
3203,2021-10-27,Rotterdam,LSMGO,685.12
3204,2021-10-27,Rotterdam,IFO380,397.0
3205,2021-10-27,Visakhapatnam,VLSFO,616.46
3206,2021-10-27,Visakhapatnam,LSMGO,853.92
3207,2021-10-27,Visakhapatnam,IFO380,446.85
3208,2021-10-27,Houston,VLSFO,520.82
3209,2021-10-27,Houston,LSMGO,643.69
3210,2021-10-27,Houston,IFO380,372.42
3211,2021-10-28,Singapore,VLSFO,562.69
3212,2021-10-28,Singapore,LSMGO,721.7
3213,2021-10-28,Singapore,IFO380,404.28
3214,2021-10-28,Fujairah,VLSFO,555.74
3215,2021-10-28,Fujairah,LSMGO,723.14
3216,2021-10-28,Fujairah,IFO380,398.98
3217,2021-10-28,Rotterdam,VLSFO,541.88
3218,2021-10-28,Rotterdam,LSMGO,680.2
3219,2021-10-28,Rotterdam,IFO380,398.33
3220,2021-10-28,Visakhapatnam,VLSFO,611.9
3221,2021-10-28,Visakhapatnam,LSMGO,862.09
3222,2021-10-28,Visakhapatnam,IFO380,442.28
3223,2021-10-28,Houston,VLSFO,522.38
3224,2021-10-28,Houston,LSMGO,640.23
3225,2021-10-28,Houston,IFO380,379.49
3226,2021-10-29,Singapore,VLSFO,569.86
3227,2021-10-29,Singapore,LSMGO,744.51
3228,2021-10-29,Singapore,IFO380,410.35
3229,2021-10-29,Fujairah,VLSFO,568.05
3230,2021-10-29,Fujairah,LSMGO,743.27
3231,2021-10-29,Fujairah,IFO380,411.85
3232,2021-10-29,Rotterdam,VLSFO,537.13
3233,2021-10-29,Rotterdam,LSMGO,671.11
3234,2021-10-29,Rotterdam,IFO380,385.57
3235,2021-10-29,Visakhapatnam,VLSFO,607.08
3236,2021-10-29,Visakhapatnam,LSMGO,836.75
3237,2021-10-29,Visakhapatnam,IFO380,440.2
3238,2021-10-29,Houston,VLSFO,521.93
3239,2021-10-29,Houston,LSMGO,647.04
3240,2021-10-29,Houston,IFO380,371.24
3241,2021-11-01,Singapore,VLSFO,577.86
3242,2021-11-01,Singapore,LSMGO,737.55
3243,2021-11-01,Singapore,IFO380,410.93
3244,2021-11-01,Fujairah,VLSFO,558.6
3245,2021-11-01,Fujairah,LSMGO,740.0
3246,2021-11-01,Fujairah,IFO380,403.27
3247,2021-11-01,Rotterdam,VLSFO,547.53
3248,2021-11-01,Rotterdam,LSMGO,695.38
3249,2021-11-01,Rotterdam,IFO380,399.5
3250,2021-11-01,Visakhapatnam,VLSFO,609.71
3251,2021-11-01,Visakhapatnam,LSMGO,836.5
3252,2021-11-01,Visakhapatnam,IFO380,439.56
3253,2021-11-01,Houston,VLSFO,535.72
3254,2021-11-01,Houston,LSMGO,647.04
3255,2021-11-01,Houston,IFO380,384.58
3256,2021-11-02,Singapore,VLSFO,570.71
3257,2021-11-02,Singapore,LSMGO,731.07
3258,2021-11-02,Singapore,IFO380,409.44
3259,2021-11-02,Fujairah,VLSFO,562.49
3260,2021-11-02,Fujairah,LSMGO,742.57
3261,2021-11-02,Fujairah,IFO380,406.09
3262,2021-11-02,Rotterdam,VLSFO,551.5
3263,2021-11-02,Rotterdam,LSMGO,681.98
3264,2021-11-02,Rotterdam,IFO380,397.42
3265,2021-11-02,Visakhapatnam,VLSFO,607.78
3266,2021-11-02,Visakhapatnam,LSMGO,847.47
3267,2021-11-02,Visakhapatnam,IFO380,440.63
3268,2021-11-02,Houston,VLSFO,534.27
3269,2021-11-02,Houston,LSMGO,663.68
3270,2021-11-02,Houston,IFO380,381.55
3271,2021-11-03,Singapore,VLSFO,570.58
3272,2021-11-03,Singapore,LSMGO,718.65
3273,2021-11-03,Singapore,IFO380,411.26
3274,2021-11-03,Fujairah,VLSFO,555.56
3275,2021-11-03,Fujairah,LSMGO,734.31
3276,2021-11-03,Fujairah,IFO380,401.12
3277,2021-11-03,Rotterdam,VLSFO,543.87
3278,2021-11-03,Rotterdam,LSMGO,681.8
3279,2021-11-03,Rotterdam,IFO380,386.96
3280,2021-11-03,Visakhapatnam,VLSFO,607.81
3281,2021-11-03,Visakhapatnam,LSMGO,843.33
3282,2021-11-03,Visakhapatnam,IFO380,431.83
3283,2021-11-03,Houston,VLSFO,530.8
3284,2021-11-03,Houston,LSMGO,658.99
3285,2021-11-03,Houston,IFO380,379.9
3286,2021-11-04,Singapore,VLSFO,577.68
3287,2021-11-04,Singapore,LSMGO,727.58
3288,2021-11-04,Singapore,IFO380,414.11
3289,2021-11-04,Fujairah,VLSFO,564.08
3290,2021-11-04,Fujairah,LSMGO,737.38
3291,2021-11-04,Fujairah,IFO380,400.95
3292,2021-11-04,Rotterdam,VLSFO,545.36
3293,2021-11-04,Rotterdam,LSMGO,675.89
3294,2021-11-04,Rotterdam,IFO380,394.78
3295,2021-11-04,Visakhapatnam,VLSFO,609.6
3296,2021-11-04,Visakhapatnam,LSMGO,842.19
3297,2021-11-04,Visakhapatnam,IFO380,438.65
3298,2021-11-04,Houston,VLSFO,533.52
3299,2021-11-04,Houston,LSMGO,662.54
3300,2021-11-04,Houston,IFO380,383.91
3301,2021-11-05,Singapore,VLSFO,576.85
3302,2021-11-05,Singapore,LSMGO,739.5
3303,2021-11-05,Singapore,IFO380,412.25
3304,2021-11-05,Fujairah,VLSFO,557.56
3305,2021-11-05,Fujairah,LSMGO,725.97
3306,2021-11-05,Fujairah,IFO380,405.67
3307,2021-11-05,Rotterdam,VLSFO,547.31
3308,2021-11-05,Rotterdam,LSMGO,679.44
3309,2021-11-05,Rotterdam,IFO380,401.68
3310,2021-11-05,Visakhapatnam,VLSFO,611.46
3311,2021-11-05,Visakhapatnam,LSMGO,852.58
3312,2021-11-05,Visakhapatnam,IFO380,439.54
3313,2021-11-05,Houston,VLSFO,528.57
3314,2021-11-05,Houston,LSMGO,642.54
3315,2021-11-05,Houston,IFO380,375.48
3316,2021-11-08,Singapore,VLSFO,568.86
3317,2021-11-08,Singapore,LSMGO,727.36
3318,2021-11-08,Singapore,IFO380,413.85
3319,2021-11-08,Fujairah,VLSFO,553.48
3320,2021-11-08,Fujairah,LSMGO,718.03
3321,2021-11-08,Fujairah,IFO380,393.41
3322,2021-11-08,Rotterdam,VLSFO,547.4
3323,2021-11-08,Rotterdam,LSMGO,685.03
3324,2021-11-08,Rotterdam,IFO380,391.25
3325,2021-11-08,Visakhapatnam,VLSFO,617.01
3326,2021-11-08,Visakhapatnam,LSMGO,851.73
3327,2021-11-08,Visakhapatnam,IFO380,448.13
3328,2021-11-08,Houston,VLSFO,534.41
3329,2021-11-08,Houston,LSMGO,653.24
3330,2021-11-08,Houston,IFO380,385.77
3331,2021-11-09,Singapore,VLSFO,567.99
3332,2021-11-09,Singapore,LSMGO,723.64
3333,2021-11-09,Singapore,IFO380,410.09
3334,2021-11-09,Fujairah,VLSFO,553.08
3335,2021-11-09,Fujairah,LSMGO,724.92
3336,2021-11-09,Fujairah,IFO380,395.74
3337,2021-11-09,Rotterdam,VLSFO,537.52
3338,2021-11-09,Rotterdam,LSMGO,682.03
3339,2021-11-09,Rotterdam,IFO380,388.73
3340,2021-11-09,Visakhapatnam,VLSFO,611.81
3341,2021-11-09,Visakhapatnam,LSMGO,850.9
3342,2021-11-09,Visakhapatnam,IFO380,438.73
3343,2021-11-09,Houston,VLSFO,533.97
3344,2021-11-09,Houston,LSMGO,655.13
3345,2021-11-09,Houston,IFO380,390.24
3346,2021-11-10,Singapore,VLSFO,579.85
3347,2021-11-10,Singapore,LSMGO,733.68
3348,2021-11-10,Singapore,IFO380,414.19
3349,2021-11-10,Fujairah,VLSFO,562.62
3350,2021-11-10,Fujairah,LSMGO,712.39
3351,2021-11-10,Fujairah,IFO380,407.86
3352,2021-11-10,Rotterdam,VLSFO,550.56
3353,2021-11-10,Rotterdam,LSMGO,686.72
3354,2021-11-10,Rotterdam,IFO380,392.38
3355,2021-11-10,Visakhapatnam,VLSFO,610.3
3356,2021-11-10,Visakhapatnam,LSMGO,842.7
3357,2021-11-10,Visakhapatnam,IFO380,434.46
3358,2021-11-10,Houston,VLSFO,535.96
3359,2021-11-10,Houston,LSMGO,654.5
3360,2021-11-10,Houston,IFO380,385.75
3361,2021-11-11,Singapore,VLSFO,570.99
3362,2021-11-11,Singapore,LSMGO,729.07
3363,2021-11-11,Singapore,IFO380,411.0
3364,2021-11-11,Fujairah,VLSFO,556.51
3365,2021-11-11,Fujairah,LSMGO,724.14
3366,2021-11-11,Fujairah,IFO380,399.72
3367,2021-11-11,Rotterdam,VLSFO,545.65
3368,2021-11-11,Rotterdam,LSMGO,679.79
3369,2021-11-11,Rotterdam,IFO380,392.07
3370,2021-11-11,Visakhapatnam,VLSFO,603.97
3371,2021-11-11,Visakhapatnam,LSMGO,822.05
3372,2021-11-11,Visakhapatnam,IFO380,436.87
3373,2021-11-11,Houston,VLSFO,532.75
3374,2021-11-11,Houston,LSMGO,655.33
3375,2021-11-11,Houston,IFO380,386.46
3376,2021-11-12,Singapore,VLSFO,561.35
3377,2021-11-12,Singapore,LSMGO,715.1
3378,2021-11-12,Singapore,IFO380,402.82
3379,2021-11-12,Fujairah,VLSFO,564.37
3380,2021-11-12,Fujairah,LSMGO,740.52
3381,2021-11-12,Fujairah,IFO380,403.5
3382,2021-11-12,Rotterdam,VLSFO,533.76
3383,2021-11-12,Rotterdam,LSMGO,667.07
3384,2021-11-12,Rotterdam,IFO380,386.52
3385,2021-11-12,Visakhapatnam,VLSFO,604.62
3386,2021-11-12,Visakhapatnam,LSMGO,829.79
3387,2021-11-12,Visakhapatnam,IFO380,438.13
3388,2021-11-12,Houston,VLSFO,536.79
3389,2021-11-12,Houston,LSMGO,662.29
3390,2021-11-12,Houston,IFO380,384.84
3391,2021-11-15,Singapore,VLSFO,570.22
3392,2021-11-15,Singapore,LSMGO,739.78
3393,2021-11-15,Singapore,IFO380,413.94
3394,2021-11-15,Fujairah,VLSFO,560.42
3395,2021-11-15,Fujairah,LSMGO,730.1
3396,2021-11-15,Fujairah,IFO380,404.75
3397,2021-11-15,Rotterdam,VLSFO,552.5
3398,2021-11-15,Rotterdam,LSMGO,693.52
3399,2021-11-15,Rotterdam,IFO380,394.53
3400,2021-11-15,Visakhapatnam,VLSFO,609.63
3401,2021-11-15,Visakhapatnam,LSMGO,851.75
3402,2021-11-15,Visakhapatnam,IFO380,441.54
3403,2021-11-15,Houston,VLSFO,530.0
3404,2021-11-15,Houston,LSMGO,665.11
3405,2021-11-15,Houston,IFO380,388.97
3406,2021-11-16,Singapore,VLSFO,572.61
3407,2021-11-16,Singapore,LSMGO,731.48
3408,2021-11-16,Singapore,IFO380,417.01
3409,2021-11-16,Fujairah,VLSFO,569.56
3410,2021-11-16,Fujairah,LSMGO,742.21
3411,2021-11-16,Fujairah,IFO380,405.49
3412,2021-11-16,Rotterdam,VLSFO,543.07
3413,2021-11-16,Rotterdam,LSMGO,681.04
3414,2021-11-16,Rotterdam,IFO380,393.56
3415,2021-11-16,Visakhapatnam,VLSFO,611.04
3416,2021-11-16,Visakhapatnam,LSMGO,852.83
3417,2021-11-16,Visakhapatnam,IFO380,443.03
3418,2021-11-16,Houston,VLSFO,539.3
3419,2021-11-16,Houston,LSMGO,662.03
3420,2021-11-16,Houston,IFO380,382.75
3421,2021-11-17,Singapore,VLSFO,572.68
3422,2021-11-17,Singapore,LSMGO,750.5
3423,2021-11-17,Singapore,IFO380,414.06
3424,2021-11-17,Fujairah,VLSFO,559.26
3425,2021-11-17,Fujairah,LSMGO,721.32
3426,2021-11-17,Fujairah,IFO380,411.07
3427,2021-11-17,Rotterdam,VLSFO,545.09
3428,2021-11-17,Rotterdam,LSMGO,692.71
3429,2021-11-17,Rotterdam,IFO380,384.79
3430,2021-11-17,Visakhapatnam,VLSFO,599.19
3431,2021-11-17,Visakhapatnam,LSMGO,836.71
3432,2021-11-17,Visakhapatnam,IFO380,429.96
3433,2021-11-17,Houston,VLSFO,545.6
3434,2021-11-17,Houston,LSMGO,674.63
3435,2021-11-17,Houston,IFO380,393.92
3436,2021-11-18,Singapore,VLSFO,576.22
3437,2021-11-18,Singapore,LSMGO,724.43
3438,2021-11-18,Singapore,IFO380,414.63
3439,2021-11-18,Fujairah,VLSFO,566.27
3440,2021-11-18,Fujairah,LSMGO,731.12
3441,2021-11-18,Fujairah,IFO380,406.29
3442,2021-11-18,Rotterdam,VLSFO,548.64
3443,2021-11-18,Rotterdam,LSMGO,687.92
3444,2021-11-18,Rotterdam,IFO380,394.64
3445,2021-11-18,Visakhapatnam,VLSFO,611.53
3446,2021-11-18,Visakhapatnam,LSMGO,837.46
3447,2021-11-18,Visakhapatnam,IFO380,439.8
3448,2021-11-18,Houston,VLSFO,531.13
3449,2021-11-18,Houston,LSMGO,644.54
3450,2021-11-18,Houston,IFO380,388.16
3451,2021-11-19,Singapore,VLSFO,577.78
3452,2021-11-19,Singapore,LSMGO,740.13
3453,2021-11-19,Singapore,IFO380,410.06
3454,2021-11-19,Fujairah,VLSFO,566.82
3455,2021-11-19,Fujairah,LSMGO,738.71
3456,2021-11-19,Fujairah,IFO380,412.28
3457,2021-11-19,Rotterdam,VLSFO,550.59
3458,2021-11-19,Rotterdam,LSMGO,702.18
3459,2021-11-19,Rotterdam,IFO380,398.09
3460,2021-11-19,Visakhapatnam,VLSFO,618.29
3461,2021-11-19,Visakhapatnam,LSMGO,853.27
3462,2021-11-19,Visakhapatnam,IFO380,443.76
3463,2021-11-19,Houston,VLSFO,538.58
3464,2021-11-19,Houston,LSMGO,660.21
3465,2021-11-19,Houston,IFO380,388.91
3466,2021-11-22,Singapore,VLSFO,578.04
3467,2021-11-22,Singapore,LSMGO,731.92
3468,2021-11-22,Singapore,IFO380,417.51
3469,2021-11-22,Fujairah,VLSFO,561.49
3470,2021-11-22,Fujairah,LSMGO,724.22
3471,2021-11-22,Fujairah,IFO380,400.71
3472,2021-11-22,Rotterdam,VLSFO,545.31
3473,2021-11-22,Rotterdam,LSMGO,673.23
3474,2021-11-22,Rotterdam,IFO380,396.7
3475,2021-11-22,Visakhapatnam,VLSFO,606.1
3476,2021-11-22,Visakhapatnam,LSMGO,837.48
3477,2021-11-22,Visakhapatnam,IFO380,440.72
3478,2021-11-22,Houston,VLSFO,540.9
3479,2021-11-22,Houston,LSMGO,667.44
3480,2021-11-22,Houston,IFO380,392.6
3481,2021-11-23,Singapore,VLSFO,578.19
3482,2021-11-23,Singapore,LSMGO,739.84
3483,2021-11-23,Singapore,IFO380,415.82
3484,2021-11-23,Fujairah,VLSFO,558.74
3485,2021-11-23,Fujairah,LSMGO,726.21
3486,2021-11-23,Fujairah,IFO380,404.68
3487,2021-11-23,Rotterdam,VLSFO,547.85
3488,2021-11-23,Rotterdam,LSMGO,686.16
3489,2021-11-23,Rotterdam,IFO380,394.24
3490,2021-11-23,Visakhapatnam,VLSFO,615.73
3491,2021-11-23,Visakhapatnam,LSMGO,844.94
3492,2021-11-23,Visakhapatnam,IFO380,436.37
3493,2021-11-23,Houston,VLSFO,534.7
3494,2021-11-23,Houston,LSMGO,650.69
3495,2021-11-23,Houston,IFO380,387.32
3496,2021-11-24,Singapore,VLSFO,575.27
3497,2021-11-24,Singapore,LSMGO,714.79
3498,2021-11-24,Singapore,IFO380,412.67
3499,2021-11-24,Fujairah,VLSFO,561.58
3500,2021-11-24,Fujairah,LSMGO,740.66
3501,2021-11-24,Fujairah,IFO380,405.45
3502,2021-11-24,Rotterdam,VLSFO,553.67
3503,2021-11-24,Rotterdam,LSMGO,682.86
3504,2021-11-24,Rotterdam,IFO380,401.53
3505,2021-11-24,Visakhapatnam,VLSFO,613.76
3506,2021-11-24,Visakhapatnam,LSMGO,844.24
3507,2021-11-24,Visakhapatnam,IFO380,444.58
3508,2021-11-24,Houston,VLSFO,534.99
3509,2021-11-24,Houston,LSMGO,642.69
3510,2021-11-24,Houston,IFO380,379.16
3511,2021-11-25,Singapore,VLSFO,579.86
3512,2021-11-25,Singapore,LSMGO,749.14
3513,2021-11-25,Singapore,IFO380,423.07
3514,2021-11-25,Fujairah,VLSFO,576.1
3515,2021-11-25,Fujairah,LSMGO,737.65
3516,2021-11-25,Fujairah,IFO380,414.31
3517,2021-11-25,Rotterdam,VLSFO,545.34
3518,2021-11-25,Rotterdam,LSMGO,683.88
3519,2021-11-25,Rotterdam,IFO380,395.02
3520,2021-11-25,Visakhapatnam,VLSFO,612.42
3521,2021-11-25,Visakhapatnam,LSMGO,840.3
3522,2021-11-25,Visakhapatnam,IFO380,438.26
3523,2021-11-25,Houston,VLSFO,533.98
3524,2021-11-25,Houston,LSMGO,644.59
3525,2021-11-25,Houston,IFO380,374.18
3526,2021-11-26,Singapore,VLSFO,571.4
3527,2021-11-26,Singapore,LSMGO,730.58
3528,2021-11-26,Singapore,IFO380,410.41
3529,2021-11-26,Fujairah,VLSFO,569.78
3530,2021-11-26,Fujairah,LSMGO,737.99
3531,2021-11-26,Fujairah,IFO380,412.09
3532,2021-11-26,Rotterdam,VLSFO,555.14
3533,2021-11-26,Rotterdam,LSMGO,702.71
3534,2021-11-26,Rotterdam,IFO380,399.87
3535,2021-11-26,Visakhapatnam,VLSFO,605.26
3536,2021-11-26,Visakhapatnam,LSMGO,841.92
3537,2021-11-26,Visakhapatnam,IFO380,430.81
3538,2021-11-26,Houston,VLSFO,537.83
3539,2021-11-26,Houston,LSMGO,648.69
3540,2021-11-26,Houston,IFO380,387.14
3541,2021-11-29,Singapore,VLSFO,576.99
3542,2021-11-29,Singapore,LSMGO,745.78
3543,2021-11-29,Singapore,IFO380,416.85
3544,2021-11-29,Fujairah,VLSFO,579.44
3545,2021-11-29,Fujairah,LSMGO,758.94
3546,2021-11-29,Fujairah,IFO380,416.28
3547,2021-11-29,Rotterdam,VLSFO,546.95
3548,2021-11-29,Rotterdam,LSMGO,682.29
3549,2021-11-29,Rotterdam,IFO380,397.24
3550,2021-11-29,Visakhapatnam,VLSFO,620.76
3551,2021-11-29,Visakhapatnam,LSMGO,854.36
3552,2021-11-29,Visakhapatnam,IFO380,450.05
3553,2021-11-29,Houston,VLSFO,531.33
3554,2021-11-29,Houston,LSMGO,652.14
3555,2021-11-29,Houston,IFO380,379.14
3556,2021-11-30,Singapore,VLSFO,584.16
3557,2021-11-30,Singapore,LSMGO,744.82
3558,2021-11-30,Singapore,IFO380,426.36
3559,2021-11-30,Fujairah,VLSFO,577.89
3560,2021-11-30,Fujairah,LSMGO,766.74
3561,2021-11-30,Fujairah,IFO380,419.93
3562,2021-11-30,Rotterdam,VLSFO,558.88
3563,2021-11-30,Rotterdam,LSMGO,711.67
3564,2021-11-30,Rotterdam,IFO380,399.4
3565,2021-11-30,Visakhapatnam,VLSFO,611.16
3566,2021-11-30,Visakhapatnam,LSMGO,839.34
3567,2021-11-30,Visakhapatnam,IFO380,444.08
3568,2021-11-30,Houston,VLSFO,532.8
3569,2021-11-30,Houston,LSMGO,654.32
3570,2021-11-30,Houston,IFO380,382.88
3571,2021-12-01,Singapore,VLSFO,581.85
3572,2021-12-01,Singapore,LSMGO,742.41
3573,2021-12-01,Singapore,IFO380,423.57
3574,2021-12-01,Fujairah,VLSFO,569.18
3575,2021-12-01,Fujairah,LSMGO,750.56
3576,2021-12-01,Fujairah,IFO380,412.73
3577,2021-12-01,Rotterdam,VLSFO,554.62
3578,2021-12-01,Rotterdam,LSMGO,699.76
3579,2021-12-01,Rotterdam,IFO380,407.19
3580,2021-12-01,Visakhapatnam,VLSFO,611.85
3581,2021-12-01,Visakhapatnam,LSMGO,841.29
3582,2021-12-01,Visakhapatnam,IFO380,441.18
3583,2021-12-01,Houston,VLSFO,538.23
3584,2021-12-01,Houston,LSMGO,667.51
3585,2021-12-01,Houston,IFO380,381.98
3586,2021-12-02,Singapore,VLSFO,578.89
3587,2021-12-02,Singapore,LSMGO,738.53
3588,2021-12-02,Singapore,IFO380,417.73
3589,2021-12-02,Fujairah,VLSFO,562.99
3590,2021-12-02,Fujairah,LSMGO,728.57
3591,2021-12-02,Fujairah,IFO380,404.47
3592,2021-12-02,Rotterdam,VLSFO,563.98
3593,2021-12-02,Rotterdam,LSMGO,701.21
3594,2021-12-02,Rotterdam,IFO380,413.21
3595,2021-12-02,Visakhapatnam,VLSFO,618.74
3596,2021-12-02,Visakhapatnam,LSMGO,860.48
3597,2021-12-02,Visakhapatnam,IFO380,438.65
3598,2021-12-02,Houston,VLSFO,537.2
3599,2021-12-02,Houston,LSMGO,664.44
3600,2021-12-02,Houston,IFO380,386.19
3601,2021-12-03,Singapore,VLSFO,585.93
3602,2021-12-03,Singapore,LSMGO,740.22
3603,2021-12-03,Singapore,IFO380,416.88
3604,2021-12-03,Fujairah,VLSFO,571.18
3605,2021-12-03,Fujairah,LSMGO,745.16
3606,2021-12-03,Fujairah,IFO380,410.62
3607,2021-12-03,Rotterdam,VLSFO,541.38
3608,2021-12-03,Rotterdam,LSMGO,682.63
3609,2021-12-03,Rotterdam,IFO380,386.81
3610,2021-12-03,Visakhapatnam,VLSFO,620.11
3611,2021-12-03,Visakhapatnam,LSMGO,853.9
3612,2021-12-03,Visakhapatnam,IFO380,443.93
3613,2021-12-03,Houston,VLSFO,538.43
3614,2021-12-03,Houston,LSMGO,671.91
3615,2021-12-03,Houston,IFO380,390.06
3616,2021-12-06,Singapore,VLSFO,593.22
3617,2021-12-06,Singapore,LSMGO,752.43
3618,2021-12-06,Singapore,IFO380,427.54
3619,2021-12-06,Fujairah,VLSFO,565.86
3620,2021-12-06,Fujairah,LSMGO,738.07
3621,2021-12-06,Fujairah,IFO380,412.88
3622,2021-12-06,Rotterdam,VLSFO,550.44
3623,2021-12-06,Rotterdam,LSMGO,693.26
3624,2021-12-06,Rotterdam,IFO380,396.12
3625,2021-12-06,Visakhapatnam,VLSFO,613.9
3626,2021-12-06,Visakhapatnam,LSMGO,868.14
3627,2021-12-06,Visakhapatnam,IFO380,444.39
3628,2021-12-06,Houston,VLSFO,540.82
3629,2021-12-06,Houston,LSMGO,666.67
3630,2021-12-06,Houston,IFO380,389.42
3631,2021-12-07,Singapore,VLSFO,573.86
3632,2021-12-07,Singapore,LSMGO,739.51
3633,2021-12-07,Singapore,IFO380,415.6
3634,2021-12-07,Fujairah,VLSFO,573.27
3635,2021-12-07,Fujairah,LSMGO,751.88
3636,2021-12-07,Fujairah,IFO380,406.61
3637,2021-12-07,Rotterdam,VLSFO,549.15
3638,2021-12-07,Rotterdam,LSMGO,698.38
3639,2021-12-07,Rotterdam,IFO380,401.68
3640,2021-12-07,Visakhapatnam,VLSFO,608.06
3641,2021-12-07,Visakhapatnam,LSMGO,846.5
3642,2021-12-07,Visakhapatnam,IFO380,442.11
3643,2021-12-07,Houston,VLSFO,550.57
3644,2021-12-07,Houston,LSMGO,670.59
3645,2021-12-07,Houston,IFO380,396.39
3646,2021-12-08,Singapore,VLSFO,584.54
3647,2021-12-08,Singapore,LSMGO,744.63
3648,2021-12-08,Singapore,IFO380,420.17
3649,2021-12-08,Fujairah,VLSFO,569.83
3650,2021-12-08,Fujairah,LSMGO,753.68
3651,2021-12-08,Fujairah,IFO380,412.39
3652,2021-12-08,Rotterdam,VLSFO,560.19
3653,2021-12-08,Rotterdam,LSMGO,704.29
3654,2021-12-08,Rotterdam,IFO380,412.89
3655,2021-12-08,Visakhapatnam,VLSFO,623.83
3656,2021-12-08,Visakhapatnam,LSMGO,853.27
3657,2021-12-08,Visakhapatnam,IFO380,449.73
3658,2021-12-08,Houston,VLSFO,547.59
3659,2021-12-08,Houston,LSMGO,680.67
3660,2021-12-08,Houston,IFO380,391.95
3661,2021-12-09,Singapore,VLSFO,571.63
3662,2021-12-09,Singapore,LSMGO,719.94
3663,2021-12-09,Singapore,IFO380,406.58
3664,2021-12-09,Fujairah,VLSFO,576.49
3665,2021-12-09,Fujairah,LSMGO,764.11
3666,2021-12-09,Fujairah,IFO380,416.89
3667,2021-12-09,Rotterdam,VLSFO,550.03
3668,2021-12-09,Rotterdam,LSMGO,680.76
3669,2021-12-09,Rotterdam,IFO380,394.7
3670,2021-12-09,Visakhapatnam,VLSFO,620.22
3671,2021-12-09,Visakhapatnam,LSMGO,848.81
3672,2021-12-09,Visakhapatnam,IFO380,445.59
3673,2021-12-09,Houston,VLSFO,533.58
3674,2021-12-09,Houston,LSMGO,669.7
3675,2021-12-09,Houston,IFO380,385.46
3676,2021-12-10,Singapore,VLSFO,574.02
3677,2021-12-10,Singapore,LSMGO,736.49
3678,2021-12-10,Singapore,IFO380,415.73
3679,2021-12-10,Fujairah,VLSFO,573.65
3680,2021-12-10,Fujairah,LSMGO,751.77
3681,2021-12-10,Fujairah,IFO380,417.45
3682,2021-12-10,Rotterdam,VLSFO,551.53
3683,2021-12-10,Rotterdam,LSMGO,689.27
3684,2021-12-10,Rotterdam,IFO380,395.38
3685,2021-12-10,Visakhapatnam,VLSFO,613.02
3686,2021-12-10,Visakhapatnam,LSMGO,829.31
3687,2021-12-10,Visakhapatnam,IFO380,438.26
3688,2021-12-10,Houston,VLSFO,543.2
3689,2021-12-10,Houston,LSMGO,667.59
3690,2021-12-10,Houston,IFO380,389.2
3691,2021-12-13,Singapore,VLSFO,577.46
3692,2021-12-13,Singapore,LSMGO,745.08
3693,2021-12-13,Singapore,IFO380,418.51
3694,2021-12-13,Fujairah,VLSFO,563.08
3695,2021-12-13,Fujairah,LSMGO,724.08
3696,2021-12-13,Fujairah,IFO380,405.26
3697,2021-12-13,Rotterdam,VLSFO,552.09
3698,2021-12-13,Rotterdam,LSMGO,694.89
3699,2021-12-13,Rotterdam,IFO380,391.27
3700,2021-12-13,Visakhapatnam,VLSFO,619.2
3701,2021-12-13,Visakhapatnam,LSMGO,846.39
3702,2021-12-13,Visakhapatnam,IFO380,447.57
3703,2021-12-13,Houston,VLSFO,537.93
3704,2021-12-13,Houston,LSMGO,667.07
3705,2021-12-13,Houston,IFO380,384.33
3706,2021-12-14,Singapore,VLSFO,587.4
3707,2021-12-14,Singapore,LSMGO,751.08
3708,2021-12-14,Singapore,IFO380,426.23
3709,2021-12-14,Fujairah,VLSFO,575.57
3710,2021-12-14,Fujairah,LSMGO,750.27
3711,2021-12-14,Fujairah,IFO380,414.47
3712,2021-12-14,Rotterdam,VLSFO,571.66
3713,2021-12-14,Rotterdam,LSMGO,704.86
3714,2021-12-14,Rotterdam,IFO380,410.65
3715,2021-12-14,Visakhapatnam,VLSFO,620.63
3716,2021-12-14,Visakhapatnam,LSMGO,858.82
3717,2021-12-14,Visakhapatnam,IFO380,444.44
3718,2021-12-14,Houston,VLSFO,544.13
3719,2021-12-14,Houston,LSMGO,672.09
3720,2021-12-14,Houston,IFO380,381.09
3721,2021-12-15,Singapore,VLSFO,586.81
3722,2021-12-15,Singapore,LSMGO,757.68
3723,2021-12-15,Singapore,IFO380,416.86
3724,2021-12-15,Fujairah,VLSFO,580.41
3725,2021-12-15,Fujairah,LSMGO,759.19
3726,2021-12-15,Fujairah,IFO380,414.48
3727,2021-12-15,Rotterdam,VLSFO,552.52
3728,2021-12-15,Rotterdam,LSMGO,690.7
3729,2021-12-15,Rotterdam,IFO380,395.88
3730,2021-12-15,Visakhapatnam,VLSFO,616.69
3731,2021-12-15,Visakhapatnam,LSMGO,863.95
3732,2021-12-15,Visakhapatnam,IFO380,440.54
3733,2021-12-15,Houston,VLSFO,543.94
3734,2021-12-15,Houston,LSMGO,649.83
3735,2021-12-15,Houston,IFO380,399.51
3736,2021-12-16,Singapore,VLSFO,588.04
3737,2021-12-16,Singapore,LSMGO,761.3
3738,2021-12-16,Singapore,IFO380,423.17
3739,2021-12-16,Fujairah,VLSFO,567.94
3740,2021-12-16,Fujairah,LSMGO,751.81
3741,2021-12-16,Fujairah,IFO380,410.16
3742,2021-12-16,Rotterdam,VLSFO,555.2
3743,2021-12-16,Rotterdam,LSMGO,690.36
3744,2021-12-16,Rotterdam,IFO380,403.83
3745,2021-12-16,Visakhapatnam,VLSFO,619.91
3746,2021-12-16,Visakhapatnam,LSMGO,854.21
3747,2021-12-16,Visakhapatnam,IFO380,443.12
3748,2021-12-16,Houston,VLSFO,535.42
3749,2021-12-16,Houston,LSMGO,652.71
3750,2021-12-16,Houston,IFO380,385.51
3751,2021-12-17,Singapore,VLSFO,593.05
3752,2021-12-17,Singapore,LSMGO,753.64
3753,2021-12-17,Singapore,IFO380,423.48
3754,2021-12-17,Fujairah,VLSFO,572.27
3755,2021-12-17,Fujairah,LSMGO,742.89
3756,2021-12-17,Fujairah,IFO380,410.1
3757,2021-12-17,Rotterdam,VLSFO,570.16
3758,2021-12-17,Rotterdam,LSMGO,719.48
3759,2021-12-17,Rotterdam,IFO380,406.86
3760,2021-12-17,Visakhapatnam,VLSFO,610.24
3761,2021-12-17,Visakhapatnam,LSMGO,836.79
3762,2021-12-17,Visakhapatnam,IFO380,433.63
3763,2021-12-17,Houston,VLSFO,550.13
3764,2021-12-17,Houston,LSMGO,683.2
3765,2021-12-17,Houston,IFO380,401.16
3766,2021-12-20,Singapore,VLSFO,587.35
3767,2021-12-20,Singapore,LSMGO,745.48
3768,2021-12-20,Singapore,IFO380,423.29
3769,2021-12-20,Fujairah,VLSFO,569.05
3770,2021-12-20,Fujairah,LSMGO,732.47
3771,2021-12-20,Fujairah,IFO380,413.88
3772,2021-12-20,Rotterdam,VLSFO,549.02
3773,2021-12-20,Rotterdam,LSMGO,685.01
3774,2021-12-20,Rotterdam,IFO380,391.92
3775,2021-12-20,Visakhapatnam,VLSFO,617.27
3776,2021-12-20,Visakhapatnam,LSMGO,858.01
3777,2021-12-20,Visakhapatnam,IFO380,445.7
3778,2021-12-20,Houston,VLSFO,551.16
3779,2021-12-20,Houston,LSMGO,667.92
3780,2021-12-20,Houston,IFO380,391.02
3781,2021-12-21,Singapore,VLSFO,582.11
3782,2021-12-21,Singapore,LSMGO,757.66
3783,2021-12-21,Singapore,IFO380,422.86
3784,2021-12-21,Fujairah,VLSFO,579.22
3785,2021-12-21,Fujairah,LSMGO,758.44
3786,2021-12-21,Fujairah,IFO380,409.41
3787,2021-12-21,Rotterdam,VLSFO,556.07
3788,2021-12-21,Rotterdam,LSMGO,702.2
3789,2021-12-21,Rotterdam,IFO380,400.79
3790,2021-12-21,Visakhapatnam,VLSFO,626.2
3791,2021-12-21,Visakhapatnam,LSMGO,862.28
3792,2021-12-21,Visakhapatnam,IFO380,452.21
3793,2021-12-21,Houston,VLSFO,551.88
3794,2021-12-21,Houston,LSMGO,674.34
3795,2021-12-21,Houston,IFO380,395.51
3796,2021-12-22,Singapore,VLSFO,598.66
3797,2021-12-22,Singapore,LSMGO,775.07
3798,2021-12-22,Singapore,IFO380,425.42
3799,2021-12-22,Fujairah,VLSFO,569.74
3800,2021-12-22,Fujairah,LSMGO,741.29
3801,2021-12-22,Fujairah,IFO380,414.51
3802,2021-12-22,Rotterdam,VLSFO,558.6
3803,2021-12-22,Rotterdam,LSMGO,701.07
3804,2021-12-22,Rotterdam,IFO380,404.84
3805,2021-12-22,Visakhapatnam,VLSFO,616.12
3806,2021-12-22,Visakhapatnam,LSMGO,852.97
3807,2021-12-22,Visakhapatnam,IFO380,444.11
3808,2021-12-22,Houston,VLSFO,546.28
3809,2021-12-22,Houston,LSMGO,679.49
3810,2021-12-22,Houston,IFO380,394.91
3811,2021-12-23,Singapore,VLSFO,587.09
3812,2021-12-23,Singapore,LSMGO,744.49
3813,2021-12-23,Singapore,IFO380,413.81
3814,2021-12-23,Fujairah,VLSFO,570.58
3815,2021-12-23,Fujairah,LSMGO,735.17
3816,2021-12-23,Fujairah,IFO380,405.65
3817,2021-12-23,Rotterdam,VLSFO,567.9
3818,2021-12-23,Rotterdam,LSMGO,715.63
3819,2021-12-23,Rotterdam,IFO380,402.56
3820,2021-12-23,Visakhapatnam,VLSFO,622.31
3821,2021-12-23,Visakhapatnam,LSMGO,865.81
3822,2021-12-23,Visakhapatnam,IFO380,451.02
3823,2021-12-23,Houston,VLSFO,554.35
3824,2021-12-23,Houston,LSMGO,676.88
3825,2021-12-23,Houston,IFO380,403.04
3826,2021-12-24,Singapore,VLSFO,590.54
3827,2021-12-24,Singapore,LSMGO,766.97
3828,2021-12-24,Singapore,IFO380,427.43
3829,2021-12-24,Fujairah,VLSFO,570.47
3830,2021-12-24,Fujairah,LSMGO,734.62
3831,2021-12-24,Fujairah,IFO380,417.51
3832,2021-12-24,Rotterdam,VLSFO,560.72
3833,2021-12-24,Rotterdam,LSMGO,711.64
3834,2021-12-24,Rotterdam,IFO380,401.66
3835,2021-12-24,Visakhapatnam,VLSFO,622.98
3836,2021-12-24,Visakhapatnam,LSMGO,857.45
3837,2021-12-24,Visakhapatnam,IFO380,445.22
3838,2021-12-24,Houston,VLSFO,532.21
3839,2021-12-24,Houston,LSMGO,639.8
3840,2021-12-24,Houston,IFO380,383.37
3841,2021-12-27,Singapore,VLSFO,582.77
3842,2021-12-27,Singapore,LSMGO,741.03
3843,2021-12-27,Singapore,IFO380,418.26
3844,2021-12-27,Fujairah,VLSFO,570.45
3845,2021-12-27,Fujairah,LSMGO,746.32
3846,2021-12-27,Fujairah,IFO380,411.11
3847,2021-12-27,Rotterdam,VLSFO,559.03
3848,2021-12-27,Rotterdam,LSMGO,709.45
3849,2021-12-27,Rotterdam,IFO380,408.96
3850,2021-12-27,Visakhapatnam,VLSFO,621.64
3851,2021-12-27,Visakhapatnam,LSMGO,861.11
3852,2021-12-27,Visakhapatnam,IFO380,438.91
3853,2021-12-27,Houston,VLSFO,546.48
3854,2021-12-27,Houston,LSMGO,667.63
3855,2021-12-27,Houston,IFO380,388.77
3856,2021-12-28,Singapore,VLSFO,581.94
3857,2021-12-28,Singapore,LSMGO,750.72
3858,2021-12-28,Singapore,IFO380,420.84
3859,2021-12-28,Fujairah,VLSFO,566.7
3860,2021-12-28,Fujairah,LSMGO,743.25
3861,2021-12-28,Fujairah,IFO380,405.59
3862,2021-12-28,Rotterdam,VLSFO,551.45
3863,2021-12-28,Rotterdam,LSMGO,687.69
3864,2021-12-28,Rotterdam,IFO380,392.42
3865,2021-12-28,Visakhapatnam,VLSFO,627.6
3866,2021-12-28,Visakhapatnam,LSMGO,875.34
3867,2021-12-28,Visakhapatnam,IFO380,455.66
3868,2021-12-28,Houston,VLSFO,553.76
3869,2021-12-28,Houston,LSMGO,670.06
3870,2021-12-28,Houston,IFO380,393.35
3871,2021-12-29,Singapore,VLSFO,591.73
3872,2021-12-29,Singapore,LSMGO,768.65
3873,2021-12-29,Singapore,IFO380,424.28
3874,2021-12-29,Fujairah,VLSFO,579.99
3875,2021-12-29,Fujairah,LSMGO,756.6
3876,2021-12-29,Fujairah,IFO380,417.49
3877,2021-12-29,Rotterdam,VLSFO,565.29
3878,2021-12-29,Rotterdam,LSMGO,696.86
3879,2021-12-29,Rotterdam,IFO380,410.06
3880,2021-12-29,Visakhapatnam,VLSFO,629.97
3881,2021-12-29,Visakhapatnam,LSMGO,868.54
3882,2021-12-29,Visakhapatnam,IFO380,457.74
3883,2021-12-29,Houston,VLSFO,546.36
3884,2021-12-29,Houston,LSMGO,670.83
3885,2021-12-29,Houston,IFO380,391.9
3886,2021-12-30,Singapore,VLSFO,588.53
3887,2021-12-30,Singapore,LSMGO,753.92
3888,2021-12-30,Singapore,IFO380,424.76
3889,2021-12-30,Fujairah,VLSFO,585.67
3890,2021-12-30,Fujairah,LSMGO,771.19
3891,2021-12-30,Fujairah,IFO380,418.04
3892,2021-12-30,Rotterdam,VLSFO,565.52
3893,2021-12-30,Rotterdam,LSMGO,717.99
3894,2021-12-30,Rotterdam,IFO380,400.07
3895,2021-12-30,Visakhapatnam,VLSFO,618.37
3896,2021-12-30,Visakhapatnam,LSMGO,860.01
3897,2021-12-30,Visakhapatnam,IFO380,446.55
3898,2021-12-30,Houston,VLSFO,548.96
3899,2021-12-30,Houston,LSMGO,680.35
3900,2021-12-30,Houston,IFO380,393.76
3901,2021-12-31,Singapore,VLSFO,588.99
3902,2021-12-31,Singapore,LSMGO,739.27
3903,2021-12-31,Singapore,IFO380,418.71
3904,2021-12-31,Fujairah,VLSFO,577.89
3905,2021-12-31,Fujairah,LSMGO,739.08
3906,2021-12-31,Fujairah,IFO380,415.55
3907,2021-12-31,Rotterdam,VLSFO,564.93
3908,2021-12-31,Rotterdam,LSMGO,701.13
3909,2021-12-31,Rotterdam,IFO380,409.55
3910,2021-12-31,Visakhapatnam,VLSFO,623.6
3911,2021-12-31,Visakhapatnam,LSMGO,863.83
3912,2021-12-31,Visakhapatnam,IFO380,448.47
3913,2021-12-31,Houston,VLSFO,547.39
3914,2021-12-31,Houston,LSMGO,660.54
3915,2021-12-31,Houston,IFO380,389.26
3916,2022-01-03,Singapore,VLSFO,788.73
3917,2022-01-03,Singapore,LSMGO,1002.76
3918,2022-01-03,Singapore,IFO380,562.11
3919,2022-01-03,Fujairah,VLSFO,771.27
3920,2022-01-03,Fujairah,LSMGO,1000.44
3921,2022-01-03,Fujairah,IFO380,553.48
3922,2022-01-03,Rotterdam,VLSFO,749.15
3923,2022-01-03,Rotterdam,LSMGO,943.45
3924,2022-01-03,Rotterdam,IFO380,535.54
3925,2022-01-03,Visakhapatnam,VLSFO,834.03
3926,2022-01-03,Visakhapatnam,LSMGO,1157.43
3927,2022-01-03,Visakhapatnam,IFO380,598.93
3928,2022-01-03,Houston,VLSFO,730.04
3929,2022-01-03,Houston,LSMGO,901.1
3930,2022-01-03,Houston,IFO380,517.54
3931,2022-01-04,Singapore,VLSFO,787.22
3932,2022-01-04,Singapore,LSMGO,1012.71
3933,2022-01-04,Singapore,IFO380,572.09
3934,2022-01-04,Fujairah,VLSFO,775.79
3935,2022-01-04,Fujairah,LSMGO,1010.42
3936,2022-01-04,Fujairah,IFO380,557.72
3937,2022-01-04,Rotterdam,VLSFO,748.95
3938,2022-01-04,Rotterdam,LSMGO,939.0
3939,2022-01-04,Rotterdam,IFO380,541.26
3940,2022-01-04,Visakhapatnam,VLSFO,839.71
3941,2022-01-04,Visakhapatnam,LSMGO,1163.49
3942,2022-01-04,Visakhapatnam,IFO380,606.47
3943,2022-01-04,Houston,VLSFO,740.22
3944,2022-01-04,Houston,LSMGO,903.37
3945,2022-01-04,Houston,IFO380,531.7
3946,2022-01-05,Singapore,VLSFO,786.45
3947,2022-01-05,Singapore,LSMGO,1005.32
3948,2022-01-05,Singapore,IFO380,568.44
3949,2022-01-05,Fujairah,VLSFO,774.6
3950,2022-01-05,Fujairah,LSMGO,1016.68
3951,2022-01-05,Fujairah,IFO380,560.2
3952,2022-01-05,Rotterdam,VLSFO,745.6
3953,2022-01-05,Rotterdam,LSMGO,945.71
3954,2022-01-05,Rotterdam,IFO380,533.53
3955,2022-01-05,Visakhapatnam,VLSFO,836.75
3956,2022-01-05,Visakhapatnam,LSMGO,1159.5
3957,2022-01-05,Visakhapatnam,IFO380,603.96
3958,2022-01-05,Houston,VLSFO,721.83
3959,2022-01-05,Houston,LSMGO,885.79
3960,2022-01-05,Houston,IFO380,525.96
3961,2022-01-06,Singapore,VLSFO,799.0
3962,2022-01-06,Singapore,LSMGO,1006.89
3963,2022-01-06,Singapore,IFO380,577.03
3964,2022-01-06,Fujairah,VLSFO,786.97
3965,2022-01-06,Fujairah,LSMGO,1025.43
3966,2022-01-06,Fujairah,IFO380,567.83
3967,2022-01-06,Rotterdam,VLSFO,757.86
3968,2022-01-06,Rotterdam,LSMGO,950.97
3969,2022-01-06,Rotterdam,IFO380,547.4
3970,2022-01-06,Visakhapatnam,VLSFO,837.39
3971,2022-01-06,Visakhapatnam,LSMGO,1162.72
3972,2022-01-06,Visakhapatnam,IFO380,601.55
3973,2022-01-06,Houston,VLSFO,737.97
3974,2022-01-06,Houston,LSMGO,922.22
3975,2022-01-06,Houston,IFO380,533.75
3976,2022-01-07,Singapore,VLSFO,803.74
3977,2022-01-07,Singapore,LSMGO,1029.12
3978,2022-01-07,Singapore,IFO380,578.58
3979,2022-01-07,Fujairah,VLSFO,776.47
3980,2022-01-07,Fujairah,LSMGO,1007.81
3981,2022-01-07,Fujairah,IFO380,555.15
3982,2022-01-07,Rotterdam,VLSFO,754.16
3983,2022-01-07,Rotterdam,LSMGO,946.55
3984,2022-01-07,Rotterdam,IFO380,540.52
3985,2022-01-07,Visakhapatnam,VLSFO,842.8
3986,2022-01-07,Visakhapatnam,LSMGO,1177.96
3987,2022-01-07,Visakhapatnam,IFO380,604.07
3988,2022-01-07,Houston,VLSFO,748.66
3989,2022-01-07,Houston,LSMGO,917.3
3990,2022-01-07,Houston,IFO380,541.32
3991,2022-01-10,Singapore,VLSFO,804.25
3992,2022-01-10,Singapore,LSMGO,1029.57
3993,2022-01-10,Singapore,IFO380,580.17
3994,2022-01-10,Fujairah,VLSFO,796.84
3995,2022-01-10,Fujairah,LSMGO,1033.3
3996,2022-01-10,Fujairah,IFO380,570.07
3997,2022-01-10,Rotterdam,VLSFO,771.63
3998,2022-01-10,Rotterdam,LSMGO,960.44
3999,2022-01-10,Rotterdam,IFO380,556.16
4000,2022-01-10,Visakhapatnam,VLSFO,854.57
4001,2022-01-10,Visakhapatnam,LSMGO,1181.59
4002,2022-01-10,Visakhapatnam,IFO380,617.68
4003,2022-01-10,Houston,VLSFO,741.95
4004,2022-01-10,Houston,LSMGO,908.71
4005,2022-01-10,Houston,IFO380,532.74
4006,2022-01-11,Singapore,VLSFO,797.36
4007,2022-01-11,Singapore,LSMGO,1022.85
4008,2022-01-11,Singapore,IFO380,568.35
4009,2022-01-11,Fujairah,VLSFO,792.14
4010,2022-01-11,Fujairah,LSMGO,1045.85
4011,2022-01-11,Fujairah,IFO380,568.08
4012,2022-01-11,Rotterdam,VLSFO,758.98
4013,2022-01-11,Rotterdam,LSMGO,956.22
4014,2022-01-11,Rotterdam,IFO380,544.76
4015,2022-01-11,Visakhapatnam,VLSFO,846.6
4016,2022-01-11,Visakhapatnam,LSMGO,1163.84
4017,2022-01-11,Visakhapatnam,IFO380,607.94
4018,2022-01-11,Houston,VLSFO,752.01
4019,2022-01-11,Houston,LSMGO,924.39
4020,2022-01-11,Houston,IFO380,542.36
4021,2022-01-12,Singapore,VLSFO,812.59
4022,2022-01-12,Singapore,LSMGO,1026.48
4023,2022-01-12,Singapore,IFO380,582.38
4024,2022-01-12,Fujairah,VLSFO,792.38
4025,2022-01-12,Fujairah,LSMGO,1046.35
4026,2022-01-12,Fujairah,IFO380,562.58
4027,2022-01-12,Rotterdam,VLSFO,761.95
4028,2022-01-12,Rotterdam,LSMGO,968.04
4029,2022-01-12,Rotterdam,IFO380,547.06
4030,2022-01-12,Visakhapatnam,VLSFO,865.26
4031,2022-01-12,Visakhapatnam,LSMGO,1189.11
4032,2022-01-12,Visakhapatnam,IFO380,623.49
4033,2022-01-12,Houston,VLSFO,756.07
4034,2022-01-12,Houston,LSMGO,931.27
4035,2022-01-12,Houston,IFO380,543.88
4036,2022-01-13,Singapore,VLSFO,816.79
4037,2022-01-13,Singapore,LSMGO,1029.35
4038,2022-01-13,Singapore,IFO380,592.27
4039,2022-01-13,Fujairah,VLSFO,793.85
4040,2022-01-13,Fujairah,LSMGO,1029.56
4041,2022-01-13,Fujairah,IFO380,573.54
4042,2022-01-13,Rotterdam,VLSFO,774.36
4043,2022-01-13,Rotterdam,LSMGO,960.81
4044,2022-01-13,Rotterdam,IFO380,559.25
4045,2022-01-13,Visakhapatnam,VLSFO,851.33
4046,2022-01-13,Visakhapatnam,LSMGO,1170.59
4047,2022-01-13,Visakhapatnam,IFO380,609.25
4048,2022-01-13,Houston,VLSFO,749.16
4049,2022-01-13,Houston,LSMGO,924.12
4050,2022-01-13,Houston,IFO380,539.67
4051,2022-01-14,Singapore,VLSFO,814.43
4052,2022-01-14,Singapore,LSMGO,1033.93
4053,2022-01-14,Singapore,IFO380,587.29
4054,2022-01-14,Fujairah,VLSFO,802.95
4055,2022-01-14,Fujairah,LSMGO,1052.89
4056,2022-01-14,Fujairah,IFO380,574.41
4057,2022-01-14,Rotterdam,VLSFO,783.24
4058,2022-01-14,Rotterdam,LSMGO,981.94
4059,2022-01-14,Rotterdam,IFO380,560.96
4060,2022-01-14,Visakhapatnam,VLSFO,855.86
4061,2022-01-14,Visakhapatnam,LSMGO,1170.9
4062,2022-01-14,Visakhapatnam,IFO380,617.82
4063,2022-01-14,Houston,VLSFO,752.23
4064,2022-01-14,Houston,LSMGO,918.13
4065,2022-01-14,Houston,IFO380,545.79
4066,2022-01-17,Singapore,VLSFO,821.72
4067,2022-01-17,Singapore,LSMGO,1039.17
4068,2022-01-17,Singapore,IFO380,591.62
4069,2022-01-17,Fujairah,VLSFO,798.38
4070,2022-01-17,Fujairah,LSMGO,1042.86
4071,2022-01-17,Fujairah,IFO380,579.12
4072,2022-01-17,Rotterdam,VLSFO,774.42
4073,2022-01-17,Rotterdam,LSMGO,964.8
4074,2022-01-17,Rotterdam,IFO380,558.27
4075,2022-01-17,Visakhapatnam,VLSFO,864.94
4076,2022-01-17,Visakhapatnam,LSMGO,1198.35
4077,2022-01-17,Visakhapatnam,IFO380,625.85
4078,2022-01-17,Houston,VLSFO,768.22
4079,2022-01-17,Houston,LSMGO,941.35
4080,2022-01-17,Houston,IFO380,549.65
4081,2022-01-18,Singapore,VLSFO,832.06
4082,2022-01-18,Singapore,LSMGO,1075.6
4083,2022-01-18,Singapore,IFO380,603.07
4084,2022-01-18,Fujairah,VLSFO,806.44
4085,2022-01-18,Fujairah,LSMGO,1052.68
4086,2022-01-18,Fujairah,IFO380,579.35
4087,2022-01-18,Rotterdam,VLSFO,785.28
4088,2022-01-18,Rotterdam,LSMGO,981.53
4089,2022-01-18,Rotterdam,IFO380,565.31
4090,2022-01-18,Visakhapatnam,VLSFO,868.42
4091,2022-01-18,Visakhapatnam,LSMGO,1187.23
4092,2022-01-18,Visakhapatnam,IFO380,634.17
4093,2022-01-18,Houston,VLSFO,768.33
4094,2022-01-18,Houston,LSMGO,940.29
4095,2022-01-18,Houston,IFO380,553.31
4096,2022-01-19,Singapore,VLSFO,824.59
4097,2022-01-19,Singapore,LSMGO,1056.59
4098,2022-01-19,Singapore,IFO380,589.54
4099,2022-01-19,Fujairah,VLSFO,794.81
4100,2022-01-19,Fujairah,LSMGO,1038.24
4101,2022-01-19,Fujairah,IFO380,575.82
4102,2022-01-19,Rotterdam,VLSFO,791.28
4103,2022-01-19,Rotterdam,LSMGO,981.87
4104,2022-01-19,Rotterdam,IFO380,567.34
4105,2022-01-19,Visakhapatnam,VLSFO,875.12
4106,2022-01-19,Visakhapatnam,LSMGO,1203.94
4107,2022-01-19,Visakhapatnam,IFO380,628.94
4108,2022-01-19,Houston,VLSFO,768.98
4109,2022-01-19,Houston,LSMGO,941.38
4110,2022-01-19,Houston,IFO380,550.28
4111,2022-01-20,Singapore,VLSFO,830.43
4112,2022-01-20,Singapore,LSMGO,1061.51
4113,2022-01-20,Singapore,IFO380,597.98
4114,2022-01-20,Fujairah,VLSFO,805.87
4115,2022-01-20,Fujairah,LSMGO,1052.93
4116,2022-01-20,Fujairah,IFO380,578.27
4117,2022-01-20,Rotterdam,VLSFO,787.64
4118,2022-01-20,Rotterdam,LSMGO,982.29
4119,2022-01-20,Rotterdam,IFO380,574.24
4120,2022-01-20,Visakhapatnam,VLSFO,875.66
4121,2022-01-20,Visakhapatnam,LSMGO,1229.4
4122,2022-01-20,Visakhapatnam,IFO380,628.83
4123,2022-01-20,Houston,VLSFO,777.31
4124,2022-01-20,Houston,LSMGO,954.79
4125,2022-01-20,Houston,IFO380,560.9
4126,2022-01-21,Singapore,VLSFO,830.84
4127,2022-01-21,Singapore,LSMGO,1068.73
4128,2022-01-21,Singapore,IFO380,606.96
4129,2022-01-21,Fujairah,VLSFO,804.14
4130,2022-01-21,Fujairah,LSMGO,1052.35
4131,2022-01-21,Fujairah,IFO380,583.11
4132,2022-01-21,Rotterdam,VLSFO,792.97
4133,2022-01-21,Rotterdam,LSMGO,1008.35
4134,2022-01-21,Rotterdam,IFO380,567.41
4135,2022-01-21,Visakhapatnam,VLSFO,872.49
4136,2022-01-21,Visakhapatnam,LSMGO,1213.46
4137,2022-01-21,Visakhapatnam,IFO380,634.57
4138,2022-01-21,Houston,VLSFO,777.7
4139,2022-01-21,Houston,LSMGO,945.39
4140,2022-01-21,Houston,IFO380,559.95
4141,2022-01-24,Singapore,VLSFO,848.96
4142,2022-01-24,Singapore,LSMGO,1080.29
4143,2022-01-24,Singapore,IFO380,611.88
4144,2022-01-24,Fujairah,VLSFO,813.14
4145,2022-01-24,Fujairah,LSMGO,1057.4
4146,2022-01-24,Fujairah,IFO380,586.43
4147,2022-01-24,Rotterdam,VLSFO,786.1
4148,2022-01-24,Rotterdam,LSMGO,982.22
4149,2022-01-24,Rotterdam,IFO380,566.19
4150,2022-01-24,Visakhapatnam,VLSFO,878.63
4151,2022-01-24,Visakhapatnam,LSMGO,1212.58
4152,2022-01-24,Visakhapatnam,IFO380,633.36
4153,2022-01-24,Houston,VLSFO,782.83
4154,2022-01-24,Houston,LSMGO,955.87
4155,2022-01-24,Houston,IFO380,570.32
4156,2022-01-25,Singapore,VLSFO,835.8
4157,2022-01-25,Singapore,LSMGO,1061.88
4158,2022-01-25,Singapore,IFO380,603.73
4159,2022-01-25,Fujairah,VLSFO,818.52
4160,2022-01-25,Fujairah,LSMGO,1060.02
4161,2022-01-25,Fujairah,IFO380,589.51
4162,2022-01-25,Rotterdam,VLSFO,799.94
4163,2022-01-25,Rotterdam,LSMGO,1008.97
4164,2022-01-25,Rotterdam,IFO380,584.46
4165,2022-01-25,Visakhapatnam,VLSFO,882.9
4166,2022-01-25,Visakhapatnam,LSMGO,1214.92
4167,2022-01-25,Visakhapatnam,IFO380,632.21
4168,2022-01-25,Houston,VLSFO,785.08
4169,2022-01-25,Houston,LSMGO,978.42
4170,2022-01-25,Houston,IFO380,566.78
4171,2022-01-26,Singapore,VLSFO,840.87
4172,2022-01-26,Singapore,LSMGO,1070.57
4173,2022-01-26,Singapore,IFO380,609.81
4174,2022-01-26,Fujairah,VLSFO,820.49
4175,2022-01-26,Fujairah,LSMGO,1074.54
4176,2022-01-26,Fujairah,IFO380,594.16
4177,2022-01-26,Rotterdam,VLSFO,793.39
4178,2022-01-26,Rotterdam,LSMGO,993.7
4179,2022-01-26,Rotterdam,IFO380,576.17
4180,2022-01-26,Visakhapatnam,VLSFO,890.64
4181,2022-01-26,Visakhapatnam,LSMGO,1237.79
4182,2022-01-26,Visakhapatnam,IFO380,644.77
4183,2022-01-26,Houston,VLSFO,780.49
4184,2022-01-26,Houston,LSMGO,969.39
4185,2022-01-26,Houston,IFO380,560.52
4186,2022-01-27,Singapore,VLSFO,848.25
4187,2022-01-27,Singapore,LSMGO,1108.73
4188,2022-01-27,Singapore,IFO380,613.3
4189,2022-01-27,Fujairah,VLSFO,825.57
4190,2022-01-27,Fujairah,LSMGO,1086.32
4191,2022-01-27,Fujairah,IFO380,588.77
4192,2022-01-27,Rotterdam,VLSFO,791.06
4193,2022-01-27,Rotterdam,LSMGO,986.08
4194,2022-01-27,Rotterdam,IFO380,574.85
4195,2022-01-27,Visakhapatnam,VLSFO,895.99
4196,2022-01-27,Visakhapatnam,LSMGO,1239.71
4197,2022-01-27,Visakhapatnam,IFO380,644.55
4198,2022-01-27,Houston,VLSFO,782.06
4199,2022-01-27,Houston,LSMGO,961.83
4200,2022-01-27,Houston,IFO380,562.65
4201,2022-01-28,Singapore,VLSFO,836.95
4202,2022-01-28,Singapore,LSMGO,1080.09
4203,2022-01-28,Singapore,IFO380,607.28
4204,2022-01-28,Fujairah,VLSFO,831.1
4205,2022-01-28,Fujairah,LSMGO,1087.78
4206,2022-01-28,Fujairah,IFO380,604.12
4207,2022-01-28,Rotterdam,VLSFO,803.82
4208,2022-01-28,Rotterdam,LSMGO,1007.45
4209,2022-01-28,Rotterdam,IFO380,572.37
4210,2022-01-28,Visakhapatnam,VLSFO,896.43
4211,2022-01-28,Visakhapatnam,LSMGO,1244.78
4212,2022-01-28,Visakhapatnam,IFO380,644.92
4213,2022-01-28,Houston,VLSFO,777.0
4214,2022-01-28,Houston,LSMGO,953.5
4215,2022-01-28,Houston,IFO380,561.18
4216,2022-01-31,Singapore,VLSFO,850.03
4217,2022-01-31,Singapore,LSMGO,1094.69
4218,2022-01-31,Singapore,IFO380,614.71
4219,2022-01-31,Fujairah,VLSFO,823.6
4220,2022-01-31,Fujairah,LSMGO,1079.55
4221,2022-01-31,Fujairah,IFO380,593.2
4222,2022-01-31,Rotterdam,VLSFO,802.83
4223,2022-01-31,Rotterdam,LSMGO,1005.39
4224,2022-01-31,Rotterdam,IFO380,578.52
4225,2022-01-31,Visakhapatnam,VLSFO,900.26
4226,2022-01-31,Visakhapatnam,LSMGO,1248.82
4227,2022-01-31,Visakhapatnam,IFO380,647.99
4228,2022-01-31,Houston,VLSFO,782.47
4229,2022-01-31,Houston,LSMGO,954.04
4230,2022-01-31,Houston,IFO380,570.98
4231,2022-02-01,Singapore,VLSFO,852.79
4232,2022-02-01,Singapore,LSMGO,1095.76
4233,2022-02-01,Singapore,IFO380,611.39
4234,2022-02-01,Fujairah,VLSFO,840.12
4235,2022-02-01,Fujairah,LSMGO,1103.19
4236,2022-02-01,Fujairah,IFO380,607.59
4237,2022-02-01,Rotterdam,VLSFO,807.76
4238,2022-02-01,Rotterdam,LSMGO,1015.67
4239,2022-02-01,Rotterdam,IFO380,581.3
4240,2022-02-01,Visakhapatnam,VLSFO,905.41
4241,2022-02-01,Visakhapatnam,LSMGO,1268.74
4242,2022-02-01,Visakhapatnam,IFO380,662.73
4243,2022-02-01,Houston,VLSFO,794.41
4244,2022-02-01,Houston,LSMGO,980.2
4245,2022-02-01,Houston,IFO380,575.87
4246,2022-02-02,Singapore,VLSFO,849.44
4247,2022-02-02,Singapore,LSMGO,1083.68
4248,2022-02-02,Singapore,IFO380,610.8
4249,2022-02-02,Fujairah,VLSFO,836.59
4250,2022-02-02,Fujairah,LSMGO,1081.54
4251,2022-02-02,Fujairah,IFO380,602.1
4252,2022-02-02,Rotterdam,VLSFO,805.03
4253,2022-02-02,Rotterdam,LSMGO,1017.21
4254,2022-02-02,Rotterdam,IFO380,582.27
4255,2022-02-02,Visakhapatnam,VLSFO,905.3
4256,2022-02-02,Visakhapatnam,LSMGO,1244.47
4257,2022-02-02,Visakhapatnam,IFO380,653.13
4258,2022-02-02,Houston,VLSFO,797.04
4259,2022-02-02,Houston,LSMGO,976.1
4260,2022-02-02,Houston,IFO380,570.15
4261,2022-02-03,Singapore,VLSFO,858.12
4262,2022-02-03,Singapore,LSMGO,1099.73
4263,2022-02-03,Singapore,IFO380,616.09
4264,2022-02-03,Fujairah,VLSFO,846.91
4265,2022-02-03,Fujairah,LSMGO,1098.69
4266,2022-02-03,Fujairah,IFO380,611.59
4267,2022-02-03,Rotterdam,VLSFO,804.97
4268,2022-02-03,Rotterdam,LSMGO,1023.8
4269,2022-02-03,Rotterdam,IFO380,579.37
4270,2022-02-03,Visakhapatnam,VLSFO,909.03
4271,2022-02-03,Visakhapatnam,LSMGO,1247.17
4272,2022-02-03,Visakhapatnam,IFO380,655.43
4273,2022-02-03,Houston,VLSFO,789.45
4274,2022-02-03,Houston,LSMGO,980.2
4275,2022-02-03,Houston,IFO380,569.45
4276,2022-02-04,Singapore,VLSFO,859.83
4277,2022-02-04,Singapore,LSMGO,1101.89
4278,2022-02-04,Singapore,IFO380,617.19
4279,2022-02-04,Fujairah,VLSFO,835.73
4280,2022-02-04,Fujairah,LSMGO,1085.39
4281,2022-02-04,Fujairah,IFO380,597.75
4282,2022-02-04,Rotterdam,VLSFO,809.38
4283,2022-02-04,Rotterdam,LSMGO,1026.9
4284,2022-02-04,Rotterdam,IFO380,586.57
4285,2022-02-04,Visakhapatnam,VLSFO,907.75
4286,2022-02-04,Visakhapatnam,LSMGO,1256.18
4287,2022-02-04,Visakhapatnam,IFO380,652.24
4288,2022-02-04,Houston,VLSFO,797.5
4289,2022-02-04,Houston,LSMGO,993.17
4290,2022-02-04,Houston,IFO380,578.86
4291,2022-02-07,Singapore,VLSFO,862.49
4292,2022-02-07,Singapore,LSMGO,1108.03
4293,2022-02-07,Singapore,IFO380,623.93
4294,2022-02-07,Fujairah,VLSFO,853.74
4295,2022-02-07,Fujairah,LSMGO,1118.39
4296,2022-02-07,Fujairah,IFO380,607.62
4297,2022-02-07,Rotterdam,VLSFO,815.66
4298,2022-02-07,Rotterdam,LSMGO,1023.77
4299,2022-02-07,Rotterdam,IFO380,584.9
4300,2022-02-07,Visakhapatnam,VLSFO,913.77
4301,2022-02-07,Visakhapatnam,LSMGO,1267.8
4302,2022-02-07,Visakhapatnam,IFO380,659.54
4303,2022-02-07,Houston,VLSFO,791.67
4304,2022-02-07,Houston,LSMGO,972.8
4305,2022-02-07,Houston,IFO380,571.73
4306,2022-02-08,Singapore,VLSFO,861.23
4307,2022-02-08,Singapore,LSMGO,1094.79
4308,2022-02-08,Singapore,IFO380,612.98
4309,2022-02-08,Fujairah,VLSFO,843.96
4310,2022-02-08,Fujairah,LSMGO,1112.19
4311,2022-02-08,Fujairah,IFO380,609.98
4312,2022-02-08,Rotterdam,VLSFO,817.54
4313,2022-02-08,Rotterdam,LSMGO,1032.09
4314,2022-02-08,Rotterdam,IFO380,596.98
4315,2022-02-08,Visakhapatnam,VLSFO,921.89
4316,2022-02-08,Visakhapatnam,LSMGO,1272.91
4317,2022-02-08,Visakhapatnam,IFO380,664.79
4318,2022-02-08,Houston,VLSFO,802.25
4319,2022-02-08,Houston,LSMGO,979.52
4320,2022-02-08,Houston,IFO380,581.26
4321,2022-02-09,Singapore,VLSFO,859.36
4322,2022-02-09,Singapore,LSMGO,1091.02
4323,2022-02-09,Singapore,IFO380,617.84
4324,2022-02-09,Fujairah,VLSFO,848.59
4325,2022-02-09,Fujairah,LSMGO,1112.14
4326,2022-02-09,Fujairah,IFO380,608.78
4327,2022-02-09,Rotterdam,VLSFO,834.32
4328,2022-02-09,Rotterdam,LSMGO,1045.48
4329,2022-02-09,Rotterdam,IFO380,597.77
4330,2022-02-09,Visakhapatnam,VLSFO,915.72
4331,2022-02-09,Visakhapatnam,LSMGO,1275.32
4332,2022-02-09,Visakhapatnam,IFO380,660.89
4333,2022-02-09,Houston,VLSFO,800.09
4334,2022-02-09,Houston,LSMGO,984.12
4335,2022-02-09,Houston,IFO380,574.64
4336,2022-02-10,Singapore,VLSFO,872.93
4337,2022-02-10,Singapore,LSMGO,1119.19
4338,2022-02-10,Singapore,IFO380,625.91
4339,2022-02-10,Fujairah,VLSFO,844.42
4340,2022-02-10,Fujairah,LSMGO,1113.98
4341,2022-02-10,Fujairah,IFO380,603.63
4342,2022-02-10,Rotterdam,VLSFO,825.49
4343,2022-02-10,Rotterdam,LSMGO,1021.91
4344,2022-02-10,Rotterdam,IFO380,591.47
4345,2022-02-10,Visakhapatnam,VLSFO,913.87
4346,2022-02-10,Visakhapatnam,LSMGO,1258.22
4347,2022-02-10,Visakhapatnam,IFO380,660.35
4348,2022-02-10,Houston,VLSFO,798.8
4349,2022-02-10,Houston,LSMGO,974.25
4350,2022-02-10,Houston,IFO380,574.55
4351,2022-02-11,Singapore,VLSFO,864.77
4352,2022-02-11,Singapore,LSMGO,1099.93
4353,2022-02-11,Singapore,IFO380,626.26
4354,2022-02-11,Fujairah,VLSFO,851.11
4355,2022-02-11,Fujairah,LSMGO,1102.43
4356,2022-02-11,Fujairah,IFO380,608.24
4357,2022-02-11,Rotterdam,VLSFO,828.91
4358,2022-02-11,Rotterdam,LSMGO,1053.95
4359,2022-02-11,Rotterdam,IFO380,595.15
4360,2022-02-11,Visakhapatnam,VLSFO,925.28
4361,2022-02-11,Visakhapatnam,LSMGO,1266.36
4362,2022-02-11,Visakhapatnam,IFO380,663.71
4363,2022-02-11,Houston,VLSFO,816.12
4364,2022-02-11,Houston,LSMGO,1008.26
4365,2022-02-11,Houston,IFO380,586.44
4366,2022-02-14,Singapore,VLSFO,883.94
4367,2022-02-14,Singapore,LSMGO,1129.08
4368,2022-02-14,Singapore,IFO380,634.09
4369,2022-02-14,Fujairah,VLSFO,857.18
4370,2022-02-14,Fujairah,LSMGO,1111.3
4371,2022-02-14,Fujairah,IFO380,617.04
4372,2022-02-14,Rotterdam,VLSFO,831.38
4373,2022-02-14,Rotterdam,LSMGO,1048.12
4374,2022-02-14,Rotterdam,IFO380,600.11
4375,2022-02-14,Visakhapatnam,VLSFO,926.17
4376,2022-02-14,Visakhapatnam,LSMGO,1283.11
4377,2022-02-14,Visakhapatnam,IFO380,669.7
4378,2022-02-14,Houston,VLSFO,818.26
4379,2022-02-14,Houston,LSMGO,1000.11
4380,2022-02-14,Houston,IFO380,583.81
4381,2022-02-15,Singapore,VLSFO,876.5
4382,2022-02-15,Singapore,LSMGO,1115.08
4383,2022-02-15,Singapore,IFO380,628.06
4384,2022-02-15,Fujairah,VLSFO,854.99
4385,2022-02-15,Fujairah,LSMGO,1119.11
4386,2022-02-15,Fujairah,IFO380,618.1
4387,2022-02-15,Rotterdam,VLSFO,832.93
4388,2022-02-15,Rotterdam,LSMGO,1040.09
4389,2022-02-15,Rotterdam,IFO380,594.27
4390,2022-02-15,Visakhapatnam,VLSFO,918.24
4391,2022-02-15,Visakhapatnam,LSMGO,1274.68
4392,2022-02-15,Visakhapatnam,IFO380,663.74
4393,2022-02-15,Houston,VLSFO,810.95
4394,2022-02-15,Houston,LSMGO,999.98
4395,2022-02-15,Houston,IFO380,584.32
4396,2022-02-16,Singapore,VLSFO,881.53
4397,2022-02-16,Singapore,LSMGO,1138.02
4398,2022-02-16,Singapore,IFO380,638.7
4399,2022-02-16,Fujairah,VLSFO,854.25
4400,2022-02-16,Fujairah,LSMGO,1113.27
4401,2022-02-16,Fujairah,IFO380,608.59
4402,2022-02-16,Rotterdam,VLSFO,829.77
4403,2022-02-16,Rotterdam,LSMGO,1043.04
4404,2022-02-16,Rotterdam,IFO380,594.65
4405,2022-02-16,Visakhapatnam,VLSFO,931.03
4406,2022-02-16,Visakhapatnam,LSMGO,1283.41
4407,2022-02-16,Visakhapatnam,IFO380,664.78
4408,2022-02-16,Houston,VLSFO,804.6
4409,2022-02-16,Houston,LSMGO,974.75
4410,2022-02-16,Houston,IFO380,581.39
4411,2022-02-17,Singapore,VLSFO,881.78
4412,2022-02-17,Singapore,LSMGO,1136.04
4413,2022-02-17,Singapore,IFO380,640.06
4414,2022-02-17,Fujairah,VLSFO,855.13
4415,2022-02-17,Fujairah,LSMGO,1113.78
4416,2022-02-17,Fujairah,IFO380,616.84
4417,2022-02-17,Rotterdam,VLSFO,835.93
4418,2022-02-17,Rotterdam,LSMGO,1044.51
4419,2022-02-17,Rotterdam,IFO380,597.06
4420,2022-02-17,Visakhapatnam,VLSFO,931.99
4421,2022-02-17,Visakhapatnam,LSMGO,1286.53
4422,2022-02-17,Visakhapatnam,IFO380,677.76
4423,2022-02-17,Houston,VLSFO,823.44
4424,2022-02-17,Houston,LSMGO,1010.18
4425,2022-02-17,Houston,IFO380,593.16
4426,2022-02-18,Singapore,VLSFO,874.66
4427,2022-02-18,Singapore,LSMGO,1116.95
4428,2022-02-18,Singapore,IFO380,633.59
4429,2022-02-18,Fujairah,VLSFO,863.34
4430,2022-02-18,Fujairah,LSMGO,1131.6
4431,2022-02-18,Fujairah,IFO380,622.32
4432,2022-02-18,Rotterdam,VLSFO,844.73
4433,2022-02-18,Rotterdam,LSMGO,1067.81
4434,2022-02-18,Rotterdam,IFO380,605.71
4435,2022-02-18,Visakhapatnam,VLSFO,932.01
4436,2022-02-18,Visakhapatnam,LSMGO,1290.9
4437,2022-02-18,Visakhapatnam,IFO380,676.87
4438,2022-02-18,Houston,VLSFO,827.52
4439,2022-02-18,Houston,LSMGO,1010.61
4440,2022-02-18,Houston,IFO380,598.99
4441,2022-02-21,Singapore,VLSFO,882.86
4442,2022-02-21,Singapore,LSMGO,1144.16
4443,2022-02-21,Singapore,IFO380,635.59
4444,2022-02-21,Fujairah,VLSFO,868.82
4445,2022-02-21,Fujairah,LSMGO,1144.12
4446,2022-02-21,Fujairah,IFO380,634.35
4447,2022-02-21,Rotterdam,VLSFO,847.73
4448,2022-02-21,Rotterdam,LSMGO,1065.0
4449,2022-02-21,Rotterdam,IFO380,612.19
4450,2022-02-21,Visakhapatnam,VLSFO,932.12
4451,2022-02-21,Visakhapatnam,LSMGO,1274.91
4452,2022-02-21,Visakhapatnam,IFO380,670.99
4453,2022-02-21,Houston,VLSFO,824.37
4454,2022-02-21,Houston,LSMGO,1015.11
4455,2022-02-21,Houston,IFO380,596.29
4456,2022-02-22,Singapore,VLSFO,890.49
4457,2022-02-22,Singapore,LSMGO,1138.67
4458,2022-02-22,Singapore,IFO380,647.46
4459,2022-02-22,Fujairah,VLSFO,866.72
4460,2022-02-22,Fujairah,LSMGO,1128.42
4461,2022-02-22,Fujairah,IFO380,627.91
4462,2022-02-22,Rotterdam,VLSFO,841.36
4463,2022-02-22,Rotterdam,LSMGO,1038.91
4464,2022-02-22,Rotterdam,IFO380,602.85
4465,2022-02-22,Visakhapatnam,VLSFO,935.24
4466,2022-02-22,Visakhapatnam,LSMGO,1293.08
4467,2022-02-22,Visakhapatnam,IFO380,675.74
4468,2022-02-22,Houston,VLSFO,820.7
4469,2022-02-22,Houston,LSMGO,1009.88
4470,2022-02-22,Houston,IFO380,587.07
4471,2022-02-23,Singapore,VLSFO,882.91
4472,2022-02-23,Singapore,LSMGO,1124.89
4473,2022-02-23,Singapore,IFO380,633.03
4474,2022-02-23,Fujairah,VLSFO,865.16
4475,2022-02-23,Fujairah,LSMGO,1125.79
4476,2022-02-23,Fujairah,IFO380,621.71
4477,2022-02-23,Rotterdam,VLSFO,842.01
4478,2022-02-23,Rotterdam,LSMGO,1056.92
4479,2022-02-23,Rotterdam,IFO380,612.44
4480,2022-02-23,Visakhapatnam,VLSFO,929.14
4481,2022-02-23,Visakhapatnam,LSMGO,1280.97
4482,2022-02-23,Visakhapatnam,IFO380,668.44
4483,2022-02-23,Houston,VLSFO,813.68
4484,2022-02-23,Houston,LSMGO,1009.71
4485,2022-02-23,Houston,IFO380,587.78
4486,2022-02-24,Singapore,VLSFO,896.37
4487,2022-02-24,Singapore,LSMGO,1158.6
4488,2022-02-24,Singapore,IFO380,647.14
4489,2022-02-24,Fujairah,VLSFO,869.18
4490,2022-02-24,Fujairah,LSMGO,1133.95
4491,2022-02-24,Fujairah,IFO380,626.18
4492,2022-02-24,Rotterdam,VLSFO,832.23
4493,2022-02-24,Rotterdam,LSMGO,1033.69
4494,2022-02-24,Rotterdam,IFO380,593.4
4495,2022-02-24,Visakhapatnam,VLSFO,942.53
4496,2022-02-24,Visakhapatnam,LSMGO,1300.4
4497,2022-02-24,Visakhapatnam,IFO380,677.74
4498,2022-02-24,Houston,VLSFO,817.05
4499,2022-02-24,Houston,LSMGO,995.93
4500,2022-02-24,Houston,IFO380,586.85
4501,2022-02-25,Singapore,VLSFO,891.89
4502,2022-02-25,Singapore,LSMGO,1147.35
4503,2022-02-25,Singapore,IFO380,644.45
4504,2022-02-25,Fujairah,VLSFO,869.01
4505,2022-02-25,Fujairah,LSMGO,1147.24
4506,2022-02-25,Fujairah,IFO380,627.35
4507,2022-02-25,Rotterdam,VLSFO,848.72
4508,2022-02-25,Rotterdam,LSMGO,1050.63
4509,2022-02-25,Rotterdam,IFO380,613.82
4510,2022-02-25,Visakhapatnam,VLSFO,938.09
4511,2022-02-25,Visakhapatnam,LSMGO,1300.15
4512,2022-02-25,Visakhapatnam,IFO380,668.89
4513,2022-02-25,Houston,VLSFO,817.43
4514,2022-02-25,Houston,LSMGO,998.39
4515,2022-02-25,Houston,IFO380,582.82
4516,2022-02-28,Singapore,VLSFO,899.97
4517,2022-02-28,Singapore,LSMGO,1150.96
4518,2022-02-28,Singapore,IFO380,645.01
4519,2022-02-28,Fujairah,VLSFO,866.25
4520,2022-02-28,Fujairah,LSMGO,1135.35
4521,2022-02-28,Fujairah,IFO380,626.83
4522,2022-02-28,Rotterdam,VLSFO,853.49
4523,2022-02-28,Rotterdam,LSMGO,1071.57
4524,2022-02-28,Rotterdam,IFO380,618.07
4525,2022-02-28,Visakhapatnam,VLSFO,947.56
4526,2022-02-28,Visakhapatnam,LSMGO,1304.51
4527,2022-02-28,Visakhapatnam,IFO380,671.6
4528,2022-02-28,Houston,VLSFO,826.57
4529,2022-02-28,Houston,LSMGO,1029.72
4530,2022-02-28,Houston,IFO380,592.52
4531,2022-03-01,Singapore,VLSFO,895.9
4532,2022-03-01,Singapore,LSMGO,1158.15
4533,2022-03-01,Singapore,IFO380,644.04
4534,2022-03-01,Fujairah,VLSFO,875.31
4535,2022-03-01,Fujairah,LSMGO,1145.42
4536,2022-03-01,Fujairah,IFO380,630.17
4537,2022-03-01,Rotterdam,VLSFO,855.42
4538,2022-03-01,Rotterdam,LSMGO,1066.73
4539,2022-03-01,Rotterdam,IFO380,612.56
4540,2022-03-01,Visakhapatnam,VLSFO,944.93
4541,2022-03-01,Visakhapatnam,LSMGO,1318.89
4542,2022-03-01,Visakhapatnam,IFO380,673.8
4543,2022-03-01,Houston,VLSFO,830.81
4544,2022-03-01,Houston,LSMGO,1021.5
4545,2022-03-01,Houston,IFO380,594.88
4546,2022-03-02,Singapore,VLSFO,891.6
4547,2022-03-02,Singapore,LSMGO,1146.65
4548,2022-03-02,Singapore,IFO380,637.82
4549,2022-03-02,Fujairah,VLSFO,879.61
4550,2022-03-02,Fujairah,LSMGO,1147.13
4551,2022-03-02,Fujairah,IFO380,630.98
4552,2022-03-02,Rotterdam,VLSFO,840.13
4553,2022-03-02,Rotterdam,LSMGO,1055.72
4554,2022-03-02,Rotterdam,IFO380,606.71
4555,2022-03-02,Visakhapatnam,VLSFO,939.62
4556,2022-03-02,Visakhapatnam,LSMGO,1292.71
4557,2022-03-02,Visakhapatnam,IFO380,676.05
4558,2022-03-02,Houston,VLSFO,819.52
4559,2022-03-02,Houston,LSMGO,1011.04
4560,2022-03-02,Houston,IFO380,589.26
4561,2022-03-03,Singapore,VLSFO,892.34
4562,2022-03-03,Singapore,LSMGO,1151.49
4563,2022-03-03,Singapore,IFO380,644.27
4564,2022-03-03,Fujairah,VLSFO,877.62
4565,2022-03-03,Fujairah,LSMGO,1148.56
4566,2022-03-03,Fujairah,IFO380,629.18
4567,2022-03-03,Rotterdam,VLSFO,845.77
4568,2022-03-03,Rotterdam,LSMGO,1061.61
4569,2022-03-03,Rotterdam,IFO380,607.22
4570,2022-03-03,Visakhapatnam,VLSFO,943.16
4571,2022-03-03,Visakhapatnam,LSMGO,1298.3
4572,2022-03-03,Visakhapatnam,IFO380,676.18
4573,2022-03-03,Houston,VLSFO,834.69
4574,2022-03-03,Houston,LSMGO,1031.22
4575,2022-03-03,Houston,IFO380,597.95
4576,2022-03-04,Singapore,VLSFO,903.48
4577,2022-03-04,Singapore,LSMGO,1164.38
4578,2022-03-04,Singapore,IFO380,644.64
4579,2022-03-04,Fujairah,VLSFO,872.42
4580,2022-03-04,Fujairah,LSMGO,1139.41
4581,2022-03-04,Fujairah,IFO380,626.98
4582,2022-03-04,Rotterdam,VLSFO,850.62
4583,2022-03-04,Rotterdam,LSMGO,1071.01
4584,2022-03-04,Rotterdam,IFO380,614.57
4585,2022-03-04,Visakhapatnam,VLSFO,942.44
4586,2022-03-04,Visakhapatnam,LSMGO,1311.79
4587,2022-03-04,Visakhapatnam,IFO380,675.87
4588,2022-03-04,Houston,VLSFO,830.7
4589,2022-03-04,Houston,LSMGO,1028.59
4590,2022-03-04,Houston,IFO380,595.03
4591,2022-03-07,Singapore,VLSFO,894.15
4592,2022-03-07,Singapore,LSMGO,1145.28
4593,2022-03-07,Singapore,IFO380,644.7
4594,2022-03-07,Fujairah,VLSFO,873.15
4595,2022-03-07,Fujairah,LSMGO,1135.2
4596,2022-03-07,Fujairah,IFO380,631.09
4597,2022-03-07,Rotterdam,VLSFO,856.2
4598,2022-03-07,Rotterdam,LSMGO,1079.14
4599,2022-03-07,Rotterdam,IFO380,614.4
4600,2022-03-07,Visakhapatnam,VLSFO,956.35
4601,2022-03-07,Visakhapatnam,LSMGO,1325.82
4602,2022-03-07,Visakhapatnam,IFO380,687.78
4603,2022-03-07,Houston,VLSFO,827.74
4604,2022-03-07,Houston,LSMGO,1026.45
4605,2022-03-07,Houston,IFO380,592.23
4606,2022-03-08,Singapore,VLSFO,902.14
4607,2022-03-08,Singapore,LSMGO,1158.18
4608,2022-03-08,Singapore,IFO380,655.13
4609,2022-03-08,Fujairah,VLSFO,878.1
4610,2022-03-08,Fujairah,LSMGO,1147.1
4611,2022-03-08,Fujairah,IFO380,635.85
4612,2022-03-08,Rotterdam,VLSFO,850.72
4613,2022-03-08,Rotterdam,LSMGO,1060.59
4614,2022-03-08,Rotterdam,IFO380,614.76
4615,2022-03-08,Visakhapatnam,VLSFO,947.19
4616,2022-03-08,Visakhapatnam,LSMGO,1303.73
4617,2022-03-08,Visakhapatnam,IFO380,677.83
4618,2022-03-08,Houston,VLSFO,834.03
4619,2022-03-08,Houston,LSMGO,1010.14
4620,2022-03-08,Houston,IFO380,597.82
4621,2022-03-09,Singapore,VLSFO,905.71
4622,2022-03-09,Singapore,LSMGO,1159.42
4623,2022-03-09,Singapore,IFO380,648.32
4624,2022-03-09,Fujairah,VLSFO,886.06
4625,2022-03-09,Fujairah,LSMGO,1163.11
4626,2022-03-09,Fujairah,IFO380,642.28
4627,2022-03-09,Rotterdam,VLSFO,846.26
4628,2022-03-09,Rotterdam,LSMGO,1060.88
4629,2022-03-09,Rotterdam,IFO380,615.09
4630,2022-03-09,Visakhapatnam,VLSFO,950.26
4631,2022-03-09,Visakhapatnam,LSMGO,1315.58
4632,2022-03-09,Visakhapatnam,IFO380,683.63
4633,2022-03-09,Houston,VLSFO,832.66
4634,2022-03-09,Houston,LSMGO,1022.55
4635,2022-03-09,Houston,IFO380,601.35
4636,2022-03-10,Singapore,VLSFO,895.69
4637,2022-03-10,Singapore,LSMGO,1141.1
4638,2022-03-10,Singapore,IFO380,647.88
4639,2022-03-10,Fujairah,VLSFO,880.72
4640,2022-03-10,Fujairah,LSMGO,1151.65
4641,2022-03-10,Fujairah,IFO380,638.78
4642,2022-03-10,Rotterdam,VLSFO,844.62
4643,2022-03-10,Rotterdam,LSMGO,1074.25
4644,2022-03-10,Rotterdam,IFO380,606.26
4645,2022-03-10,Visakhapatnam,VLSFO,953.54
4646,2022-03-10,Visakhapatnam,LSMGO,1326.69
4647,2022-03-10,Visakhapatnam,IFO380,685.55
4648,2022-03-10,Houston,VLSFO,831.16
4649,2022-03-10,Houston,LSMGO,1033.72
4650,2022-03-10,Houston,IFO380,592.43
4651,2022-03-11,Singapore,VLSFO,897.16
4652,2022-03-11,Singapore,LSMGO,1145.87
4653,2022-03-11,Singapore,IFO380,648.11
4654,2022-03-11,Fujairah,VLSFO,887.06
4655,2022-03-11,Fujairah,LSMGO,1158.37
4656,2022-03-11,Fujairah,IFO380,645.29
4657,2022-03-11,Rotterdam,VLSFO,855.13
4658,2022-03-11,Rotterdam,LSMGO,1068.33
4659,2022-03-11,Rotterdam,IFO380,626.22
4660,2022-03-11,Visakhapatnam,VLSFO,966.44
4661,2022-03-11,Visakhapatnam,LSMGO,1335.75
4662,2022-03-11,Visakhapatnam,IFO380,697.41
4663,2022-03-11,Houston,VLSFO,836.79
4664,2022-03-11,Houston,LSMGO,1037.22
4665,2022-03-11,Houston,IFO380,597.49
4666,2022-03-14,Singapore,VLSFO,891.96
4667,2022-03-14,Singapore,LSMGO,1122.41
4668,2022-03-14,Singapore,IFO380,641.48
4669,2022-03-14,Fujairah,VLSFO,882.36
4670,2022-03-14,Fujairah,LSMGO,1154.55
4671,2022-03-14,Fujairah,IFO380,631.17
4672,2022-03-14,Rotterdam,VLSFO,845.66
4673,2022-03-14,Rotterdam,LSMGO,1052.76
4674,2022-03-14,Rotterdam,IFO380,605.29
4675,2022-03-14,Visakhapatnam,VLSFO,944.16
4676,2022-03-14,Visakhapatnam,LSMGO,1307.76
4677,2022-03-14,Visakhapatnam,IFO380,677.77
4678,2022-03-14,Houston,VLSFO,834.29
4679,2022-03-14,Houston,LSMGO,1028.42
4680,2022-03-14,Houston,IFO380,598.84
4681,2022-03-15,Singapore,VLSFO,895.22
4682,2022-03-15,Singapore,LSMGO,1147.99
4683,2022-03-15,Singapore,IFO380,652.5
4684,2022-03-15,Fujairah,VLSFO,875.41
4685,2022-03-15,Fujairah,LSMGO,1141.04
4686,2022-03-15,Fujairah,IFO380,626.26
4687,2022-03-15,Rotterdam,VLSFO,862.61
4688,2022-03-15,Rotterdam,LSMGO,1089.3
4689,2022-03-15,Rotterdam,IFO380,626.59
4690,2022-03-15,Visakhapatnam,VLSFO,955.61
4691,2022-03-15,Visakhapatnam,LSMGO,1330.07
4692,2022-03-15,Visakhapatnam,IFO380,690.41
4693,2022-03-15,Houston,VLSFO,846.54
4694,2022-03-15,Houston,LSMGO,1042.17
4695,2022-03-15,Houston,IFO380,608.67
4696,2022-03-16,Singapore,VLSFO,903.21
4697,2022-03-16,Singapore,LSMGO,1160.49
4698,2022-03-16,Singapore,IFO380,649.9
4699,2022-03-16,Fujairah,VLSFO,884.64
4700,2022-03-16,Fujairah,LSMGO,1167.41
4701,2022-03-16,Fujairah,IFO380,638.76
4702,2022-03-16,Rotterdam,VLSFO,862.44
4703,2022-03-16,Rotterdam,LSMGO,1089.12
4704,2022-03-16,Rotterdam,IFO380,623.22
4705,2022-03-16,Visakhapatnam,VLSFO,949.71
4706,2022-03-16,Visakhapatnam,LSMGO,1313.67
4707,2022-03-16,Visakhapatnam,IFO380,685.27
4708,2022-03-16,Houston,VLSFO,844.12
4709,2022-03-16,Houston,LSMGO,1038.39
4710,2022-03-16,Houston,IFO380,603.41
4711,2022-03-17,Singapore,VLSFO,900.39
4712,2022-03-17,Singapore,LSMGO,1150.77
4713,2022-03-17,Singapore,IFO380,644.78
4714,2022-03-17,Fujairah,VLSFO,888.37
4715,2022-03-17,Fujairah,LSMGO,1162.59
4716,2022-03-17,Fujairah,IFO380,643.74
4717,2022-03-17,Rotterdam,VLSFO,854.32
4718,2022-03-17,Rotterdam,LSMGO,1072.09
4719,2022-03-17,Rotterdam,IFO380,619.77
4720,2022-03-17,Visakhapatnam,VLSFO,945.47
4721,2022-03-17,Visakhapatnam,LSMGO,1303.75
4722,2022-03-17,Visakhapatnam,IFO380,681.91
4723,2022-03-17,Houston,VLSFO,842.03
4724,2022-03-17,Houston,LSMGO,1045.94
4725,2022-03-17,Houston,IFO380,606.27
4726,2022-03-18,Singapore,VLSFO,896.75
4727,2022-03-18,Singapore,LSMGO,1147.88
4728,2022-03-18,Singapore,IFO380,644.94
4729,2022-03-18,Fujairah,VLSFO,875.96
4730,2022-03-18,Fujairah,LSMGO,1146.68
4731,2022-03-18,Fujairah,IFO380,627.76
4732,2022-03-18,Rotterdam,VLSFO,853.18
4733,2022-03-18,Rotterdam,LSMGO,1080.6
4734,2022-03-18,Rotterdam,IFO380,609.2
4735,2022-03-18,Visakhapatnam,VLSFO,951.29
4736,2022-03-18,Visakhapatnam,LSMGO,1322.98
4737,2022-03-18,Visakhapatnam,IFO380,678.25
4738,2022-03-18,Houston,VLSFO,836.25
4739,2022-03-18,Houston,LSMGO,1031.59
4740,2022-03-18,Houston,IFO380,604.22
4741,2022-03-21,Singapore,VLSFO,900.53
4742,2022-03-21,Singapore,LSMGO,1159.07
4743,2022-03-21,Singapore,IFO380,644.34
4744,2022-03-21,Fujairah,VLSFO,882.69
4745,2022-03-21,Fujairah,LSMGO,1149.98
4746,2022-03-21,Fujairah,IFO380,636.78
4747,2022-03-21,Rotterdam,VLSFO,860.9
4748,2022-03-21,Rotterdam,LSMGO,1083.5
4749,2022-03-21,Rotterdam,IFO380,616.79
4750,2022-03-21,Visakhapatnam,VLSFO,964.31
4751,2022-03-21,Visakhapatnam,LSMGO,1323.15
4752,2022-03-21,Visakhapatnam,IFO380,696.88
4753,2022-03-21,Houston,VLSFO,831.12
4754,2022-03-21,Houston,LSMGO,1029.05
4755,2022-03-21,Houston,IFO380,600.29
4756,2022-03-22,Singapore,VLSFO,900.18
4757,2022-03-22,Singapore,LSMGO,1160.8
4758,2022-03-22,Singapore,IFO380,643.05
4759,2022-03-22,Fujairah,VLSFO,883.86
4760,2022-03-22,Fujairah,LSMGO,1155.73
4761,2022-03-22,Fujairah,IFO380,637.23
4762,2022-03-22,Rotterdam,VLSFO,851.34
4763,2022-03-22,Rotterdam,LSMGO,1063.37
4764,2022-03-22,Rotterdam,IFO380,614.13
4765,2022-03-22,Visakhapatnam,VLSFO,952.76
4766,2022-03-22,Visakhapatnam,LSMGO,1313.62
4767,2022-03-22,Visakhapatnam,IFO380,693.9
4768,2022-03-22,Houston,VLSFO,836.71
4769,2022-03-22,Houston,LSMGO,1019.19
4770,2022-03-22,Houston,IFO380,602.12
4771,2022-03-23,Singapore,VLSFO,893.93
4772,2022-03-23,Singapore,LSMGO,1151.75
4773,2022-03-23,Singapore,IFO380,639.54
4774,2022-03-23,Fujairah,VLSFO,881.04
4775,2022-03-23,Fujairah,LSMGO,1152.32
4776,2022-03-23,Fujairah,IFO380,633.01
4777,2022-03-23,Rotterdam,VLSFO,850.96
4778,2022-03-23,Rotterdam,LSMGO,1077.46
4779,2022-03-23,Rotterdam,IFO380,612.51
4780,2022-03-23,Visakhapatnam,VLSFO,955.45
4781,2022-03-23,Visakhapatnam,LSMGO,1315.15
4782,2022-03-23,Visakhapatnam,IFO380,686.47
4783,2022-03-23,Houston,VLSFO,838.99
4784,2022-03-23,Houston,LSMGO,1024.59
4785,2022-03-23,Houston,IFO380,605.92
4786,2022-03-24,Singapore,VLSFO,903.89
4787,2022-03-24,Singapore,LSMGO,1161.52
4788,2022-03-24,Singapore,IFO380,650.06
4789,2022-03-24,Fujairah,VLSFO,886.28
4790,2022-03-24,Fujairah,LSMGO,1147.07
4791,2022-03-24,Fujairah,IFO380,629.97
4792,2022-03-24,Rotterdam,VLSFO,859.9
4793,2022-03-24,Rotterdam,LSMGO,1084.95
4794,2022-03-24,Rotterdam,IFO380,612.47
4795,2022-03-24,Visakhapatnam,VLSFO,956.31
4796,2022-03-24,Visakhapatnam,LSMGO,1312.94
4797,2022-03-24,Visakhapatnam,IFO380,697.02
4798,2022-03-24,Houston,VLSFO,830.15
4799,2022-03-24,Houston,LSMGO,1019.87
4800,2022-03-24,Houston,IFO380,596.48
4801,2022-03-25,Singapore,VLSFO,898.85
4802,2022-03-25,Singapore,LSMGO,1157.48
4803,2022-03-25,Singapore,IFO380,644.79
4804,2022-03-25,Fujairah,VLSFO,886.8
4805,2022-03-25,Fujairah,LSMGO,1161.87
4806,2022-03-25,Fujairah,IFO380,640.61
4807,2022-03-25,Rotterdam,VLSFO,855.59
4808,2022-03-25,Rotterdam,LSMGO,1077.68
4809,2022-03-25,Rotterdam,IFO380,610.66
4810,2022-03-25,Visakhapatnam,VLSFO,952.84
4811,2022-03-25,Visakhapatnam,LSMGO,1322.26
4812,2022-03-25,Visakhapatnam,IFO380,689.2
4813,2022-03-25,Houston,VLSFO,839.65
4814,2022-03-25,Houston,LSMGO,1031.24
4815,2022-03-25,Houston,IFO380,596.03
4816,2022-03-28,Singapore,VLSFO,888.39
4817,2022-03-28,Singapore,LSMGO,1144.88
4818,2022-03-28,Singapore,IFO380,637.11
4819,2022-03-28,Fujairah,VLSFO,874.61
4820,2022-03-28,Fujairah,LSMGO,1132.35
4821,2022-03-28,Fujairah,IFO380,629.94
4822,2022-03-28,Rotterdam,VLSFO,856.8
4823,2022-03-28,Rotterdam,LSMGO,1069.49
4824,2022-03-28,Rotterdam,IFO380,617.99
4825,2022-03-28,Visakhapatnam,VLSFO,948.69
4826,2022-03-28,Visakhapatnam,LSMGO,1316.13
4827,2022-03-28,Visakhapatnam,IFO380,682.9
4828,2022-03-28,Houston,VLSFO,831.88
4829,2022-03-28,Houston,LSMGO,1023.95
4830,2022-03-28,Houston,IFO380,595.75
4831,2022-03-29,Singapore,VLSFO,892.85
4832,2022-03-29,Singapore,LSMGO,1144.76
4833,2022-03-29,Singapore,IFO380,631.7
4834,2022-03-29,Fujairah,VLSFO,875.54
4835,2022-03-29,Fujairah,LSMGO,1134.66
4836,2022-03-29,Fujairah,IFO380,634.49
4837,2022-03-29,Rotterdam,VLSFO,845.52
4838,2022-03-29,Rotterdam,LSMGO,1051.35
4839,2022-03-29,Rotterdam,IFO380,604.37
4840,2022-03-29,Visakhapatnam,VLSFO,951.8
4841,2022-03-29,Visakhapatnam,LSMGO,1317.17
4842,2022-03-29,Visakhapatnam,IFO380,692.25
4843,2022-03-29,Houston,VLSFO,837.84
4844,2022-03-29,Houston,LSMGO,1040.69
4845,2022-03-29,Houston,IFO380,599.85
4846,2022-03-30,Singapore,VLSFO,902.57
4847,2022-03-30,Singapore,LSMGO,1140.62
4848,2022-03-30,Singapore,IFO380,655.39
4849,2022-03-30,Fujairah,VLSFO,876.83
4850,2022-03-30,Fujairah,LSMGO,1133.34
4851,2022-03-30,Fujairah,IFO380,624.3
4852,2022-03-30,Rotterdam,VLSFO,850.99
4853,2022-03-30,Rotterdam,LSMGO,1069.2
4854,2022-03-30,Rotterdam,IFO380,619.21
4855,2022-03-30,Visakhapatnam,VLSFO,951.31
4856,2022-03-30,Visakhapatnam,LSMGO,1320.07
4857,2022-03-30,Visakhapatnam,IFO380,682.11
4858,2022-03-30,Houston,VLSFO,838.16
4859,2022-03-30,Houston,LSMGO,1019.53
4860,2022-03-30,Houston,IFO380,597.83
4861,2022-03-31,Singapore,VLSFO,901.47
4862,2022-03-31,Singapore,LSMGO,1154.73
4863,2022-03-31,Singapore,IFO380,648.15
4864,2022-03-31,Fujairah,VLSFO,873.84
4865,2022-03-31,Fujairah,LSMGO,1138.51
4866,2022-03-31,Fujairah,IFO380,632.26
4867,2022-03-31,Rotterdam,VLSFO,857.43
4868,2022-03-31,Rotterdam,LSMGO,1069.07
4869,2022-03-31,Rotterdam,IFO380,612.77
4870,2022-03-31,Visakhapatnam,VLSFO,942.84
4871,2022-03-31,Visakhapatnam,LSMGO,1307.3
4872,2022-03-31,Visakhapatnam,IFO380,673.57
4873,2022-03-31,Houston,VLSFO,829.05
4874,2022-03-31,Houston,LSMGO,1022.45
4875,2022-03-31,Houston,IFO380,594.65
4876,2022-04-01,Singapore,VLSFO,899.45
4877,2022-04-01,Singapore,LSMGO,1151.59
4878,2022-04-01,Singapore,IFO380,653.17
4879,2022-04-01,Fujairah,VLSFO,882.3
4880,2022-04-01,Fujairah,LSMGO,1144.02
4881,2022-04-01,Fujairah,IFO380,635.61
4882,2022-04-01,Rotterdam,VLSFO,846.41
4883,2022-04-01,Rotterdam,LSMGO,1051.81
4884,2022-04-01,Rotterdam,IFO380,607.96
4885,2022-04-01,Visakhapatnam,VLSFO,947.64
4886,2022-04-01,Visakhapatnam,LSMGO,1299.72
4887,2022-04-01,Visakhapatnam,IFO380,678.85
4888,2022-04-01,Houston,VLSFO,824.92
4889,2022-04-01,Houston,LSMGO,1014.85
4890,2022-04-01,Houston,IFO380,599.23
4891,2022-04-04,Singapore,VLSFO,897.22
4892,2022-04-04,Singapore,LSMGO,1147.04
4893,2022-04-04,Singapore,IFO380,645.76
4894,2022-04-04,Fujairah,VLSFO,879.55
4895,2022-04-04,Fujairah,LSMGO,1152.65
4896,2022-04-04,Fujairah,IFO380,638.52
4897,2022-04-04,Rotterdam,VLSFO,850.28
4898,2022-04-04,Rotterdam,LSMGO,1057.92
4899,2022-04-04,Rotterdam,IFO380,614.49
4900,2022-04-04,Visakhapatnam,VLSFO,946.27
4901,2022-04-04,Visakhapatnam,LSMGO,1307.25
4902,2022-04-04,Visakhapatnam,IFO380,689.15
4903,2022-04-04,Houston,VLSFO,825.59
4904,2022-04-04,Houston,LSMGO,1001.29
4905,2022-04-04,Houston,IFO380,600.6
4906,2022-04-05,Singapore,VLSFO,898.38
4907,2022-04-05,Singapore,LSMGO,1136.14
4908,2022-04-05,Singapore,IFO380,646.21
4909,2022-04-05,Fujairah,VLSFO,868.5
4910,2022-04-05,Fujairah,LSMGO,1124.91
4911,2022-04-05,Fujairah,IFO380,624.24
4912,2022-04-05,Rotterdam,VLSFO,845.8
4913,2022-04-05,Rotterdam,LSMGO,1057.15
4914,2022-04-05,Rotterdam,IFO380,606.15
4915,2022-04-05,Visakhapatnam,VLSFO,948.34
4916,2022-04-05,Visakhapatnam,LSMGO,1318.09
4917,2022-04-05,Visakhapatnam,IFO380,686.13
4918,2022-04-05,Houston,VLSFO,835.98
4919,2022-04-05,Houston,LSMGO,1018.71
4920,2022-04-05,Houston,IFO380,603.2
4921,2022-04-06,Singapore,VLSFO,886.99
4922,2022-04-06,Singapore,LSMGO,1129.2
4923,2022-04-06,Singapore,IFO380,647.44
4924,2022-04-06,Fujairah,VLSFO,880.22
4925,2022-04-06,Fujairah,LSMGO,1153.55
4926,2022-04-06,Fujairah,IFO380,634.99
4927,2022-04-06,Rotterdam,VLSFO,854.33
4928,2022-04-06,Rotterdam,LSMGO,1061.88
4929,2022-04-06,Rotterdam,IFO380,616.15
4930,2022-04-06,Visakhapatnam,VLSFO,938.51
4931,2022-04-06,Visakhapatnam,LSMGO,1299.09
4932,2022-04-06,Visakhapatnam,IFO380,681.5
4933,2022-04-06,Houston,VLSFO,830.95
4934,2022-04-06,Houston,LSMGO,1037.3
4935,2022-04-06,Houston,IFO380,592.52
4936,2022-04-07,Singapore,VLSFO,890.96
4937,2022-04-07,Singapore,LSMGO,1132.4
4938,2022-04-07,Singapore,IFO380,645.52
4939,2022-04-07,Fujairah,VLSFO,875.44
4940,2022-04-07,Fujairah,LSMGO,1144.6
4941,2022-04-07,Fujairah,IFO380,631.2
4942,2022-04-07,Rotterdam,VLSFO,846.63
4943,2022-04-07,Rotterdam,LSMGO,1065.34
4944,2022-04-07,Rotterdam,IFO380,604.73
4945,2022-04-07,Visakhapatnam,VLSFO,947.66
4946,2022-04-07,Visakhapatnam,LSMGO,1305.51
4947,2022-04-07,Visakhapatnam,IFO380,677.04
4948,2022-04-07,Houston,VLSFO,835.22
4949,2022-04-07,Houston,LSMGO,1028.62
4950,2022-04-07,Houston,IFO380,601.56
4951,2022-04-08,Singapore,VLSFO,890.88
4952,2022-04-08,Singapore,LSMGO,1143.36
4953,2022-04-08,Singapore,IFO380,641.8
4954,2022-04-08,Fujairah,VLSFO,869.32
4955,2022-04-08,Fujairah,LSMGO,1119.73
4956,2022-04-08,Fujairah,IFO380,621.35
4957,2022-04-08,Rotterdam,VLSFO,855.82
4958,2022-04-08,Rotterdam,LSMGO,1063.94
4959,2022-04-08,Rotterdam,IFO380,614.63
4960,2022-04-08,Visakhapatnam,VLSFO,940.86
4961,2022-04-08,Visakhapatnam,LSMGO,1293.59
4962,2022-04-08,Visakhapatnam,IFO380,677.17
4963,2022-04-08,Houston,VLSFO,835.49
4964,2022-04-08,Houston,LSMGO,1021.04
4965,2022-04-08,Houston,IFO380,597.53
4966,2022-04-11,Singapore,VLSFO,884.92
4967,2022-04-11,Singapore,LSMGO,1143.2
4968,2022-04-11,Singapore,IFO380,638.99
4969,2022-04-11,Fujairah,VLSFO,877.5
4970,2022-04-11,Fujairah,LSMGO,1162.81
4971,2022-04-11,Fujairah,IFO380,631.83
4972,2022-04-11,Rotterdam,VLSFO,848.19
4973,2022-04-11,Rotterdam,LSMGO,1063.58
4974,2022-04-11,Rotterdam,IFO380,617.34
4975,2022-04-11,Visakhapatnam,VLSFO,938.2
4976,2022-04-11,Visakhapatnam,LSMGO,1299.62
4977,2022-04-11,Visakhapatnam,IFO380,678.01
4978,2022-04-11,Houston,VLSFO,818.68
4979,2022-04-11,Houston,LSMGO,1010.13
4980,2022-04-11,Houston,IFO380,585.86
4981,2022-04-12,Singapore,VLSFO,887.98
4982,2022-04-12,Singapore,LSMGO,1122.68
4983,2022-04-12,Singapore,IFO380,635.99
4984,2022-04-12,Fujairah,VLSFO,868.4
4985,2022-04-12,Fujairah,LSMGO,1145.81
4986,2022-04-12,Fujairah,IFO380,625.95
4987,2022-04-12,Rotterdam,VLSFO,843.55
4988,2022-04-12,Rotterdam,LSMGO,1053.18
4989,2022-04-12,Rotterdam,IFO380,607.6
4990,2022-04-12,Visakhapatnam,VLSFO,934.45
4991,2022-04-12,Visakhapatnam,LSMGO,1295.5
4992,2022-04-12,Visakhapatnam,IFO380,666.68
4993,2022-04-12,Houston,VLSFO,819.8
4994,2022-04-12,Houston,LSMGO,1009.77
4995,2022-04-12,Houston,IFO380,587.9
4996,2022-04-13,Singapore,VLSFO,889.0
4997,2022-04-13,Singapore,LSMGO,1139.63
4998,2022-04-13,Singapore,IFO380,641.9
4999,2022-04-13,Fujairah,VLSFO,871.31
5000,2022-04-13,Fujairah,LSMGO,1148.79
5001,2022-04-13,Fujairah,IFO380,621.9
5002,2022-04-13,Rotterdam,VLSFO,844.96
5003,2022-04-13,Rotterdam,LSMGO,1060.53
5004,2022-04-13,Rotterdam,IFO380,611.08
5005,2022-04-13,Visakhapatnam,VLSFO,938.29
5006,2022-04-13,Visakhapatnam,LSMGO,1287.42
5007,2022-04-13,Visakhapatnam,IFO380,674.81
5008,2022-04-13,Houston,VLSFO,815.87
5009,2022-04-13,Houston,LSMGO,995.43
5010,2022-04-13,Houston,IFO380,585.71
5011,2022-04-14,Singapore,VLSFO,871.01
5012,2022-04-14,Singapore,LSMGO,1119.35
5013,2022-04-14,Singapore,IFO380,622.75
5014,2022-04-14,Fujairah,VLSFO,869.18
5015,2022-04-14,Fujairah,LSMGO,1142.96
5016,2022-04-14,Fujairah,IFO380,623.71
5017,2022-04-14,Rotterdam,VLSFO,845.92
5018,2022-04-14,Rotterdam,LSMGO,1055.0
5019,2022-04-14,Rotterdam,IFO380,604.55
5020,2022-04-14,Visakhapatnam,VLSFO,931.87
5021,2022-04-14,Visakhapatnam,LSMGO,1288.66
5022,2022-04-14,Visakhapatnam,IFO380,669.86
5023,2022-04-14,Houston,VLSFO,818.68
5024,2022-04-14,Houston,LSMGO,1006.06
5025,2022-04-14,Houston,IFO380,584.24
5026,2022-04-15,Singapore,VLSFO,883.42
5027,2022-04-15,Singapore,LSMGO,1143.47
5028,2022-04-15,Singapore,IFO380,640.59
5029,2022-04-15,Fujairah,VLSFO,868.71
5030,2022-04-15,Fujairah,LSMGO,1122.49
5031,2022-04-15,Fujairah,IFO380,619.22
5032,2022-04-15,Rotterdam,VLSFO,842.84
5033,2022-04-15,Rotterdam,LSMGO,1058.92
5034,2022-04-15,Rotterdam,IFO380,604.45
5035,2022-04-15,Visakhapatnam,VLSFO,932.17
5036,2022-04-15,Visakhapatnam,LSMGO,1283.81
5037,2022-04-15,Visakhapatnam,IFO380,667.43
5038,2022-04-15,Houston,VLSFO,824.99
5039,2022-04-15,Houston,LSMGO,1017.73
5040,2022-04-15,Houston,IFO380,589.49
5041,2022-04-18,Singapore,VLSFO,876.74
5042,2022-04-18,Singapore,LSMGO,1119.55
5043,2022-04-18,Singapore,IFO380,627.47
5044,2022-04-18,Fujairah,VLSFO,864.16
5045,2022-04-18,Fujairah,LSMGO,1126.3
5046,2022-04-18,Fujairah,IFO380,621.24
5047,2022-04-18,Rotterdam,VLSFO,840.19
5048,2022-04-18,Rotterdam,LSMGO,1060.88
5049,2022-04-18,Rotterdam,IFO380,602.87
5050,2022-04-18,Visakhapatnam,VLSFO,936.62
5051,2022-04-18,Visakhapatnam,LSMGO,1291.95
5052,2022-04-18,Visakhapatnam,IFO380,673.51
5053,2022-04-18,Houston,VLSFO,813.62
5054,2022-04-18,Houston,LSMGO,994.46
5055,2022-04-18,Houston,IFO380,584.63
5056,2022-04-19,Singapore,VLSFO,875.96
5057,2022-04-19,Singapore,LSMGO,1123.56
5058,2022-04-19,Singapore,IFO380,633.78
5059,2022-04-19,Fujairah,VLSFO,855.72
5060,2022-04-19,Fujairah,LSMGO,1113.51
5061,2022-04-19,Fujairah,IFO380,615.6
5062,2022-04-19,Rotterdam,VLSFO,839.04
5063,2022-04-19,Rotterdam,LSMGO,1054.1
5064,2022-04-19,Rotterdam,IFO380,598.59
5065,2022-04-19,Visakhapatnam,VLSFO,935.1
5066,2022-04-19,Visakhapatnam,LSMGO,1299.52
5067,2022-04-19,Visakhapatnam,IFO380,677.95
5068,2022-04-19,Houston,VLSFO,815.4
5069,2022-04-19,Houston,LSMGO,1009.91
5070,2022-04-19,Houston,IFO380,579.15
5071,2022-04-20,Singapore,VLSFO,869.45
5072,2022-04-20,Singapore,LSMGO,1109.4
5073,2022-04-20,Singapore,IFO380,625.62
5074,2022-04-20,Fujairah,VLSFO,866.52
5075,2022-04-20,Fujairah,LSMGO,1131.9
5076,2022-04-20,Fujairah,IFO380,616.01
5077,2022-04-20,Rotterdam,VLSFO,832.01
5078,2022-04-20,Rotterdam,LSMGO,1045.89
5079,2022-04-20,Rotterdam,IFO380,595.86
5080,2022-04-20,Visakhapatnam,VLSFO,933.62
5081,2022-04-20,Visakhapatnam,LSMGO,1292.15
5082,2022-04-20,Visakhapatnam,IFO380,667.26
5083,2022-04-20,Houston,VLSFO,814.55
5084,2022-04-20,Houston,LSMGO,1008.29
5085,2022-04-20,Houston,IFO380,593.14
5086,2022-04-21,Singapore,VLSFO,874.71
5087,2022-04-21,Singapore,LSMGO,1127.89
5088,2022-04-21,Singapore,IFO380,636.42
5089,2022-04-21,Fujairah,VLSFO,849.82
5090,2022-04-21,Fujairah,LSMGO,1110.91
5091,2022-04-21,Fujairah,IFO380,610.16
5092,2022-04-21,Rotterdam,VLSFO,832.53
5093,2022-04-21,Rotterdam,LSMGO,1054.0
5094,2022-04-21,Rotterdam,IFO380,601.43
5095,2022-04-21,Visakhapatnam,VLSFO,927.05
5096,2022-04-21,Visakhapatnam,LSMGO,1272.94
5097,2022-04-21,Visakhapatnam,IFO380,660.85
5098,2022-04-21,Houston,VLSFO,808.77
5099,2022-04-21,Houston,LSMGO,1002.41
5100,2022-04-21,Houston,IFO380,583.63
5101,2022-04-22,Singapore,VLSFO,873.32
5102,2022-04-22,Singapore,LSMGO,1120.92
5103,2022-04-22,Singapore,IFO380,627.52
5104,2022-04-22,Fujairah,VLSFO,852.33
5105,2022-04-22,Fujairah,LSMGO,1107.75
5106,2022-04-22,Fujairah,IFO380,614.14
5107,2022-04-22,Rotterdam,VLSFO,825.79
5108,2022-04-22,Rotterdam,LSMGO,1023.85
5109,2022-04-22,Rotterdam,IFO380,594.13
5110,2022-04-22,Visakhapatnam,VLSFO,921.16
5111,2022-04-22,Visakhapatnam,LSMGO,1284.05
5112,2022-04-22,Visakhapatnam,IFO380,660.3
5113,2022-04-22,Houston,VLSFO,819.69
5114,2022-04-22,Houston,LSMGO,1000.09
5115,2022-04-22,Houston,IFO380,588.64
5116,2022-04-25,Singapore,VLSFO,870.67
5117,2022-04-25,Singapore,LSMGO,1108.27
5118,2022-04-25,Singapore,IFO380,633.02
5119,2022-04-25,Fujairah,VLSFO,853.55
5120,2022-04-25,Fujairah,LSMGO,1113.34
5121,2022-04-25,Fujairah,IFO380,614.18
5122,2022-04-25,Rotterdam,VLSFO,823.71
5123,2022-04-25,Rotterdam,LSMGO,1028.9
5124,2022-04-25,Rotterdam,IFO380,595.55
5125,2022-04-25,Visakhapatnam,VLSFO,928.7
5126,2022-04-25,Visakhapatnam,LSMGO,1280.21
5127,2022-04-25,Visakhapatnam,IFO380,670.9
5128,2022-04-25,Houston,VLSFO,805.81
5129,2022-04-25,Houston,LSMGO,1003.39
5130,2022-04-25,Houston,IFO380,583.06
5131,2022-04-26,Singapore,VLSFO,868.74
5132,2022-04-26,Singapore,LSMGO,1117.72
5133,2022-04-26,Singapore,IFO380,622.25
5134,2022-04-26,Fujairah,VLSFO,849.14
5135,2022-04-26,Fujairah,LSMGO,1119.07
5136,2022-04-26,Fujairah,IFO380,605.54
5137,2022-04-26,Rotterdam,VLSFO,822.58
5138,2022-04-26,Rotterdam,LSMGO,1042.97
5139,2022-04-26,Rotterdam,IFO380,590.74
5140,2022-04-26,Visakhapatnam,VLSFO,926.52
5141,2022-04-26,Visakhapatnam,LSMGO,1279.68
5142,2022-04-26,Visakhapatnam,IFO380,670.57
5143,2022-04-26,Houston,VLSFO,804.06
5144,2022-04-26,Houston,LSMGO,998.55
5145,2022-04-26,Houston,IFO380,579.47
5146,2022-04-27,Singapore,VLSFO,864.03
5147,2022-04-27,Singapore,LSMGO,1110.04
5148,2022-04-27,Singapore,IFO380,624.23
5149,2022-04-27,Fujairah,VLSFO,848.96
5150,2022-04-27,Fujairah,LSMGO,1118.36
5151,2022-04-27,Fujairah,IFO380,615.24
5152,2022-04-27,Rotterdam,VLSFO,822.79
5153,2022-04-27,Rotterdam,LSMGO,1030.53
5154,2022-04-27,Rotterdam,IFO380,590.36
5155,2022-04-27,Visakhapatnam,VLSFO,928.22
5156,2022-04-27,Visakhapatnam,LSMGO,1288.8
5157,2022-04-27,Visakhapatnam,IFO380,666.27
5158,2022-04-27,Houston,VLSFO,805.35
5159,2022-04-27,Houston,LSMGO,980.71
5160,2022-04-27,Houston,IFO380,580.9
5161,2022-04-28,Singapore,VLSFO,861.43
5162,2022-04-28,Singapore,LSMGO,1121.2
5163,2022-04-28,Singapore,IFO380,622.3
5164,2022-04-28,Fujairah,VLSFO,850.8
5165,2022-04-28,Fujairah,LSMGO,1115.13
5166,2022-04-28,Fujairah,IFO380,614.22
5167,2022-04-28,Rotterdam,VLSFO,817.13
5168,2022-04-28,Rotterdam,LSMGO,1010.14
5169,2022-04-28,Rotterdam,IFO380,590.13
5170,2022-04-28,Visakhapatnam,VLSFO,920.0
5171,2022-04-28,Visakhapatnam,LSMGO,1269.53
5172,2022-04-28,Visakhapatnam,IFO380,666.24
5173,2022-04-28,Houston,VLSFO,806.15
5174,2022-04-28,Houston,LSMGO,978.35
5175,2022-04-28,Houston,IFO380,581.69
5176,2022-04-29,Singapore,VLSFO,864.26
5177,2022-04-29,Singapore,LSMGO,1104.64
5178,2022-04-29,Singapore,IFO380,621.1
5179,2022-04-29,Fujairah,VLSFO,842.27
5180,2022-04-29,Fujairah,LSMGO,1099.76
5181,2022-04-29,Fujairah,IFO380,608.6
5182,2022-04-29,Rotterdam,VLSFO,824.3
5183,2022-04-29,Rotterdam,LSMGO,1032.14
5184,2022-04-29,Rotterdam,IFO380,598.79
5185,2022-04-29,Visakhapatnam,VLSFO,918.14
5186,2022-04-29,Visakhapatnam,LSMGO,1271.68
5187,2022-04-29,Visakhapatnam,IFO380,668.51
5188,2022-04-29,Houston,VLSFO,805.76
5189,2022-04-29,Houston,LSMGO,1000.67
5190,2022-04-29,Houston,IFO380,570.55
5191,2022-05-02,Singapore,VLSFO,857.21
5192,2022-05-02,Singapore,LSMGO,1087.82
5193,2022-05-02,Singapore,IFO380,612.06
5194,2022-05-02,Fujairah,VLSFO,838.98
5195,2022-05-02,Fujairah,LSMGO,1095.81
5196,2022-05-02,Fujairah,IFO380,603.87
5197,2022-05-02,Rotterdam,VLSFO,808.34
5198,2022-05-02,Rotterdam,LSMGO,1024.21
5199,2022-05-02,Rotterdam,IFO380,576.56
5200,2022-05-02,Visakhapatnam,VLSFO,903.94
5201,2022-05-02,Visakhapatnam,LSMGO,1240.35
5202,2022-05-02,Visakhapatnam,IFO380,654.29
5203,2022-05-02,Houston,VLSFO,800.56
5204,2022-05-02,Houston,LSMGO,1001.32
5205,2022-05-02,Houston,IFO380,571.13
5206,2022-05-03,Singapore,VLSFO,858.44
5207,2022-05-03,Singapore,LSMGO,1092.14
5208,2022-05-03,Singapore,IFO380,611.91
5209,2022-05-03,Fujairah,VLSFO,833.79
5210,2022-05-03,Fujairah,LSMGO,1077.53
5211,2022-05-03,Fujairah,IFO380,602.09
5212,2022-05-03,Rotterdam,VLSFO,807.09
5213,2022-05-03,Rotterdam,LSMGO,1013.05
5214,2022-05-03,Rotterdam,IFO380,582.55
5215,2022-05-03,Visakhapatnam,VLSFO,908.15
5216,2022-05-03,Visakhapatnam,LSMGO,1251.68
5217,2022-05-03,Visakhapatnam,IFO380,652.53
5218,2022-05-03,Houston,VLSFO,794.27
5219,2022-05-03,Houston,LSMGO,965.96
5220,2022-05-03,Houston,IFO380,568.3
5221,2022-05-04,Singapore,VLSFO,842.49
5222,2022-05-04,Singapore,LSMGO,1072.74
5223,2022-05-04,Singapore,IFO380,607.42
5224,2022-05-04,Fujairah,VLSFO,842.14
5225,2022-05-04,Fujairah,LSMGO,1101.12
5226,2022-05-04,Fujairah,IFO380,599.91
5227,2022-05-04,Rotterdam,VLSFO,811.69
5228,2022-05-04,Rotterdam,LSMGO,1027.71
5229,2022-05-04,Rotterdam,IFO380,585.92
5230,2022-05-04,Visakhapatnam,VLSFO,902.8
5231,2022-05-04,Visakhapatnam,LSMGO,1247.72
5232,2022-05-04,Visakhapatnam,IFO380,646.13
5233,2022-05-04,Houston,VLSFO,788.71
5234,2022-05-04,Houston,LSMGO,962.26
5235,2022-05-04,Houston,IFO380,573.35
5236,2022-05-05,Singapore,VLSFO,858.64
5237,2022-05-05,Singapore,LSMGO,1099.82
5238,2022-05-05,Singapore,IFO380,618.82
5239,2022-05-05,Fujairah,VLSFO,831.32
5240,2022-05-05,Fujairah,LSMGO,1096.59
5241,2022-05-05,Fujairah,IFO380,598.8
5242,2022-05-05,Rotterdam,VLSFO,812.86
5243,2022-05-05,Rotterdam,LSMGO,1022.98
5244,2022-05-05,Rotterdam,IFO380,581.17
5245,2022-05-05,Visakhapatnam,VLSFO,906.96
5246,2022-05-05,Visakhapatnam,LSMGO,1254.25
5247,2022-05-05,Visakhapatnam,IFO380,658.59
5248,2022-05-05,Houston,VLSFO,792.81
5249,2022-05-05,Houston,LSMGO,970.63
5250,2022-05-05,Houston,IFO380,572.55
5251,2022-05-06,Singapore,VLSFO,856.26
5252,2022-05-06,Singapore,LSMGO,1104.07
5253,2022-05-06,Singapore,IFO380,620.02
5254,2022-05-06,Fujairah,VLSFO,830.89
5255,2022-05-06,Fujairah,LSMGO,1088.72
5256,2022-05-06,Fujairah,IFO380,596.82
5257,2022-05-06,Rotterdam,VLSFO,801.73
5258,2022-05-06,Rotterdam,LSMGO,999.27
5259,2022-05-06,Rotterdam,IFO380,580.2
5260,2022-05-06,Visakhapatnam,VLSFO,904.17
5261,2022-05-06,Visakhapatnam,LSMGO,1238.67
5262,2022-05-06,Visakhapatnam,IFO380,654.57
5263,2022-05-06,Houston,VLSFO,790.09
5264,2022-05-06,Houston,LSMGO,963.5
5265,2022-05-06,Houston,IFO380,565.99
5266,2022-05-09,Singapore,VLSFO,836.8
5267,2022-05-09,Singapore,LSMGO,1064.1
5268,2022-05-09,Singapore,IFO380,602.97
5269,2022-05-09,Fujairah,VLSFO,825.09
5270,2022-05-09,Fujairah,LSMGO,1075.82
5271,2022-05-09,Fujairah,IFO380,595.21
5272,2022-05-09,Rotterdam,VLSFO,810.24
5273,2022-05-09,Rotterdam,LSMGO,1003.4
5274,2022-05-09,Rotterdam,IFO380,580.89
5275,2022-05-09,Visakhapatnam,VLSFO,892.92
5276,2022-05-09,Visakhapatnam,LSMGO,1223.91
5277,2022-05-09,Visakhapatnam,IFO380,645.87
5278,2022-05-09,Houston,VLSFO,777.11
5279,2022-05-09,Houston,LSMGO,952.11
5280,2022-05-09,Houston,IFO380,563.4
5281,2022-05-10,Singapore,VLSFO,837.34
5282,2022-05-10,Singapore,LSMGO,1056.14
5283,2022-05-10,Singapore,IFO380,607.18
5284,2022-05-10,Fujairah,VLSFO,823.45
5285,2022-05-10,Fujairah,LSMGO,1074.67
5286,2022-05-10,Fujairah,IFO380,590.83
5287,2022-05-10,Rotterdam,VLSFO,800.32
5288,2022-05-10,Rotterdam,LSMGO,1002.02
5289,2022-05-10,Rotterdam,IFO380,577.6
5290,2022-05-10,Visakhapatnam,VLSFO,888.43
5291,2022-05-10,Visakhapatnam,LSMGO,1221.35
5292,2022-05-10,Visakhapatnam,IFO380,645.41
5293,2022-05-10,Houston,VLSFO,790.5
5294,2022-05-10,Houston,LSMGO,973.76
5295,2022-05-10,Houston,IFO380,562.69
5296,2022-05-11,Singapore,VLSFO,834.49
5297,2022-05-11,Singapore,LSMGO,1064.25
5298,2022-05-11,Singapore,IFO380,597.5
5299,2022-05-11,Fujairah,VLSFO,830.65
5300,2022-05-11,Fujairah,LSMGO,1082.18
5301,2022-05-11,Fujairah,IFO380,596.4
5302,2022-05-11,Rotterdam,VLSFO,808.86
5303,2022-05-11,Rotterdam,LSMGO,1015.82
5304,2022-05-11,Rotterdam,IFO380,585.19
5305,2022-05-11,Visakhapatnam,VLSFO,891.41
5306,2022-05-11,Visakhapatnam,LSMGO,1232.37
5307,2022-05-11,Visakhapatnam,IFO380,644.12
5308,2022-05-11,Houston,VLSFO,774.42
5309,2022-05-11,Houston,LSMGO,961.28
5310,2022-05-11,Houston,IFO380,557.56
5311,2022-05-12,Singapore,VLSFO,832.28
5312,2022-05-12,Singapore,LSMGO,1070.54
5313,2022-05-12,Singapore,IFO380,595.14
5314,2022-05-12,Fujairah,VLSFO,813.92
5315,2022-05-12,Fujairah,LSMGO,1067.47
5316,2022-05-12,Fujairah,IFO380,575.96
5317,2022-05-12,Rotterdam,VLSFO,791.72
5318,2022-05-12,Rotterdam,LSMGO,987.49
5319,2022-05-12,Rotterdam,IFO380,573.45
5320,2022-05-12,Visakhapatnam,VLSFO,885.54
5321,2022-05-12,Visakhapatnam,LSMGO,1217.12
5322,2022-05-12,Visakhapatnam,IFO380,646.26
5323,2022-05-12,Houston,VLSFO,781.69
5324,2022-05-12,Houston,LSMGO,963.01
5325,2022-05-12,Houston,IFO380,567.25
5326,2022-05-13,Singapore,VLSFO,837.43
5327,2022-05-13,Singapore,LSMGO,1080.71
5328,2022-05-13,Singapore,IFO380,605.59
5329,2022-05-13,Fujairah,VLSFO,812.52
5330,2022-05-13,Fujairah,LSMGO,1059.96
5331,2022-05-13,Fujairah,IFO380,584.13
5332,2022-05-13,Rotterdam,VLSFO,794.35
5333,2022-05-13,Rotterdam,LSMGO,994.65
5334,2022-05-13,Rotterdam,IFO380,575.86
5335,2022-05-13,Visakhapatnam,VLSFO,884.83
5336,2022-05-13,Visakhapatnam,LSMGO,1222.09
5337,2022-05-13,Visakhapatnam,IFO380,639.42
5338,2022-05-13,Houston,VLSFO,764.99
5339,2022-05-13,Houston,LSMGO,927.87
5340,2022-05-13,Houston,IFO380,551.84
5341,2022-05-16,Singapore,VLSFO,821.64
5342,2022-05-16,Singapore,LSMGO,1058.12
5343,2022-05-16,Singapore,IFO380,593.62
5344,2022-05-16,Fujairah,VLSFO,815.64
5345,2022-05-16,Fujairah,LSMGO,1068.98
5346,2022-05-16,Fujairah,IFO380,585.77
5347,2022-05-16,Rotterdam,VLSFO,785.46
5348,2022-05-16,Rotterdam,LSMGO,988.16
5349,2022-05-16,Rotterdam,IFO380,571.52
5350,2022-05-16,Visakhapatnam,VLSFO,876.01
5351,2022-05-16,Visakhapatnam,LSMGO,1202.74
5352,2022-05-16,Visakhapatnam,IFO380,629.12
5353,2022-05-16,Houston,VLSFO,767.08
5354,2022-05-16,Houston,LSMGO,939.3
5355,2022-05-16,Houston,IFO380,547.26
5356,2022-05-17,Singapore,VLSFO,826.0
5357,2022-05-17,Singapore,LSMGO,1069.75
5358,2022-05-17,Singapore,IFO380,597.68
5359,2022-05-17,Fujairah,VLSFO,803.61
5360,2022-05-17,Fujairah,LSMGO,1048.78
5361,2022-05-17,Fujairah,IFO380,575.19
5362,2022-05-17,Rotterdam,VLSFO,780.87
5363,2022-05-17,Rotterdam,LSMGO,980.51
5364,2022-05-17,Rotterdam,IFO380,565.86
5365,2022-05-17,Visakhapatnam,VLSFO,875.91
5366,2022-05-17,Visakhapatnam,LSMGO,1212.87
5367,2022-05-17,Visakhapatnam,IFO380,630.08
5368,2022-05-17,Houston,VLSFO,762.07
5369,2022-05-17,Houston,LSMGO,936.87
5370,2022-05-17,Houston,IFO380,545.32
5371,2022-05-18,Singapore,VLSFO,818.19
5372,2022-05-18,Singapore,LSMGO,1039.35
5373,2022-05-18,Singapore,IFO380,592.84
5374,2022-05-18,Fujairah,VLSFO,811.96
5375,2022-05-18,Fujairah,LSMGO,1070.97
5376,2022-05-18,Fujairah,IFO380,581.31
5377,2022-05-18,Rotterdam,VLSFO,780.76
5378,2022-05-18,Rotterdam,LSMGO,977.38
5379,2022-05-18,Rotterdam,IFO380,562.69
5380,2022-05-18,Visakhapatnam,VLSFO,875.34
5381,2022-05-18,Visakhapatnam,LSMGO,1220.68
5382,2022-05-18,Visakhapatnam,IFO380,627.7
5383,2022-05-18,Houston,VLSFO,771.21
5384,2022-05-18,Houston,LSMGO,948.01
5385,2022-05-18,Houston,IFO380,562.72
5386,2022-05-19,Singapore,VLSFO,808.72
5387,2022-05-19,Singapore,LSMGO,1049.25
5388,2022-05-19,Singapore,IFO380,580.85
5389,2022-05-19,Fujairah,VLSFO,807.29
5390,2022-05-19,Fujairah,LSMGO,1052.26
5391,2022-05-19,Fujairah,IFO380,582.76
5392,2022-05-19,Rotterdam,VLSFO,781.69
5393,2022-05-19,Rotterdam,LSMGO,969.28
5394,2022-05-19,Rotterdam,IFO380,559.79
5395,2022-05-19,Visakhapatnam,VLSFO,875.26
5396,2022-05-19,Visakhapatnam,LSMGO,1221.29
5397,2022-05-19,Visakhapatnam,IFO380,624.72
5398,2022-05-19,Houston,VLSFO,769.53
5399,2022-05-19,Houston,LSMGO,951.14
5400,2022-05-19,Houston,IFO380,556.51
5401,2022-05-20,Singapore,VLSFO,814.33
5402,2022-05-20,Singapore,LSMGO,1041.82
5403,2022-05-20,Singapore,IFO380,584.1
5404,2022-05-20,Fujairah,VLSFO,798.31
5405,2022-05-20,Fujairah,LSMGO,1031.78
5406,2022-05-20,Fujairah,IFO380,573.37
5407,2022-05-20,Rotterdam,VLSFO,782.14
5408,2022-05-20,Rotterdam,LSMGO,979.46
5409,2022-05-20,Rotterdam,IFO380,566.15
5410,2022-05-20,Visakhapatnam,VLSFO,872.19
5411,2022-05-20,Visakhapatnam,LSMGO,1206.76
5412,2022-05-20,Visakhapatnam,IFO380,625.62
5413,2022-05-20,Houston,VLSFO,763.83
5414,2022-05-20,Houston,LSMGO,944.11
5415,2022-05-20,Houston,IFO380,550.87
5416,2022-05-23,Singapore,VLSFO,812.08
5417,2022-05-23,Singapore,LSMGO,1040.65
5418,2022-05-23,Singapore,IFO380,583.3
5419,2022-05-23,Fujairah,VLSFO,802.14
5420,2022-05-23,Fujairah,LSMGO,1051.06
5421,2022-05-23,Fujairah,IFO380,582.6
5422,2022-05-23,Rotterdam,VLSFO,767.98
5423,2022-05-23,Rotterdam,LSMGO,961.43
5424,2022-05-23,Rotterdam,IFO380,551.15
5425,2022-05-23,Visakhapatnam,VLSFO,864.21
5426,2022-05-23,Visakhapatnam,LSMGO,1183.61
5427,2022-05-23,Visakhapatnam,IFO380,626.08
5428,2022-05-23,Houston,VLSFO,758.43
5429,2022-05-23,Houston,LSMGO,937.01
5430,2022-05-23,Houston,IFO380,548.42
5431,2022-05-24,Singapore,VLSFO,811.55
5432,2022-05-24,Singapore,LSMGO,1036.79
5433,2022-05-24,Singapore,IFO380,591.3
5434,2022-05-24,Fujairah,VLSFO,792.29
5435,2022-05-24,Fujairah,LSMGO,1039.8
5436,2022-05-24,Fujairah,IFO380,571.9
5437,2022-05-24,Rotterdam,VLSFO,765.96
5438,2022-05-24,Rotterdam,LSMGO,957.31
5439,2022-05-24,Rotterdam,IFO380,553.75
5440,2022-05-24,Visakhapatnam,VLSFO,855.69
5441,2022-05-24,Visakhapatnam,LSMGO,1177.47
5442,2022-05-24,Visakhapatnam,IFO380,615.47
5443,2022-05-24,Houston,VLSFO,751.54
5444,2022-05-24,Houston,LSMGO,918.47
5445,2022-05-24,Houston,IFO380,548.1
5446,2022-05-25,Singapore,VLSFO,807.25
5447,2022-05-25,Singapore,LSMGO,1033.01
5448,2022-05-25,Singapore,IFO380,586.56
5449,2022-05-25,Fujairah,VLSFO,792.94
5450,2022-05-25,Fujairah,LSMGO,1029.59
5451,2022-05-25,Fujairah,IFO380,577.36
5452,2022-05-25,Rotterdam,VLSFO,768.89
5453,2022-05-25,Rotterdam,LSMGO,960.07
5454,2022-05-25,Rotterdam,IFO380,555.31
5455,2022-05-25,Visakhapatnam,VLSFO,843.33
5456,2022-05-25,Visakhapatnam,LSMGO,1166.77
5457,2022-05-25,Visakhapatnam,IFO380,605.16
5458,2022-05-25,Houston,VLSFO,758.65
5459,2022-05-25,Houston,LSMGO,933.12
5460,2022-05-25,Houston,IFO380,538.25
5461,2022-05-26,Singapore,VLSFO,791.18
5462,2022-05-26,Singapore,LSMGO,1015.25
5463,2022-05-26,Singapore,IFO380,562.36
5464,2022-05-26,Fujairah,VLSFO,783.86
5465,2022-05-26,Fujairah,LSMGO,1016.17
5466,2022-05-26,Fujairah,IFO380,560.26
5467,2022-05-26,Rotterdam,VLSFO,768.58
5468,2022-05-26,Rotterdam,LSMGO,968.61
5469,2022-05-26,Rotterdam,IFO380,553.75
5470,2022-05-26,Visakhapatnam,VLSFO,849.73
5471,2022-05-26,Visakhapatnam,LSMGO,1184.67
5472,2022-05-26,Visakhapatnam,IFO380,607.61
5473,2022-05-26,Houston,VLSFO,751.54
5474,2022-05-26,Houston,LSMGO,931.9
5475,2022-05-26,Houston,IFO380,540.55
5476,2022-05-27,Singapore,VLSFO,811.8
5477,2022-05-27,Singapore,LSMGO,1048.42
5478,2022-05-27,Singapore,IFO380,586.54
5479,2022-05-27,Fujairah,VLSFO,782.44
5480,2022-05-27,Fujairah,LSMGO,1021.77
5481,2022-05-27,Fujairah,IFO380,570.21
5482,2022-05-27,Rotterdam,VLSFO,752.45
5483,2022-05-27,Rotterdam,LSMGO,942.06
5484,2022-05-27,Rotterdam,IFO380,542.85
5485,2022-05-27,Visakhapatnam,VLSFO,854.61
5486,2022-05-27,Visakhapatnam,LSMGO,1181.12
5487,2022-05-27,Visakhapatnam,IFO380,617.1
5488,2022-05-27,Houston,VLSFO,740.18
5489,2022-05-27,Houston,LSMGO,898.54
5490,2022-05-27,Houston,IFO380,536.83
5491,2022-05-30,Singapore,VLSFO,794.5
5492,2022-05-30,Singapore,LSMGO,1017.36
5493,2022-05-30,Singapore,IFO380,576.38
5494,2022-05-30,Fujairah,VLSFO,783.33
5495,2022-05-30,Fujairah,LSMGO,1024.97
5496,2022-05-30,Fujairah,IFO380,557.05
5497,2022-05-30,Rotterdam,VLSFO,755.0
5498,2022-05-30,Rotterdam,LSMGO,932.47
5499,2022-05-30,Rotterdam,IFO380,540.1
5500,2022-05-30,Visakhapatnam,VLSFO,848.62
5501,2022-05-30,Visakhapatnam,LSMGO,1174.12
5502,2022-05-30,Visakhapatnam,IFO380,616.86
5503,2022-05-30,Houston,VLSFO,731.74
5504,2022-05-30,Houston,LSMGO,903.01
5505,2022-05-30,Houston,IFO380,532.07
5506,2022-05-31,Singapore,VLSFO,795.33
5507,2022-05-31,Singapore,LSMGO,1017.72
5508,2022-05-31,Singapore,IFO380,573.33
5509,2022-05-31,Fujairah,VLSFO,783.48
5510,2022-05-31,Fujairah,LSMGO,1018.17
5511,2022-05-31,Fujairah,IFO380,564.8
5512,2022-05-31,Rotterdam,VLSFO,764.7
5513,2022-05-31,Rotterdam,LSMGO,957.08
5514,2022-05-31,Rotterdam,IFO380,553.99
5515,2022-05-31,Visakhapatnam,VLSFO,851.75
5516,2022-05-31,Visakhapatnam,LSMGO,1167.75
5517,2022-05-31,Visakhapatnam,IFO380,613.8
5518,2022-05-31,Houston,VLSFO,735.0
5519,2022-05-31,Houston,LSMGO,901.14
5520,2022-05-31,Houston,IFO380,526.72
5521,2022-06-01,Singapore,VLSFO,800.3
5522,2022-06-01,Singapore,LSMGO,1023.19
5523,2022-06-01,Singapore,IFO380,577.69
5524,2022-06-01,Fujairah,VLSFO,768.43
5525,2022-06-01,Fujairah,LSMGO,1006.33
5526,2022-06-01,Fujairah,IFO380,556.35
5527,2022-06-01,Rotterdam,VLSFO,755.51
5528,2022-06-01,Rotterdam,LSMGO,947.32
5529,2022-06-01,Rotterdam,IFO380,540.05
5530,2022-06-01,Visakhapatnam,VLSFO,830.94
5531,2022-06-01,Visakhapatnam,LSMGO,1154.05
5532,2022-06-01,Visakhapatnam,IFO380,596.43
5533,2022-06-01,Houston,VLSFO,739.55
5534,2022-06-01,Houston,LSMGO,914.32
5535,2022-06-01,Houston,IFO380,533.88
5536,2022-06-02,Singapore,VLSFO,796.71
5537,2022-06-02,Singapore,LSMGO,1032.29
5538,2022-06-02,Singapore,IFO380,568.36
5539,2022-06-02,Fujairah,VLSFO,771.96
5540,2022-06-02,Fujairah,LSMGO,1001.29
5541,2022-06-02,Fujairah,IFO380,549.33
5542,2022-06-02,Rotterdam,VLSFO,750.38
5543,2022-06-02,Rotterdam,LSMGO,936.99
5544,2022-06-02,Rotterdam,IFO380,536.24
5545,2022-06-02,Visakhapatnam,VLSFO,831.73
5546,2022-06-02,Visakhapatnam,LSMGO,1145.95
5547,2022-06-02,Visakhapatnam,IFO380,594.46
5548,2022-06-02,Houston,VLSFO,731.19
5549,2022-06-02,Houston,LSMGO,906.12
5550,2022-06-02,Houston,IFO380,521.59
5551,2022-06-03,Singapore,VLSFO,787.61
5552,2022-06-03,Singapore,LSMGO,1016.85
5553,2022-06-03,Singapore,IFO380,570.15
5554,2022-06-03,Fujairah,VLSFO,760.85
5555,2022-06-03,Fujairah,LSMGO,992.84
5556,2022-06-03,Fujairah,IFO380,543.63
5557,2022-06-03,Rotterdam,VLSFO,743.42
5558,2022-06-03,Rotterdam,LSMGO,933.05
5559,2022-06-03,Rotterdam,IFO380,527.57
5560,2022-06-03,Visakhapatnam,VLSFO,840.49
5561,2022-06-03,Visakhapatnam,LSMGO,1150.26
5562,2022-06-03,Visakhapatnam,IFO380,604.87
5563,2022-06-03,Houston,VLSFO,724.39
5564,2022-06-03,Houston,LSMGO,884.43
5565,2022-06-03,Houston,IFO380,530.95
5566,2022-06-06,Singapore,VLSFO,781.71
5567,2022-06-06,Singapore,LSMGO,1002.57
5568,2022-06-06,Singapore,IFO380,563.99
5569,2022-06-06,Fujairah,VLSFO,764.44
5570,2022-06-06,Fujairah,LSMGO,994.37
5571,2022-06-06,Fujairah,IFO380,555.5
5572,2022-06-06,Rotterdam,VLSFO,744.81
5573,2022-06-06,Rotterdam,LSMGO,925.42
5574,2022-06-06,Rotterdam,IFO380,535.74
5575,2022-06-06,Visakhapatnam,VLSFO,828.04
5576,2022-06-06,Visakhapatnam,LSMGO,1148.2
5577,2022-06-06,Visakhapatnam,IFO380,595.3
5578,2022-06-06,Houston,VLSFO,722.36
5579,2022-06-06,Houston,LSMGO,881.75
5580,2022-06-06,Houston,IFO380,523.9
5581,2022-06-07,Singapore,VLSFO,777.54
5582,2022-06-07,Singapore,LSMGO,998.07
5583,2022-06-07,Singapore,IFO380,561.61
5584,2022-06-07,Fujairah,VLSFO,754.7
5585,2022-06-07,Fujairah,LSMGO,974.25
5586,2022-06-07,Fujairah,IFO380,539.79
5587,2022-06-07,Rotterdam,VLSFO,737.27
5588,2022-06-07,Rotterdam,LSMGO,924.15
5589,2022-06-07,Rotterdam,IFO380,542.45
5590,2022-06-07,Visakhapatnam,VLSFO,823.64
5591,2022-06-07,Visakhapatnam,LSMGO,1127.86
5592,2022-06-07,Visakhapatnam,IFO380,590.75
5593,2022-06-07,Houston,VLSFO,723.93
5594,2022-06-07,Houston,LSMGO,890.18
5595,2022-06-07,Houston,IFO380,518.08
5596,2022-06-08,Singapore,VLSFO,766.95
5597,2022-06-08,Singapore,LSMGO,993.21
5598,2022-06-08,Singapore,IFO380,552.54
5599,2022-06-08,Fujairah,VLSFO,760.1
5600,2022-06-08,Fujairah,LSMGO,1004.94
5601,2022-06-08,Fujairah,IFO380,536.78
5602,2022-06-08,Rotterdam,VLSFO,734.51
5603,2022-06-08,Rotterdam,LSMGO,924.83
5604,2022-06-08,Rotterdam,IFO380,531.23
5605,2022-06-08,Visakhapatnam,VLSFO,821.92
5606,2022-06-08,Visakhapatnam,LSMGO,1131.0
5607,2022-06-08,Visakhapatnam,IFO380,590.48
5608,2022-06-08,Houston,VLSFO,715.99
5609,2022-06-08,Houston,LSMGO,878.39
5610,2022-06-08,Houston,IFO380,515.81
5611,2022-06-09,Singapore,VLSFO,777.93
5612,2022-06-09,Singapore,LSMGO,992.07
5613,2022-06-09,Singapore,IFO380,563.94
5614,2022-06-09,Fujairah,VLSFO,757.33
5615,2022-06-09,Fujairah,LSMGO,995.81
5616,2022-06-09,Fujairah,IFO380,544.43
5617,2022-06-09,Rotterdam,VLSFO,730.78
5618,2022-06-09,Rotterdam,LSMGO,916.3
5619,2022-06-09,Rotterdam,IFO380,526.19
5620,2022-06-09,Visakhapatnam,VLSFO,824.25
5621,2022-06-09,Visakhapatnam,LSMGO,1124.86
5622,2022-06-09,Visakhapatnam,IFO380,588.87
5623,2022-06-09,Houston,VLSFO,720.07
5624,2022-06-09,Houston,LSMGO,892.87
5625,2022-06-09,Houston,IFO380,523.64
5626,2022-06-10,Singapore,VLSFO,774.66
5627,2022-06-10,Singapore,LSMGO,985.27
5628,2022-06-10,Singapore,IFO380,559.0
5629,2022-06-10,Fujairah,VLSFO,746.31
5630,2022-06-10,Fujairah,LSMGO,974.08
5631,2022-06-10,Fujairah,IFO380,543.09
5632,2022-06-10,Rotterdam,VLSFO,730.0
5633,2022-06-10,Rotterdam,LSMGO,908.26
5634,2022-06-10,Rotterdam,IFO380,528.98
5635,2022-06-10,Visakhapatnam,VLSFO,809.15
5636,2022-06-10,Visakhapatnam,LSMGO,1113.38
5637,2022-06-10,Visakhapatnam,IFO380,589.4
5638,2022-06-10,Houston,VLSFO,713.07
5639,2022-06-10,Houston,LSMGO,875.55
5640,2022-06-10,Houston,IFO380,518.06
5641,2022-06-13,Singapore,VLSFO,768.74
5642,2022-06-13,Singapore,LSMGO,978.77
5643,2022-06-13,Singapore,IFO380,556.16
5644,2022-06-13,Fujairah,VLSFO,747.63
5645,2022-06-13,Fujairah,LSMGO,973.74
5646,2022-06-13,Fujairah,IFO380,538.61
5647,2022-06-13,Rotterdam,VLSFO,727.72
5648,2022-06-13,Rotterdam,LSMGO,912.93
5649,2022-06-13,Rotterdam,IFO380,527.76
5650,2022-06-13,Visakhapatnam,VLSFO,804.51
5651,2022-06-13,Visakhapatnam,LSMGO,1108.54
5652,2022-06-13,Visakhapatnam,IFO380,581.59
5653,2022-06-13,Houston,VLSFO,713.64
5654,2022-06-13,Houston,LSMGO,883.7
5655,2022-06-13,Houston,IFO380,513.2
5656,2022-06-14,Singapore,VLSFO,763.38
5657,2022-06-14,Singapore,LSMGO,984.6
5658,2022-06-14,Singapore,IFO380,552.34
5659,2022-06-14,Fujairah,VLSFO,743.68
5660,2022-06-14,Fujairah,LSMGO,964.82
5661,2022-06-14,Fujairah,IFO380,532.18
5662,2022-06-14,Rotterdam,VLSFO,732.33
5663,2022-06-14,Rotterdam,LSMGO,924.89
5664,2022-06-14,Rotterdam,IFO380,529.71
5665,2022-06-14,Visakhapatnam,VLSFO,811.54
5666,2022-06-14,Visakhapatnam,LSMGO,1124.61
5667,2022-06-14,Visakhapatnam,IFO380,586.84
5668,2022-06-14,Houston,VLSFO,711.13
5669,2022-06-14,Houston,LSMGO,881.44
5670,2022-06-14,Houston,IFO380,513.67
5671,2022-06-15,Singapore,VLSFO,758.09
5672,2022-06-15,Singapore,LSMGO,967.76
5673,2022-06-15,Singapore,IFO380,541.98
5674,2022-06-15,Fujairah,VLSFO,744.72
5675,2022-06-15,Fujairah,LSMGO,975.3
5676,2022-06-15,Fujairah,IFO380,540.33
5677,2022-06-15,Rotterdam,VLSFO,727.87
5678,2022-06-15,Rotterdam,LSMGO,907.64
5679,2022-06-15,Rotterdam,IFO380,534.74
5680,2022-06-15,Visakhapatnam,VLSFO,800.47
5681,2022-06-15,Visakhapatnam,LSMGO,1115.21
5682,2022-06-15,Visakhapatnam,IFO380,571.55
5683,2022-06-15,Houston,VLSFO,699.89
5684,2022-06-15,Houston,LSMGO,847.1
5685,2022-06-15,Houston,IFO380,507.05
5686,2022-06-16,Singapore,VLSFO,762.02
5687,2022-06-16,Singapore,LSMGO,974.02
5688,2022-06-16,Singapore,IFO380,540.95
5689,2022-06-16,Fujairah,VLSFO,736.5
5690,2022-06-16,Fujairah,LSMGO,969.69
5691,2022-06-16,Fujairah,IFO380,530.53
5692,2022-06-16,Rotterdam,VLSFO,715.6
5693,2022-06-16,Rotterdam,LSMGO,894.77
5694,2022-06-16,Rotterdam,IFO380,516.78
5695,2022-06-16,Visakhapatnam,VLSFO,808.65
5696,2022-06-16,Visakhapatnam,LSMGO,1114.83
5697,2022-06-16,Visakhapatnam,IFO380,574.14
5698,2022-06-16,Houston,VLSFO,705.84
5699,2022-06-16,Houston,LSMGO,881.53
5700,2022-06-16,Houston,IFO380,509.1
5701,2022-06-17,Singapore,VLSFO,758.53
5702,2022-06-17,Singapore,LSMGO,953.05
5703,2022-06-17,Singapore,IFO380,548.32
5704,2022-06-17,Fujairah,VLSFO,736.73
5705,2022-06-17,Fujairah,LSMGO,957.19
5706,2022-06-17,Fujairah,IFO380,531.51
5707,2022-06-17,Rotterdam,VLSFO,712.74
5708,2022-06-17,Rotterdam,LSMGO,882.7
5709,2022-06-17,Rotterdam,IFO380,511.28
5710,2022-06-17,Visakhapatnam,VLSFO,805.24
5711,2022-06-17,Visakhapatnam,LSMGO,1114.14
5712,2022-06-17,Visakhapatnam,IFO380,584.59
5713,2022-06-17,Houston,VLSFO,693.9
5714,2022-06-17,Houston,LSMGO,862.03
5715,2022-06-17,Houston,IFO380,502.2
5716,2022-06-20,Singapore,VLSFO,748.54
5717,2022-06-20,Singapore,LSMGO,970.19
5718,2022-06-20,Singapore,IFO380,533.46
5719,2022-06-20,Fujairah,VLSFO,729.56
5720,2022-06-20,Fujairah,LSMGO,953.57
5721,2022-06-20,Fujairah,IFO380,524.16
5722,2022-06-20,Rotterdam,VLSFO,702.93
5723,2022-06-20,Rotterdam,LSMGO,888.77
5724,2022-06-20,Rotterdam,IFO380,505.8
5725,2022-06-20,Visakhapatnam,VLSFO,791.87
5726,2022-06-20,Visakhapatnam,LSMGO,1098.91
5727,2022-06-20,Visakhapatnam,IFO380,576.98
5728,2022-06-20,Houston,VLSFO,696.97
5729,2022-06-20,Houston,LSMGO,841.25
5730,2022-06-20,Houston,IFO380,505.24
5731,2022-06-21,Singapore,VLSFO,749.57
5732,2022-06-21,Singapore,LSMGO,960.31
5733,2022-06-21,Singapore,IFO380,543.78
5734,2022-06-21,Fujairah,VLSFO,725.63
5735,2022-06-21,Fujairah,LSMGO,954.9
5736,2022-06-21,Fujairah,IFO380,527.55
5737,2022-06-21,Rotterdam,VLSFO,708.87
5738,2022-06-21,Rotterdam,LSMGO,894.3
5739,2022-06-21,Rotterdam,IFO380,513.94
5740,2022-06-21,Visakhapatnam,VLSFO,790.33
5741,2022-06-21,Visakhapatnam,LSMGO,1088.75
5742,2022-06-21,Visakhapatnam,IFO380,573.01
5743,2022-06-21,Houston,VLSFO,685.25
5744,2022-06-21,Houston,LSMGO,842.07
5745,2022-06-21,Houston,IFO380,490.04
5746,2022-06-22,Singapore,VLSFO,741.68
5747,2022-06-22,Singapore,LSMGO,945.06
5748,2022-06-22,Singapore,IFO380,529.01
5749,2022-06-22,Fujairah,VLSFO,718.63
5750,2022-06-22,Fujairah,LSMGO,954.96
5751,2022-06-22,Fujairah,IFO380,521.55
5752,2022-06-22,Rotterdam,VLSFO,707.44
5753,2022-06-22,Rotterdam,LSMGO,897.82
5754,2022-06-22,Rotterdam,IFO380,512.85
5755,2022-06-22,Visakhapatnam,VLSFO,779.3
5756,2022-06-22,Visakhapatnam,LSMGO,1069.29
5757,2022-06-22,Visakhapatnam,IFO380,571.57
5758,2022-06-22,Houston,VLSFO,688.82
5759,2022-06-22,Houston,LSMGO,851.88
5760,2022-06-22,Houston,IFO380,497.4
5761,2022-06-23,Singapore,VLSFO,739.71
5762,2022-06-23,Singapore,LSMGO,945.76
5763,2022-06-23,Singapore,IFO380,534.49
5764,2022-06-23,Fujairah,VLSFO,721.94
5765,2022-06-23,Fujairah,LSMGO,947.58
5766,2022-06-23,Fujairah,IFO380,523.35
5767,2022-06-23,Rotterdam,VLSFO,713.83
5768,2022-06-23,Rotterdam,LSMGO,906.51
5769,2022-06-23,Rotterdam,IFO380,516.82
5770,2022-06-23,Visakhapatnam,VLSFO,787.24
5771,2022-06-23,Visakhapatnam,LSMGO,1080.35
5772,2022-06-23,Visakhapatnam,IFO380,568.53
5773,2022-06-23,Houston,VLSFO,695.62
5774,2022-06-23,Houston,LSMGO,858.01
5775,2022-06-23,Houston,IFO380,504.82
5776,2022-06-24,Singapore,VLSFO,744.67
5777,2022-06-24,Singapore,LSMGO,957.14
5778,2022-06-24,Singapore,IFO380,532.54
5779,2022-06-24,Fujairah,VLSFO,723.57
5780,2022-06-24,Fujairah,LSMGO,947.35
5781,2022-06-24,Fujairah,IFO380,515.84
5782,2022-06-24,Rotterdam,VLSFO,701.71
5783,2022-06-24,Rotterdam,LSMGO,893.82
5784,2022-06-24,Rotterdam,IFO380,504.47
5785,2022-06-24,Visakhapatnam,VLSFO,782.1
5786,2022-06-24,Visakhapatnam,LSMGO,1086.83
5787,2022-06-24,Visakhapatnam,IFO380,567.77
5788,2022-06-24,Houston,VLSFO,696.58
5789,2022-06-24,Houston,LSMGO,854.65
5790,2022-06-24,Houston,IFO380,502.48
5791,2022-06-27,Singapore,VLSFO,741.75
5792,2022-06-27,Singapore,LSMGO,953.11
5793,2022-06-27,Singapore,IFO380,537.47
5794,2022-06-27,Fujairah,VLSFO,712.34
5795,2022-06-27,Fujairah,LSMGO,929.18
5796,2022-06-27,Fujairah,IFO380,512.21
5797,2022-06-27,Rotterdam,VLSFO,688.18
5798,2022-06-27,Rotterdam,LSMGO,865.87
5799,2022-06-27,Rotterdam,IFO380,498.87
5800,2022-06-27,Visakhapatnam,VLSFO,770.11
5801,2022-06-27,Visakhapatnam,LSMGO,1068.25
5802,2022-06-27,Visakhapatnam,IFO380,564.48
5803,2022-06-27,Houston,VLSFO,685.49
5804,2022-06-27,Houston,LSMGO,838.94
5805,2022-06-27,Houston,IFO380,495.16
5806,2022-06-28,Singapore,VLSFO,729.35
5807,2022-06-28,Singapore,LSMGO,934.79
5808,2022-06-28,Singapore,IFO380,525.44
5809,2022-06-28,Fujairah,VLSFO,720.39
5810,2022-06-28,Fujairah,LSMGO,935.73
5811,2022-06-28,Fujairah,IFO380,519.52
5812,2022-06-28,Rotterdam,VLSFO,685.94
5813,2022-06-28,Rotterdam,LSMGO,856.73
5814,2022-06-28,Rotterdam,IFO380,495.69
5815,2022-06-28,Visakhapatnam,VLSFO,771.14
5816,2022-06-28,Visakhapatnam,LSMGO,1065.34
5817,2022-06-28,Visakhapatnam,IFO380,556.82
5818,2022-06-28,Houston,VLSFO,671.13
5819,2022-06-28,Houston,LSMGO,827.52
5820,2022-06-28,Houston,IFO380,486.94
5821,2022-06-29,Singapore,VLSFO,722.01
5822,2022-06-29,Singapore,LSMGO,933.15
5823,2022-06-29,Singapore,IFO380,529.66
5824,2022-06-29,Fujairah,VLSFO,706.73
5825,2022-06-29,Fujairah,LSMGO,923.12
5826,2022-06-29,Fujairah,IFO380,511.0
5827,2022-06-29,Rotterdam,VLSFO,692.5
5828,2022-06-29,Rotterdam,LSMGO,867.53
5829,2022-06-29,Rotterdam,IFO380,499.78
5830,2022-06-29,Visakhapatnam,VLSFO,762.11
5831,2022-06-29,Visakhapatnam,LSMGO,1063.27
5832,2022-06-29,Visakhapatnam,IFO380,546.76
5833,2022-06-29,Houston,VLSFO,681.67
5834,2022-06-29,Houston,LSMGO,843.53
5835,2022-06-29,Houston,IFO380,483.1
5836,2022-06-30,Singapore,VLSFO,719.82
5837,2022-06-30,Singapore,LSMGO,913.09
5838,2022-06-30,Singapore,IFO380,517.62
5839,2022-06-30,Fujairah,VLSFO,713.58
5840,2022-06-30,Fujairah,LSMGO,933.56
5841,2022-06-30,Fujairah,IFO380,512.94
5842,2022-06-30,Rotterdam,VLSFO,688.7
5843,2022-06-30,Rotterdam,LSMGO,872.85
5844,2022-06-30,Rotterdam,IFO380,497.23
5845,2022-06-30,Visakhapatnam,VLSFO,780.09
5846,2022-06-30,Visakhapatnam,LSMGO,1064.55
5847,2022-06-30,Visakhapatnam,IFO380,562.82
5848,2022-06-30,Houston,VLSFO,679.68
5849,2022-06-30,Houston,LSMGO,836.07
5850,2022-06-30,Houston,IFO380,489.79
5851,2022-07-01,Singapore,VLSFO,723.78
5852,2022-07-01,Singapore,LSMGO,931.94
5853,2022-07-01,Singapore,IFO380,523.74
5854,2022-07-01,Fujairah,VLSFO,707.07
5855,2022-07-01,Fujairah,LSMGO,921.49
5856,2022-07-01,Fujairah,IFO380,510.02
5857,2022-07-01,Rotterdam,VLSFO,685.8
5858,2022-07-01,Rotterdam,LSMGO,858.87
5859,2022-07-01,Rotterdam,IFO380,490.45
5860,2022-07-01,Visakhapatnam,VLSFO,763.53
5861,2022-07-01,Visakhapatnam,LSMGO,1048.26
5862,2022-07-01,Visakhapatnam,IFO380,555.91
5863,2022-07-01,Houston,VLSFO,672.22
5864,2022-07-01,Houston,LSMGO,824.02
5865,2022-07-01,Houston,IFO380,481.83
5866,2022-07-04,Singapore,VLSFO,719.81
5867,2022-07-04,Singapore,LSMGO,916.07
5868,2022-07-04,Singapore,IFO380,520.11
5869,2022-07-04,Fujairah,VLSFO,693.38
5870,2022-07-04,Fujairah,LSMGO,894.62
5871,2022-07-04,Fujairah,IFO380,499.69
5872,2022-07-04,Rotterdam,VLSFO,676.91
5873,2022-07-04,Rotterdam,LSMGO,847.46
5874,2022-07-04,Rotterdam,IFO380,482.66
5875,2022-07-04,Visakhapatnam,VLSFO,753.23
5876,2022-07-04,Visakhapatnam,LSMGO,1040.57
5877,2022-07-04,Visakhapatnam,IFO380,538.26
5878,2022-07-04,Houston,VLSFO,676.3
5879,2022-07-04,Houston,LSMGO,833.36
5880,2022-07-04,Houston,IFO380,480.96
5881,2022-07-05,Singapore,VLSFO,713.61
5882,2022-07-05,Singapore,LSMGO,905.49
5883,2022-07-05,Singapore,IFO380,517.31
5884,2022-07-05,Fujairah,VLSFO,698.0
5885,2022-07-05,Fujairah,LSMGO,914.96
5886,2022-07-05,Fujairah,IFO380,502.91
5887,2022-07-05,Rotterdam,VLSFO,680.25
5888,2022-07-05,Rotterdam,LSMGO,859.81
5889,2022-07-05,Rotterdam,IFO380,492.59
5890,2022-07-05,Visakhapatnam,VLSFO,756.2
5891,2022-07-05,Visakhapatnam,LSMGO,1051.1
5892,2022-07-05,Visakhapatnam,IFO380,543.44
5893,2022-07-05,Houston,VLSFO,660.54
5894,2022-07-05,Houston,LSMGO,809.78
5895,2022-07-05,Houston,IFO380,479.14
5896,2022-07-06,Singapore,VLSFO,707.98
5897,2022-07-06,Singapore,LSMGO,899.7
5898,2022-07-06,Singapore,IFO380,505.44
5899,2022-07-06,Fujairah,VLSFO,706.79
5900,2022-07-06,Fujairah,LSMGO,919.81
5901,2022-07-06,Fujairah,IFO380,508.1
5902,2022-07-06,Rotterdam,VLSFO,676.76
5903,2022-07-06,Rotterdam,LSMGO,856.71
5904,2022-07-06,Rotterdam,IFO380,483.21
5905,2022-07-06,Visakhapatnam,VLSFO,754.84
5906,2022-07-06,Visakhapatnam,LSMGO,1048.42
5907,2022-07-06,Visakhapatnam,IFO380,545.62
5908,2022-07-06,Houston,VLSFO,660.89
5909,2022-07-06,Houston,LSMGO,817.76
5910,2022-07-06,Houston,IFO380,474.62
5911,2022-07-07,Singapore,VLSFO,704.16
5912,2022-07-07,Singapore,LSMGO,902.78
5913,2022-07-07,Singapore,IFO380,508.3
5914,2022-07-07,Fujairah,VLSFO,701.83
5915,2022-07-07,Fujairah,LSMGO,914.16
5916,2022-07-07,Fujairah,IFO380,504.86
5917,2022-07-07,Rotterdam,VLSFO,673.41
5918,2022-07-07,Rotterdam,LSMGO,840.48
5919,2022-07-07,Rotterdam,IFO380,485.68
5920,2022-07-07,Visakhapatnam,VLSFO,742.23
5921,2022-07-07,Visakhapatnam,LSMGO,1018.33
5922,2022-07-07,Visakhapatnam,IFO380,531.42
5923,2022-07-07,Houston,VLSFO,662.07
5924,2022-07-07,Houston,LSMGO,813.55
5925,2022-07-07,Houston,IFO380,472.71
5926,2022-07-08,Singapore,VLSFO,708.26
5927,2022-07-08,Singapore,LSMGO,905.45
5928,2022-07-08,Singapore,IFO380,507.73
5929,2022-07-08,Fujairah,VLSFO,706.84
5930,2022-07-08,Fujairah,LSMGO,935.32
5931,2022-07-08,Fujairah,IFO380,505.01
5932,2022-07-08,Rotterdam,VLSFO,664.49
5933,2022-07-08,Rotterdam,LSMGO,838.96
5934,2022-07-08,Rotterdam,IFO380,480.68
5935,2022-07-08,Visakhapatnam,VLSFO,761.52
5936,2022-07-08,Visakhapatnam,LSMGO,1056.02
5937,2022-07-08,Visakhapatnam,IFO380,549.09
5938,2022-07-08,Houston,VLSFO,658.33
5939,2022-07-08,Houston,LSMGO,814.19
5940,2022-07-08,Houston,IFO380,479.17
5941,2022-07-11,Singapore,VLSFO,699.44
5942,2022-07-11,Singapore,LSMGO,896.08
5943,2022-07-11,Singapore,IFO380,513.06
5944,2022-07-11,Fujairah,VLSFO,686.04
5945,2022-07-11,Fujairah,LSMGO,892.07
5946,2022-07-11,Fujairah,IFO380,496.64
5947,2022-07-11,Rotterdam,VLSFO,662.27
5948,2022-07-11,Rotterdam,LSMGO,843.34
5949,2022-07-11,Rotterdam,IFO380,477.94
5950,2022-07-11,Visakhapatnam,VLSFO,735.12
5951,2022-07-11,Visakhapatnam,LSMGO,1021.14
5952,2022-07-11,Visakhapatnam,IFO380,532.49
5953,2022-07-11,Houston,VLSFO,653.34
5954,2022-07-11,Houston,LSMGO,794.74
5955,2022-07-11,Houston,IFO380,470.51
5956,2022-07-12,Singapore,VLSFO,701.13
5957,2022-07-12,Singapore,LSMGO,890.12
5958,2022-07-12,Singapore,IFO380,500.65
5959,2022-07-12,Fujairah,VLSFO,689.16
5960,2022-07-12,Fujairah,LSMGO,892.81
5961,2022-07-12,Fujairah,IFO380,492.33
5962,2022-07-12,Rotterdam,VLSFO,661.21
5963,2022-07-12,Rotterdam,LSMGO,824.71
5964,2022-07-12,Rotterdam,IFO380,479.77
5965,2022-07-12,Visakhapatnam,VLSFO,740.53
5966,2022-07-12,Visakhapatnam,LSMGO,1021.33
5967,2022-07-12,Visakhapatnam,IFO380,533.62
5968,2022-07-12,Houston,VLSFO,657.46
5969,2022-07-12,Houston,LSMGO,810.19
5970,2022-07-12,Houston,IFO380,471.27
5971,2022-07-13,Singapore,VLSFO,702.95
5972,2022-07-13,Singapore,LSMGO,904.76
5973,2022-07-13,Singapore,IFO380,505.63
5974,2022-07-13,Fujairah,VLSFO,687.25
5975,2022-07-13,Fujairah,LSMGO,901.81
5976,2022-07-13,Fujairah,IFO380,489.27
5977,2022-07-13,Rotterdam,VLSFO,663.47
5978,2022-07-13,Rotterdam,LSMGO,821.71
5979,2022-07-13,Rotterdam,IFO380,480.51
5980,2022-07-13,Visakhapatnam,VLSFO,752.17
5981,2022-07-13,Visakhapatnam,LSMGO,1041.7
5982,2022-07-13,Visakhapatnam,IFO380,541.3
5983,2022-07-13,Houston,VLSFO,652.24
5984,2022-07-13,Houston,LSMGO,803.4
5985,2022-07-13,Houston,IFO380,479.53
5986,2022-07-14,Singapore,VLSFO,693.46
5987,2022-07-14,Singapore,LSMGO,881.33
5988,2022-07-14,Singapore,IFO380,495.43
5989,2022-07-14,Fujairah,VLSFO,685.21
5990,2022-07-14,Fujairah,LSMGO,891.64
5991,2022-07-14,Fujairah,IFO380,494.91
5992,2022-07-14,Rotterdam,VLSFO,662.34
5993,2022-07-14,Rotterdam,LSMGO,828.95
5994,2022-07-14,Rotterdam,IFO380,477.31
5995,2022-07-14,Visakhapatnam,VLSFO,741.27
5996,2022-07-14,Visakhapatnam,LSMGO,1031.2
5997,2022-07-14,Visakhapatnam,IFO380,529.31
5998,2022-07-14,Houston,VLSFO,649.84
5999,2022-07-14,Houston,LSMGO,798.65
6000,2022-07-14,Houston,IFO380,468.32
6001,2022-07-15,Singapore,VLSFO,696.43
6002,2022-07-15,Singapore,LSMGO,897.15
6003,2022-07-15,Singapore,IFO380,504.03
6004,2022-07-15,Fujairah,VLSFO,675.29
6005,2022-07-15,Fujairah,LSMGO,892.7
6006,2022-07-15,Fujairah,IFO380,483.09
6007,2022-07-15,Rotterdam,VLSFO,655.38
6008,2022-07-15,Rotterdam,LSMGO,817.28
6009,2022-07-15,Rotterdam,IFO380,470.28
6010,2022-07-15,Visakhapatnam,VLSFO,740.71
6011,2022-07-15,Visakhapatnam,LSMGO,1028.03
6012,2022-07-15,Visakhapatnam,IFO380,543.36
6013,2022-07-15,Houston,VLSFO,645.57
6014,2022-07-15,Houston,LSMGO,799.35
6015,2022-07-15,Houston,IFO380,467.06
6016,2022-07-18,Singapore,VLSFO,687.29
6017,2022-07-18,Singapore,LSMGO,876.67
6018,2022-07-18,Singapore,IFO380,495.19
6019,2022-07-18,Fujairah,VLSFO,673.16
6020,2022-07-18,Fujairah,LSMGO,880.23
6021,2022-07-18,Fujairah,IFO380,485.87
6022,2022-07-18,Rotterdam,VLSFO,656.91
6023,2022-07-18,Rotterdam,LSMGO,824.98
6024,2022-07-18,Rotterdam,IFO380,472.69
6025,2022-07-18,Visakhapatnam,VLSFO,729.21
6026,2022-07-18,Visakhapatnam,LSMGO,1022.03
6027,2022-07-18,Visakhapatnam,IFO380,521.24
6028,2022-07-18,Houston,VLSFO,639.81
6029,2022-07-18,Houston,LSMGO,789.11
6030,2022-07-18,Houston,IFO380,452.22
6031,2022-07-19,Singapore,VLSFO,688.25
6032,2022-07-19,Singapore,LSMGO,878.02
6033,2022-07-19,Singapore,IFO380,495.4
6034,2022-07-19,Fujairah,VLSFO,672.13
6035,2022-07-19,Fujairah,LSMGO,875.34
6036,2022-07-19,Fujairah,IFO380,486.49
6037,2022-07-19,Rotterdam,VLSFO,660.5
6038,2022-07-19,Rotterdam,LSMGO,820.86
6039,2022-07-19,Rotterdam,IFO380,475.07
6040,2022-07-19,Visakhapatnam,VLSFO,725.48
6041,2022-07-19,Visakhapatnam,LSMGO,1006.79
6042,2022-07-19,Visakhapatnam,IFO380,524.65
6043,2022-07-19,Houston,VLSFO,638.24
6044,2022-07-19,Houston,LSMGO,775.0
6045,2022-07-19,Houston,IFO380,460.14
6046,2022-07-20,Singapore,VLSFO,683.6
6047,2022-07-20,Singapore,LSMGO,887.81
6048,2022-07-20,Singapore,IFO380,494.15
6049,2022-07-20,Fujairah,VLSFO,678.5
6050,2022-07-20,Fujairah,LSMGO,867.97
6051,2022-07-20,Fujairah,IFO380,489.85
6052,2022-07-20,Rotterdam,VLSFO,664.17
6053,2022-07-20,Rotterdam,LSMGO,825.08
6054,2022-07-20,Rotterdam,IFO380,476.91
6055,2022-07-20,Visakhapatnam,VLSFO,724.51
6056,2022-07-20,Visakhapatnam,LSMGO,996.52
6057,2022-07-20,Visakhapatnam,IFO380,520.57
6058,2022-07-20,Houston,VLSFO,643.93
6059,2022-07-20,Houston,LSMGO,804.78
6060,2022-07-20,Houston,IFO380,465.63
6061,2022-07-21,Singapore,VLSFO,675.96
6062,2022-07-21,Singapore,LSMGO,871.55
6063,2022-07-21,Singapore,IFO380,496.13
6064,2022-07-21,Fujairah,VLSFO,671.97
6065,2022-07-21,Fujairah,LSMGO,871.76
6066,2022-07-21,Fujairah,IFO380,477.58
6067,2022-07-21,Rotterdam,VLSFO,647.84
6068,2022-07-21,Rotterdam,LSMGO,798.1
6069,2022-07-21,Rotterdam,IFO380,468.28
6070,2022-07-21,Visakhapatnam,VLSFO,724.48
6071,2022-07-21,Visakhapatnam,LSMGO,998.95
6072,2022-07-21,Visakhapatnam,IFO380,521.43
6073,2022-07-21,Houston,VLSFO,643.16
6074,2022-07-21,Houston,LSMGO,800.54
6075,2022-07-21,Houston,IFO380,459.58
6076,2022-07-22,Singapore,VLSFO,676.73
6077,2022-07-22,Singapore,LSMGO,866.8
6078,2022-07-22,Singapore,IFO380,490.8
6079,2022-07-22,Fujairah,VLSFO,663.92
6080,2022-07-22,Fujairah,LSMGO,870.73
6081,2022-07-22,Fujairah,IFO380,480.52
6082,2022-07-22,Rotterdam,VLSFO,654.87
6083,2022-07-22,Rotterdam,LSMGO,821.18
6084,2022-07-22,Rotterdam,IFO380,475.03
6085,2022-07-22,Visakhapatnam,VLSFO,717.23
6086,2022-07-22,Visakhapatnam,LSMGO,992.88
6087,2022-07-22,Visakhapatnam,IFO380,518.4
6088,2022-07-22,Houston,VLSFO,637.04
6089,2022-07-22,Houston,LSMGO,782.26
6090,2022-07-22,Houston,IFO380,462.78
6091,2022-07-25,Singapore,VLSFO,691.35
6092,2022-07-25,Singapore,LSMGO,883.53
6093,2022-07-25,Singapore,IFO380,495.72
6094,2022-07-25,Fujairah,VLSFO,670.53
6095,2022-07-25,Fujairah,LSMGO,888.07
6096,2022-07-25,Fujairah,IFO380,480.41
6097,2022-07-25,Rotterdam,VLSFO,653.15
6098,2022-07-25,Rotterdam,LSMGO,823.03
6099,2022-07-25,Rotterdam,IFO380,471.34
6100,2022-07-25,Visakhapatnam,VLSFO,723.27
6101,2022-07-25,Visakhapatnam,LSMGO,1009.89
6102,2022-07-25,Visakhapatnam,IFO380,521.79
6103,2022-07-25,Houston,VLSFO,628.69
6104,2022-07-25,Houston,LSMGO,771.03
6105,2022-07-25,Houston,IFO380,453.58
6106,2022-07-26,Singapore,VLSFO,682.77
6107,2022-07-26,Singapore,LSMGO,854.81
6108,2022-07-26,Singapore,IFO380,493.14
6109,2022-07-26,Fujairah,VLSFO,669.25
6110,2022-07-26,Fujairah,LSMGO,859.51
6111,2022-07-26,Fujairah,IFO380,485.01
6112,2022-07-26,Rotterdam,VLSFO,649.1
6113,2022-07-26,Rotterdam,LSMGO,814.68
6114,2022-07-26,Rotterdam,IFO380,467.69
6115,2022-07-26,Visakhapatnam,VLSFO,722.55
6116,2022-07-26,Visakhapatnam,LSMGO,995.83
6117,2022-07-26,Visakhapatnam,IFO380,527.37
6118,2022-07-26,Houston,VLSFO,634.67
6119,2022-07-26,Houston,LSMGO,773.62
6120,2022-07-26,Houston,IFO380,460.14
6121,2022-07-27,Singapore,VLSFO,680.05
6122,2022-07-27,Singapore,LSMGO,872.36
6123,2022-07-27,Singapore,IFO380,487.75
6124,2022-07-27,Fujairah,VLSFO,660.74
6125,2022-07-27,Fujairah,LSMGO,861.98
6126,2022-07-27,Fujairah,IFO380,470.65
6127,2022-07-27,Rotterdam,VLSFO,648.29
6128,2022-07-27,Rotterdam,LSMGO,816.37
6129,2022-07-27,Rotterdam,IFO380,458.89
6130,2022-07-27,Visakhapatnam,VLSFO,721.11
6131,2022-07-27,Visakhapatnam,LSMGO,1003.95
6132,2022-07-27,Visakhapatnam,IFO380,518.27
6133,2022-07-27,Houston,VLSFO,628.94
6134,2022-07-27,Houston,LSMGO,776.15
6135,2022-07-27,Houston,IFO380,452.88
6136,2022-07-28,Singapore,VLSFO,668.01
6137,2022-07-28,Singapore,LSMGO,854.89
6138,2022-07-28,Singapore,IFO380,485.48
6139,2022-07-28,Fujairah,VLSFO,659.97
6140,2022-07-28,Fujairah,LSMGO,860.58
6141,2022-07-28,Fujairah,IFO380,482.97
6142,2022-07-28,Rotterdam,VLSFO,646.44
6143,2022-07-28,Rotterdam,LSMGO,808.05
6144,2022-07-28,Rotterdam,IFO380,467.33
6145,2022-07-28,Visakhapatnam,VLSFO,721.25
6146,2022-07-28,Visakhapatnam,LSMGO,991.47
6147,2022-07-28,Visakhapatnam,IFO380,517.48
6148,2022-07-28,Houston,VLSFO,619.93
6149,2022-07-28,Houston,LSMGO,755.32
6150,2022-07-28,Houston,IFO380,444.0
6151,2022-07-29,Singapore,VLSFO,679.25
6152,2022-07-29,Singapore,LSMGO,867.67
6153,2022-07-29,Singapore,IFO380,497.11
6154,2022-07-29,Fujairah,VLSFO,677.73
6155,2022-07-29,Fujairah,LSMGO,886.24
6156,2022-07-29,Fujairah,IFO380,479.84
6157,2022-07-29,Rotterdam,VLSFO,639.48
6158,2022-07-29,Rotterdam,LSMGO,810.11
6159,2022-07-29,Rotterdam,IFO380,457.85
6160,2022-07-29,Visakhapatnam,VLSFO,714.31
6161,2022-07-29,Visakhapatnam,LSMGO,983.85
6162,2022-07-29,Visakhapatnam,IFO380,511.15
6163,2022-07-29,Houston,VLSFO,628.68
6164,2022-07-29,Houston,LSMGO,774.54
6165,2022-07-29,Houston,IFO380,458.33
6166,2022-08-01,Singapore,VLSFO,682.99
6167,2022-08-01,Singapore,LSMGO,880.94
6168,2022-08-01,Singapore,IFO380,493.15
6169,2022-08-01,Fujairah,VLSFO,660.51
6170,2022-08-01,Fujairah,LSMGO,870.29
6171,2022-08-01,Fujairah,IFO380,473.37
6172,2022-08-01,Rotterdam,VLSFO,640.03
6173,2022-08-01,Rotterdam,LSMGO,795.47
6174,2022-08-01,Rotterdam,IFO380,460.03
6175,2022-08-01,Visakhapatnam,VLSFO,709.16
6176,2022-08-01,Visakhapatnam,LSMGO,986.71
6177,2022-08-01,Visakhapatnam,IFO380,512.22
6178,2022-08-01,Houston,VLSFO,623.94
6179,2022-08-01,Houston,LSMGO,757.47
6180,2022-08-01,Houston,IFO380,445.83
6181,2022-08-02,Singapore,VLSFO,669.17
6182,2022-08-02,Singapore,LSMGO,846.75
6183,2022-08-02,Singapore,IFO380,485.83
6184,2022-08-02,Fujairah,VLSFO,659.54
6185,2022-08-02,Fujairah,LSMGO,855.69
6186,2022-08-02,Fujairah,IFO380,472.54
6187,2022-08-02,Rotterdam,VLSFO,645.67
6188,2022-08-02,Rotterdam,LSMGO,812.03
6189,2022-08-02,Rotterdam,IFO380,467.31
6190,2022-08-02,Visakhapatnam,VLSFO,715.5
6191,2022-08-02,Visakhapatnam,LSMGO,992.65
6192,2022-08-02,Visakhapatnam,IFO380,518.99
6193,2022-08-02,Houston,VLSFO,619.75
6194,2022-08-02,Houston,LSMGO,759.81
6195,2022-08-02,Houston,IFO380,454.37
6196,2022-08-03,Singapore,VLSFO,672.77
6197,2022-08-03,Singapore,LSMGO,852.07
6198,2022-08-03,Singapore,IFO380,488.72
6199,2022-08-03,Fujairah,VLSFO,655.24
6200,2022-08-03,Fujairah,LSMGO,865.68
6201,2022-08-03,Fujairah,IFO380,469.48
6202,2022-08-03,Rotterdam,VLSFO,627.75
6203,2022-08-03,Rotterdam,LSMGO,801.14
6204,2022-08-03,Rotterdam,IFO380,445.63
6205,2022-08-03,Visakhapatnam,VLSFO,706.04
6206,2022-08-03,Visakhapatnam,LSMGO,973.67
6207,2022-08-03,Visakhapatnam,IFO380,506.4
6208,2022-08-03,Houston,VLSFO,630.37
6209,2022-08-03,Houston,LSMGO,769.99
6210,2022-08-03,Houston,IFO380,453.14
6211,2022-08-04,Singapore,VLSFO,662.24
6212,2022-08-04,Singapore,LSMGO,851.15
6213,2022-08-04,Singapore,IFO380,475.53
6214,2022-08-04,Fujairah,VLSFO,655.21
6215,2022-08-04,Fujairah,LSMGO,858.92
6216,2022-08-04,Fujairah,IFO380,474.82
6217,2022-08-04,Rotterdam,VLSFO,628.43
6218,2022-08-04,Rotterdam,LSMGO,791.61
6219,2022-08-04,Rotterdam,IFO380,446.41
6220,2022-08-04,Visakhapatnam,VLSFO,695.93
6221,2022-08-04,Visakhapatnam,LSMGO,961.45
6222,2022-08-04,Visakhapatnam,IFO380,507.26
6223,2022-08-04,Houston,VLSFO,621.32
6224,2022-08-04,Houston,LSMGO,765.61
6225,2022-08-04,Houston,IFO380,453.37
6226,2022-08-05,Singapore,VLSFO,671.28
6227,2022-08-05,Singapore,LSMGO,865.51
6228,2022-08-05,Singapore,IFO380,487.45
6229,2022-08-05,Fujairah,VLSFO,654.52
6230,2022-08-05,Fujairah,LSMGO,852.01
6231,2022-08-05,Fujairah,IFO380,472.07
6232,2022-08-05,Rotterdam,VLSFO,636.95
6233,2022-08-05,Rotterdam,LSMGO,806.12
6234,2022-08-05,Rotterdam,IFO380,453.78
6235,2022-08-05,Visakhapatnam,VLSFO,710.35
6236,2022-08-05,Visakhapatnam,LSMGO,988.95
6237,2022-08-05,Visakhapatnam,IFO380,510.44
6238,2022-08-05,Houston,VLSFO,622.43
6239,2022-08-05,Houston,LSMGO,759.08
6240,2022-08-05,Houston,IFO380,442.43
6241,2022-08-08,Singapore,VLSFO,660.48
6242,2022-08-08,Singapore,LSMGO,860.62
6243,2022-08-08,Singapore,IFO380,473.88
6244,2022-08-08,Fujairah,VLSFO,646.55
6245,2022-08-08,Fujairah,LSMGO,843.08
6246,2022-08-08,Fujairah,IFO380,466.13
6247,2022-08-08,Rotterdam,VLSFO,629.79
6248,2022-08-08,Rotterdam,LSMGO,793.93
6249,2022-08-08,Rotterdam,IFO380,457.67
6250,2022-08-08,Visakhapatnam,VLSFO,703.96
6251,2022-08-08,Visakhapatnam,LSMGO,976.67
6252,2022-08-08,Visakhapatnam,IFO380,501.91
6253,2022-08-08,Houston,VLSFO,619.11
6254,2022-08-08,Houston,LSMGO,760.65
6255,2022-08-08,Houston,IFO380,448.44
6256,2022-08-09,Singapore,VLSFO,666.39
6257,2022-08-09,Singapore,LSMGO,845.0
6258,2022-08-09,Singapore,IFO380,479.8
6259,2022-08-09,Fujairah,VLSFO,649.11
6260,2022-08-09,Fujairah,LSMGO,848.12
6261,2022-08-09,Fujairah,IFO380,468.98
6262,2022-08-09,Rotterdam,VLSFO,635.32
6263,2022-08-09,Rotterdam,LSMGO,802.58
6264,2022-08-09,Rotterdam,IFO380,453.37
6265,2022-08-09,Visakhapatnam,VLSFO,703.76
6266,2022-08-09,Visakhapatnam,LSMGO,971.86
6267,2022-08-09,Visakhapatnam,IFO380,503.09
6268,2022-08-09,Houston,VLSFO,624.1
6269,2022-08-09,Houston,LSMGO,768.79
6270,2022-08-09,Houston,IFO380,450.68
6271,2022-08-10,Singapore,VLSFO,655.8
6272,2022-08-10,Singapore,LSMGO,838.79
6273,2022-08-10,Singapore,IFO380,474.2
6274,2022-08-10,Fujairah,VLSFO,644.65
6275,2022-08-10,Fujairah,LSMGO,835.68
6276,2022-08-10,Fujairah,IFO380,460.16
6277,2022-08-10,Rotterdam,VLSFO,619.81
6278,2022-08-10,Rotterdam,LSMGO,763.02
6279,2022-08-10,Rotterdam,IFO380,450.58
6280,2022-08-10,Visakhapatnam,VLSFO,698.28
6281,2022-08-10,Visakhapatnam,LSMGO,972.14
6282,2022-08-10,Visakhapatnam,IFO380,502.64
6283,2022-08-10,Houston,VLSFO,623.37
6284,2022-08-10,Houston,LSMGO,762.84
6285,2022-08-10,Houston,IFO380,448.42
6286,2022-08-11,Singapore,VLSFO,665.42
6287,2022-08-11,Singapore,LSMGO,856.76
6288,2022-08-11,Singapore,IFO380,476.29
6289,2022-08-11,Fujairah,VLSFO,652.55
6290,2022-08-11,Fujairah,LSMGO,854.46
6291,2022-08-11,Fujairah,IFO380,474.67
6292,2022-08-11,Rotterdam,VLSFO,622.1
6293,2022-08-11,Rotterdam,LSMGO,793.11
6294,2022-08-11,Rotterdam,IFO380,453.34
6295,2022-08-11,Visakhapatnam,VLSFO,701.97
6296,2022-08-11,Visakhapatnam,LSMGO,971.51
6297,2022-08-11,Visakhapatnam,IFO380,501.29
6298,2022-08-11,Houston,VLSFO,622.4
6299,2022-08-11,Houston,LSMGO,751.63
6300,2022-08-11,Houston,IFO380,436.69
6301,2022-08-12,Singapore,VLSFO,657.39
6302,2022-08-12,Singapore,LSMGO,844.38
6303,2022-08-12,Singapore,IFO380,481.17
6304,2022-08-12,Fujairah,VLSFO,648.9
6305,2022-08-12,Fujairah,LSMGO,853.18
6306,2022-08-12,Fujairah,IFO380,471.44
6307,2022-08-12,Rotterdam,VLSFO,633.35
6308,2022-08-12,Rotterdam,LSMGO,792.22
6309,2022-08-12,Rotterdam,IFO380,457.06
6310,2022-08-12,Visakhapatnam,VLSFO,706.02
6311,2022-08-12,Visakhapatnam,LSMGO,969.25
6312,2022-08-12,Visakhapatnam,IFO380,506.14
6313,2022-08-12,Houston,VLSFO,617.11
6314,2022-08-12,Houston,LSMGO,770.26
6315,2022-08-12,Houston,IFO380,445.75
6316,2022-08-15,Singapore,VLSFO,662.78
6317,2022-08-15,Singapore,LSMGO,843.04
6318,2022-08-15,Singapore,IFO380,477.93
6319,2022-08-15,Fujairah,VLSFO,644.26
6320,2022-08-15,Fujairah,LSMGO,844.91
6321,2022-08-15,Fujairah,IFO380,465.04
6322,2022-08-15,Rotterdam,VLSFO,625.22
6323,2022-08-15,Rotterdam,LSMGO,786.12
6324,2022-08-15,Rotterdam,IFO380,452.86
6325,2022-08-15,Visakhapatnam,VLSFO,695.46
6326,2022-08-15,Visakhapatnam,LSMGO,956.92
6327,2022-08-15,Visakhapatnam,IFO380,500.06
6328,2022-08-15,Houston,VLSFO,619.49
6329,2022-08-15,Houston,LSMGO,767.01
6330,2022-08-15,Houston,IFO380,446.3
6331,2022-08-16,Singapore,VLSFO,661.07
6332,2022-08-16,Singapore,LSMGO,840.88
6333,2022-08-16,Singapore,IFO380,476.94
6334,2022-08-16,Fujairah,VLSFO,644.62
6335,2022-08-16,Fujairah,LSMGO,838.06
6336,2022-08-16,Fujairah,IFO380,465.79
6337,2022-08-16,Rotterdam,VLSFO,624.77
6338,2022-08-16,Rotterdam,LSMGO,782.91
6339,2022-08-16,Rotterdam,IFO380,452.51
6340,2022-08-16,Visakhapatnam,VLSFO,713.45
6341,2022-08-16,Visakhapatnam,LSMGO,988.06
6342,2022-08-16,Visakhapatnam,IFO380,511.95
6343,2022-08-16,Houston,VLSFO,621.4
6344,2022-08-16,Houston,LSMGO,761.36
6345,2022-08-16,Houston,IFO380,448.09
6346,2022-08-17,Singapore,VLSFO,656.02
6347,2022-08-17,Singapore,LSMGO,839.32
6348,2022-08-17,Singapore,IFO380,469.81
6349,2022-08-17,Fujairah,VLSFO,647.87
6350,2022-08-17,Fujairah,LSMGO,855.17
6351,2022-08-17,Fujairah,IFO380,472.46
6352,2022-08-17,Rotterdam,VLSFO,630.8
6353,2022-08-17,Rotterdam,LSMGO,788.84
6354,2022-08-17,Rotterdam,IFO380,456.86
6355,2022-08-17,Visakhapatnam,VLSFO,701.63
6356,2022-08-17,Visakhapatnam,LSMGO,964.78
6357,2022-08-17,Visakhapatnam,IFO380,507.07
6358,2022-08-17,Houston,VLSFO,604.52
6359,2022-08-17,Houston,LSMGO,754.86
6360,2022-08-17,Houston,IFO380,439.01
6361,2022-08-18,Singapore,VLSFO,665.57
6362,2022-08-18,Singapore,LSMGO,858.18
6363,2022-08-18,Singapore,IFO380,477.11
6364,2022-08-18,Fujairah,VLSFO,653.07
6365,2022-08-18,Fujairah,LSMGO,843.16
6366,2022-08-18,Fujairah,IFO380,472.54
6367,2022-08-18,Rotterdam,VLSFO,629.69
6368,2022-08-18,Rotterdam,LSMGO,795.11
6369,2022-08-18,Rotterdam,IFO380,453.31
6370,2022-08-18,Visakhapatnam,VLSFO,700.61
6371,2022-08-18,Visakhapatnam,LSMGO,969.11
6372,2022-08-18,Visakhapatnam,IFO380,503.37
6373,2022-08-18,Houston,VLSFO,615.43
6374,2022-08-18,Houston,LSMGO,755.62
6375,2022-08-18,Houston,IFO380,438.29
6376,2022-08-19,Singapore,VLSFO,664.6
6377,2022-08-19,Singapore,LSMGO,835.88
6378,2022-08-19,Singapore,IFO380,478.82
6379,2022-08-19,Fujairah,VLSFO,641.38
6380,2022-08-19,Fujairah,LSMGO,829.63
6381,2022-08-19,Fujairah,IFO380,469.77
6382,2022-08-19,Rotterdam,VLSFO,621.42
6383,2022-08-19,Rotterdam,LSMGO,778.86
6384,2022-08-19,Rotterdam,IFO380,441.47
6385,2022-08-19,Visakhapatnam,VLSFO,707.72
6386,2022-08-19,Visakhapatnam,LSMGO,978.66
6387,2022-08-19,Visakhapatnam,IFO380,505.41
6388,2022-08-19,Houston,VLSFO,607.86
6389,2022-08-19,Houston,LSMGO,745.4
6390,2022-08-19,Houston,IFO380,434.76
6391,2022-08-22,Singapore,VLSFO,659.21
6392,2022-08-22,Singapore,LSMGO,840.87
6393,2022-08-22,Singapore,IFO380,478.86
6394,2022-08-22,Fujairah,VLSFO,644.11
6395,2022-08-22,Fujairah,LSMGO,850.3
6396,2022-08-22,Fujairah,IFO380,462.36
6397,2022-08-22,Rotterdam,VLSFO,620.94
6398,2022-08-22,Rotterdam,LSMGO,780.09
6399,2022-08-22,Rotterdam,IFO380,451.15
6400,2022-08-22,Visakhapatnam,VLSFO,701.71
6401,2022-08-22,Visakhapatnam,LSMGO,962.34
6402,2022-08-22,Visakhapatnam,IFO380,506.88
6403,2022-08-22,Houston,VLSFO,628.05
6404,2022-08-22,Houston,LSMGO,779.27
6405,2022-08-22,Houston,IFO380,451.54
6406,2022-08-23,Singapore,VLSFO,658.39
6407,2022-08-23,Singapore,LSMGO,850.22
6408,2022-08-23,Singapore,IFO380,473.07
6409,2022-08-23,Fujairah,VLSFO,646.31
6410,2022-08-23,Fujairah,LSMGO,835.97
6411,2022-08-23,Fujairah,IFO380,463.16
6412,2022-08-23,Rotterdam,VLSFO,634.53
6413,2022-08-23,Rotterdam,LSMGO,805.97
6414,2022-08-23,Rotterdam,IFO380,460.52
6415,2022-08-23,Visakhapatnam,VLSFO,689.98
6416,2022-08-23,Visakhapatnam,LSMGO,959.91
6417,2022-08-23,Visakhapatnam,IFO380,495.4
6418,2022-08-23,Houston,VLSFO,602.8
6419,2022-08-23,Houston,LSMGO,750.86
6420,2022-08-23,Houston,IFO380,431.31
6421,2022-08-24,Singapore,VLSFO,656.06
6422,2022-08-24,Singapore,LSMGO,836.22
6423,2022-08-24,Singapore,IFO380,477.33
6424,2022-08-24,Fujairah,VLSFO,654.82
6425,2022-08-24,Fujairah,LSMGO,848.58
6426,2022-08-24,Fujairah,IFO380,467.32
6427,2022-08-24,Rotterdam,VLSFO,622.9
6428,2022-08-24,Rotterdam,LSMGO,773.03
6429,2022-08-24,Rotterdam,IFO380,450.82
6430,2022-08-24,Visakhapatnam,VLSFO,696.08
6431,2022-08-24,Visakhapatnam,LSMGO,972.41
6432,2022-08-24,Visakhapatnam,IFO380,497.84
6433,2022-08-24,Houston,VLSFO,616.43
6434,2022-08-24,Houston,LSMGO,769.05
6435,2022-08-24,Houston,IFO380,440.1
6436,2022-08-25,Singapore,VLSFO,656.66
6437,2022-08-25,Singapore,LSMGO,828.46
6438,2022-08-25,Singapore,IFO380,468.29
6439,2022-08-25,Fujairah,VLSFO,640.1
6440,2022-08-25,Fujairah,LSMGO,829.95
6441,2022-08-25,Fujairah,IFO380,458.59
6442,2022-08-25,Rotterdam,VLSFO,633.36
6443,2022-08-25,Rotterdam,LSMGO,802.56
6444,2022-08-25,Rotterdam,IFO380,458.36
6445,2022-08-25,Visakhapatnam,VLSFO,702.38
6446,2022-08-25,Visakhapatnam,LSMGO,967.89
6447,2022-08-25,Visakhapatnam,IFO380,511.0
6448,2022-08-25,Houston,VLSFO,609.32
6449,2022-08-25,Houston,LSMGO,739.89
6450,2022-08-25,Houston,IFO380,436.44
6451,2022-08-26,Singapore,VLSFO,659.81
6452,2022-08-26,Singapore,LSMGO,849.72
6453,2022-08-26,Singapore,IFO380,472.6
6454,2022-08-26,Fujairah,VLSFO,646.35
6455,2022-08-26,Fujairah,LSMGO,836.85
6456,2022-08-26,Fujairah,IFO380,469.15
6457,2022-08-26,Rotterdam,VLSFO,635.63
6458,2022-08-26,Rotterdam,LSMGO,803.79
6459,2022-08-26,Rotterdam,IFO380,456.32
6460,2022-08-26,Visakhapatnam,VLSFO,698.73
6461,2022-08-26,Visakhapatnam,LSMGO,965.42
6462,2022-08-26,Visakhapatnam,IFO380,501.48
6463,2022-08-26,Houston,VLSFO,615.66
6464,2022-08-26,Houston,LSMGO,753.0
6465,2022-08-26,Houston,IFO380,435.64
6466,2022-08-29,Singapore,VLSFO,663.7
6467,2022-08-29,Singapore,LSMGO,846.55
6468,2022-08-29,Singapore,IFO380,478.84
6469,2022-08-29,Fujairah,VLSFO,650.57
6470,2022-08-29,Fujairah,LSMGO,858.04
6471,2022-08-29,Fujairah,IFO380,474.24
6472,2022-08-29,Rotterdam,VLSFO,632.07
6473,2022-08-29,Rotterdam,LSMGO,787.02
6474,2022-08-29,Rotterdam,IFO380,453.23
6475,2022-08-29,Visakhapatnam,VLSFO,693.7
6476,2022-08-29,Visakhapatnam,LSMGO,955.55
6477,2022-08-29,Visakhapatnam,IFO380,494.33
6478,2022-08-29,Houston,VLSFO,612.59
6479,2022-08-29,Houston,LSMGO,769.42
6480,2022-08-29,Houston,IFO380,437.58
6481,2022-08-30,Singapore,VLSFO,657.27
6482,2022-08-30,Singapore,LSMGO,834.21
6483,2022-08-30,Singapore,IFO380,468.47
6484,2022-08-30,Fujairah,VLSFO,646.18
6485,2022-08-30,Fujairah,LSMGO,837.93
6486,2022-08-30,Fujairah,IFO380,470.17
6487,2022-08-30,Rotterdam,VLSFO,621.85
6488,2022-08-30,Rotterdam,LSMGO,782.43
6489,2022-08-30,Rotterdam,IFO380,451.7
6490,2022-08-30,Visakhapatnam,VLSFO,699.58
6491,2022-08-30,Visakhapatnam,LSMGO,965.34
6492,2022-08-30,Visakhapatnam,IFO380,504.89
6493,2022-08-30,Houston,VLSFO,611.25
6494,2022-08-30,Houston,LSMGO,756.09
6495,2022-08-30,Houston,IFO380,433.22
6496,2022-08-31,Singapore,VLSFO,661.51
6497,2022-08-31,Singapore,LSMGO,851.14
6498,2022-08-31,Singapore,IFO380,475.89
6499,2022-08-31,Fujairah,VLSFO,656.07
6500,2022-08-31,Fujairah,LSMGO,857.22
6501,2022-08-31,Fujairah,IFO380,470.5
6502,2022-08-31,Rotterdam,VLSFO,634.74
6503,2022-08-31,Rotterdam,LSMGO,795.82
6504,2022-08-31,Rotterdam,IFO380,455.96
6505,2022-08-31,Visakhapatnam,VLSFO,706.32
6506,2022-08-31,Visakhapatnam,LSMGO,973.89
6507,2022-08-31,Visakhapatnam,IFO380,520.2
6508,2022-08-31,Houston,VLSFO,606.5
6509,2022-08-31,Houston,LSMGO,741.53
6510,2022-08-31,Houston,IFO380,432.49
6511,2022-09-01,Singapore,VLSFO,666.16
6512,2022-09-01,Singapore,LSMGO,853.15
6513,2022-09-01,Singapore,IFO380,478.76
6514,2022-09-01,Fujairah,VLSFO,647.6
6515,2022-09-01,Fujairah,LSMGO,844.25
6516,2022-09-01,Fujairah,IFO380,461.0
6517,2022-09-01,Rotterdam,VLSFO,630.97
6518,2022-09-01,Rotterdam,LSMGO,785.45
6519,2022-09-01,Rotterdam,IFO380,457.97
6520,2022-09-01,Visakhapatnam,VLSFO,700.45
6521,2022-09-01,Visakhapatnam,LSMGO,973.55
6522,2022-09-01,Visakhapatnam,IFO380,507.29
6523,2022-09-01,Houston,VLSFO,611.08
6524,2022-09-01,Houston,LSMGO,739.35
6525,2022-09-01,Houston,IFO380,441.24
6526,2022-09-02,Singapore,VLSFO,668.03
6527,2022-09-02,Singapore,LSMGO,852.69
6528,2022-09-02,Singapore,IFO380,480.14
6529,2022-09-02,Fujairah,VLSFO,655.4
6530,2022-09-02,Fujairah,LSMGO,854.29
6531,2022-09-02,Fujairah,IFO380,477.39
6532,2022-09-02,Rotterdam,VLSFO,627.51
6533,2022-09-02,Rotterdam,LSMGO,796.18
6534,2022-09-02,Rotterdam,IFO380,452.57
6535,2022-09-02,Visakhapatnam,VLSFO,697.19
6536,2022-09-02,Visakhapatnam,LSMGO,959.71
6537,2022-09-02,Visakhapatnam,IFO380,498.92
6538,2022-09-02,Houston,VLSFO,616.59
6539,2022-09-02,Houston,LSMGO,746.67
6540,2022-09-02,Houston,IFO380,446.9
6541,2022-09-05,Singapore,VLSFO,663.77
6542,2022-09-05,Singapore,LSMGO,856.92
6543,2022-09-05,Singapore,IFO380,475.62
6544,2022-09-05,Fujairah,VLSFO,650.06
6545,2022-09-05,Fujairah,LSMGO,848.83
6546,2022-09-05,Fujairah,IFO380,471.92
6547,2022-09-05,Rotterdam,VLSFO,629.23
6548,2022-09-05,Rotterdam,LSMGO,777.08
6549,2022-09-05,Rotterdam,IFO380,447.89
6550,2022-09-05,Visakhapatnam,VLSFO,699.15
6551,2022-09-05,Visakhapatnam,LSMGO,967.72
6552,2022-09-05,Visakhapatnam,IFO380,503.09
6553,2022-09-05,Houston,VLSFO,611.52
6554,2022-09-05,Houston,LSMGO,760.42
6555,2022-09-05,Houston,IFO380,433.64
6556,2022-09-06,Singapore,VLSFO,671.29
6557,2022-09-06,Singapore,LSMGO,865.22
6558,2022-09-06,Singapore,IFO380,483.77
6559,2022-09-06,Fujairah,VLSFO,654.97
6560,2022-09-06,Fujairah,LSMGO,862.82
6561,2022-09-06,Fujairah,IFO380,471.38
6562,2022-09-06,Rotterdam,VLSFO,627.79
6563,2022-09-06,Rotterdam,LSMGO,791.94
6564,2022-09-06,Rotterdam,IFO380,454.6
6565,2022-09-06,Visakhapatnam,VLSFO,699.13
6566,2022-09-06,Visakhapatnam,LSMGO,961.75
6567,2022-09-06,Visakhapatnam,IFO380,500.54
6568,2022-09-06,Houston,VLSFO,621.63
6569,2022-09-06,Houston,LSMGO,774.83
6570,2022-09-06,Houston,IFO380,443.34
6571,2022-09-07,Singapore,VLSFO,659.54
6572,2022-09-07,Singapore,LSMGO,837.45
6573,2022-09-07,Singapore,IFO380,480.84
6574,2022-09-07,Fujairah,VLSFO,658.48
6575,2022-09-07,Fujairah,LSMGO,856.23
6576,2022-09-07,Fujairah,IFO380,470.75
6577,2022-09-07,Rotterdam,VLSFO,632.93
6578,2022-09-07,Rotterdam,LSMGO,784.81
6579,2022-09-07,Rotterdam,IFO380,453.97
6580,2022-09-07,Visakhapatnam,VLSFO,700.48
6581,2022-09-07,Visakhapatnam,LSMGO,976.8
6582,2022-09-07,Visakhapatnam,IFO380,500.03
6583,2022-09-07,Houston,VLSFO,619.47
6584,2022-09-07,Houston,LSMGO,772.85
6585,2022-09-07,Houston,IFO380,447.72
6586,2022-09-08,Singapore,VLSFO,668.68
6587,2022-09-08,Singapore,LSMGO,858.8
6588,2022-09-08,Singapore,IFO380,474.75
6589,2022-09-08,Fujairah,VLSFO,656.96
6590,2022-09-08,Fujairah,LSMGO,863.3
6591,2022-09-08,Fujairah,IFO380,470.72
6592,2022-09-08,Rotterdam,VLSFO,636.74
6593,2022-09-08,Rotterdam,LSMGO,811.7
6594,2022-09-08,Rotterdam,IFO380,463.4
6595,2022-09-08,Visakhapatnam,VLSFO,699.48
6596,2022-09-08,Visakhapatnam,LSMGO,966.7
6597,2022-09-08,Visakhapatnam,IFO380,502.55
6598,2022-09-08,Houston,VLSFO,618.23
6599,2022-09-08,Houston,LSMGO,758.65
6600,2022-09-08,Houston,IFO380,443.52
6601,2022-09-09,Singapore,VLSFO,678.36
6602,2022-09-09,Singapore,LSMGO,862.45
6603,2022-09-09,Singapore,IFO380,493.35
6604,2022-09-09,Fujairah,VLSFO,650.17
6605,2022-09-09,Fujairah,LSMGO,851.29
6606,2022-09-09,Fujairah,IFO380,465.38
6607,2022-09-09,Rotterdam,VLSFO,637.13
6608,2022-09-09,Rotterdam,LSMGO,814.95
6609,2022-09-09,Rotterdam,IFO380,467.62
6610,2022-09-09,Visakhapatnam,VLSFO,700.49
6611,2022-09-09,Visakhapatnam,LSMGO,967.15
6612,2022-09-09,Visakhapatnam,IFO380,507.29
6613,2022-09-09,Houston,VLSFO,622.45
6614,2022-09-09,Houston,LSMGO,759.6
6615,2022-09-09,Houston,IFO380,452.08
6616,2022-09-12,Singapore,VLSFO,669.12
6617,2022-09-12,Singapore,LSMGO,862.8
6618,2022-09-12,Singapore,IFO380,485.11
6619,2022-09-12,Fujairah,VLSFO,658.46
6620,2022-09-12,Fujairah,LSMGO,854.76
6621,2022-09-12,Fujairah,IFO380,470.96
6622,2022-09-12,Rotterdam,VLSFO,635.83
6623,2022-09-12,Rotterdam,LSMGO,787.83
6624,2022-09-12,Rotterdam,IFO380,460.07
6625,2022-09-12,Visakhapatnam,VLSFO,705.42
6626,2022-09-12,Visakhapatnam,LSMGO,965.51
6627,2022-09-12,Visakhapatnam,IFO380,507.25
6628,2022-09-12,Houston,VLSFO,619.94
6629,2022-09-12,Houston,LSMGO,762.2
6630,2022-09-12,Houston,IFO380,449.42
6631,2022-09-13,Singapore,VLSFO,661.9
6632,2022-09-13,Singapore,LSMGO,845.61
6633,2022-09-13,Singapore,IFO380,479.31
6634,2022-09-13,Fujairah,VLSFO,650.02
6635,2022-09-13,Fujairah,LSMGO,851.39
6636,2022-09-13,Fujairah,IFO380,470.5
6637,2022-09-13,Rotterdam,VLSFO,631.87
6638,2022-09-13,Rotterdam,LSMGO,781.29
6639,2022-09-13,Rotterdam,IFO380,452.76
6640,2022-09-13,Visakhapatnam,VLSFO,701.11
6641,2022-09-13,Visakhapatnam,LSMGO,969.59
6642,2022-09-13,Visakhapatnam,IFO380,501.14
6643,2022-09-13,Houston,VLSFO,627.13
6644,2022-09-13,Houston,LSMGO,761.72
6645,2022-09-13,Houston,IFO380,447.21
6646,2022-09-14,Singapore,VLSFO,678.48
6647,2022-09-14,Singapore,LSMGO,871.53
6648,2022-09-14,Singapore,IFO380,486.38
6649,2022-09-14,Fujairah,VLSFO,665.7
6650,2022-09-14,Fujairah,LSMGO,865.13
6651,2022-09-14,Fujairah,IFO380,478.58
6652,2022-09-14,Rotterdam,VLSFO,636.65
6653,2022-09-14,Rotterdam,LSMGO,791.84
6654,2022-09-14,Rotterdam,IFO380,466.15
6655,2022-09-14,Visakhapatnam,VLSFO,714.69
6656,2022-09-14,Visakhapatnam,LSMGO,992.62
6657,2022-09-14,Visakhapatnam,IFO380,513.04
6658,2022-09-14,Houston,VLSFO,623.81
6659,2022-09-14,Houston,LSMGO,764.73
6660,2022-09-14,Houston,IFO380,456.27
6661,2022-09-15,Singapore,VLSFO,667.12
6662,2022-09-15,Singapore,LSMGO,858.89
6663,2022-09-15,Singapore,IFO380,481.64
6664,2022-09-15,Fujairah,VLSFO,661.17
6665,2022-09-15,Fujairah,LSMGO,855.5
6666,2022-09-15,Fujairah,IFO380,474.71
6667,2022-09-15,Rotterdam,VLSFO,636.14
6668,2022-09-15,Rotterdam,LSMGO,793.84
6669,2022-09-15,Rotterdam,IFO380,456.73
6670,2022-09-15,Visakhapatnam,VLSFO,713.65
6671,2022-09-15,Visakhapatnam,LSMGO,991.68
6672,2022-09-15,Visakhapatnam,IFO380,519.29
6673,2022-09-15,Houston,VLSFO,620.75
6674,2022-09-15,Houston,LSMGO,755.43
6675,2022-09-15,Houston,IFO380,442.27
6676,2022-09-16,Singapore,VLSFO,674.36
6677,2022-09-16,Singapore,LSMGO,863.68
6678,2022-09-16,Singapore,IFO380,485.82
6679,2022-09-16,Fujairah,VLSFO,653.96
6680,2022-09-16,Fujairah,LSMGO,852.2
6681,2022-09-16,Fujairah,IFO380,468.28
6682,2022-09-16,Rotterdam,VLSFO,632.73
6683,2022-09-16,Rotterdam,LSMGO,781.41
6684,2022-09-16,Rotterdam,IFO380,460.71
6685,2022-09-16,Visakhapatnam,VLSFO,709.39
6686,2022-09-16,Visakhapatnam,LSMGO,983.55
6687,2022-09-16,Visakhapatnam,IFO380,508.18
6688,2022-09-16,Houston,VLSFO,627.79
6689,2022-09-16,Houston,LSMGO,780.34
6690,2022-09-16,Houston,IFO380,447.18
6691,2022-09-19,Singapore,VLSFO,673.61
6692,2022-09-19,Singapore,LSMGO,856.06
6693,2022-09-19,Singapore,IFO380,480.91
6694,2022-09-19,Fujairah,VLSFO,657.51
6695,2022-09-19,Fujairah,LSMGO,858.56
6696,2022-09-19,Fujairah,IFO380,477.63
6697,2022-09-19,Rotterdam,VLSFO,648.49
6698,2022-09-19,Rotterdam,LSMGO,805.38
6699,2022-09-19,Rotterdam,IFO380,470.89
6700,2022-09-19,Visakhapatnam,VLSFO,720.03
6701,2022-09-19,Visakhapatnam,LSMGO,992.86
6702,2022-09-19,Visakhapatnam,IFO380,518.65
6703,2022-09-19,Houston,VLSFO,623.73
6704,2022-09-19,Houston,LSMGO,769.89
6705,2022-09-19,Houston,IFO380,450.94
6706,2022-09-20,Singapore,VLSFO,682.06
6707,2022-09-20,Singapore,LSMGO,893.76
6708,2022-09-20,Singapore,IFO380,493.4
6709,2022-09-20,Fujairah,VLSFO,672.69
6710,2022-09-20,Fujairah,LSMGO,878.85
6711,2022-09-20,Fujairah,IFO380,484.2
6712,2022-09-20,Rotterdam,VLSFO,641.51
6713,2022-09-20,Rotterdam,LSMGO,809.39
6714,2022-09-20,Rotterdam,IFO380,458.97
6715,2022-09-20,Visakhapatnam,VLSFO,714.08
6716,2022-09-20,Visakhapatnam,LSMGO,994.51
6717,2022-09-20,Visakhapatnam,IFO380,518.39
6718,2022-09-20,Houston,VLSFO,629.95
6719,2022-09-20,Houston,LSMGO,783.37
6720,2022-09-20,Houston,IFO380,446.73
6721,2022-09-21,Singapore,VLSFO,685.28
6722,2022-09-21,Singapore,LSMGO,877.79
6723,2022-09-21,Singapore,IFO380,497.48
6724,2022-09-21,Fujairah,VLSFO,670.02
6725,2022-09-21,Fujairah,LSMGO,871.8
6726,2022-09-21,Fujairah,IFO380,486.97
6727,2022-09-21,Rotterdam,VLSFO,647.25
6728,2022-09-21,Rotterdam,LSMGO,801.31
6729,2022-09-21,Rotterdam,IFO380,472.61
6730,2022-09-21,Visakhapatnam,VLSFO,720.84
6731,2022-09-21,Visakhapatnam,LSMGO,988.29
6732,2022-09-21,Visakhapatnam,IFO380,515.71
6733,2022-09-21,Houston,VLSFO,629.87
6734,2022-09-21,Houston,LSMGO,774.29
6735,2022-09-21,Houston,IFO380,452.51
6736,2022-09-22,Singapore,VLSFO,688.25
6737,2022-09-22,Singapore,LSMGO,874.94
6738,2022-09-22,Singapore,IFO380,494.18
6739,2022-09-22,Fujairah,VLSFO,660.77
6740,2022-09-22,Fujairah,LSMGO,855.75
6741,2022-09-22,Fujairah,IFO380,480.74
6742,2022-09-22,Rotterdam,VLSFO,648.8
6743,2022-09-22,Rotterdam,LSMGO,801.13
6744,2022-09-22,Rotterdam,IFO380,463.54
6745,2022-09-22,Visakhapatnam,VLSFO,724.34
6746,2022-09-22,Visakhapatnam,LSMGO,1001.78
6747,2022-09-22,Visakhapatnam,IFO380,517.49
6748,2022-09-22,Houston,VLSFO,631.8
6749,2022-09-22,Houston,LSMGO,774.25
6750,2022-09-22,Houston,IFO380,449.27
6751,2022-09-23,Singapore,VLSFO,684.03
6752,2022-09-23,Singapore,LSMGO,879.61
6753,2022-09-23,Singapore,IFO380,493.37
6754,2022-09-23,Fujairah,VLSFO,663.71
6755,2022-09-23,Fujairah,LSMGO,861.45
6756,2022-09-23,Fujairah,IFO380,482.63
6757,2022-09-23,Rotterdam,VLSFO,643.81
6758,2022-09-23,Rotterdam,LSMGO,816.01
6759,2022-09-23,Rotterdam,IFO380,466.16
6760,2022-09-23,Visakhapatnam,VLSFO,726.5
6761,2022-09-23,Visakhapatnam,LSMGO,990.95
6762,2022-09-23,Visakhapatnam,IFO380,527.72
6763,2022-09-23,Houston,VLSFO,624.97
6764,2022-09-23,Houston,LSMGO,768.02
6765,2022-09-23,Houston,IFO380,455.97
6766,2022-09-26,Singapore,VLSFO,682.28
6767,2022-09-26,Singapore,LSMGO,865.96
6768,2022-09-26,Singapore,IFO380,494.86
6769,2022-09-26,Fujairah,VLSFO,673.19
6770,2022-09-26,Fujairah,LSMGO,886.09
6771,2022-09-26,Fujairah,IFO380,484.52
6772,2022-09-26,Rotterdam,VLSFO,635.22
6773,2022-09-26,Rotterdam,LSMGO,798.06
6774,2022-09-26,Rotterdam,IFO380,458.2
6775,2022-09-26,Visakhapatnam,VLSFO,729.13
6776,2022-09-26,Visakhapatnam,LSMGO,1014.75
6777,2022-09-26,Visakhapatnam,IFO380,520.96
6778,2022-09-26,Houston,VLSFO,640.81
6779,2022-09-26,Houston,LSMGO,787.31
6780,2022-09-26,Houston,IFO380,462.47
6781,2022-09-27,Singapore,VLSFO,680.9
6782,2022-09-27,Singapore,LSMGO,860.26
6783,2022-09-27,Singapore,IFO380,494.08
6784,2022-09-27,Fujairah,VLSFO,668.98
6785,2022-09-27,Fujairah,LSMGO,874.32
6786,2022-09-27,Fujairah,IFO380,480.42
6787,2022-09-27,Rotterdam,VLSFO,657.87
6788,2022-09-27,Rotterdam,LSMGO,828.32
6789,2022-09-27,Rotterdam,IFO380,479.6
6790,2022-09-27,Visakhapatnam,VLSFO,726.85
6791,2022-09-27,Visakhapatnam,LSMGO,998.7
6792,2022-09-27,Visakhapatnam,IFO380,523.72
6793,2022-09-27,Houston,VLSFO,642.48
6794,2022-09-27,Houston,LSMGO,800.86
6795,2022-09-27,Houston,IFO380,462.47
6796,2022-09-28,Singapore,VLSFO,681.31
6797,2022-09-28,Singapore,LSMGO,871.26
6798,2022-09-28,Singapore,IFO380,489.35
6799,2022-09-28,Fujairah,VLSFO,671.13
6800,2022-09-28,Fujairah,LSMGO,872.31
6801,2022-09-28,Fujairah,IFO380,478.61
6802,2022-09-28,Rotterdam,VLSFO,653.24
6803,2022-09-28,Rotterdam,LSMGO,813.48
6804,2022-09-28,Rotterdam,IFO380,473.88
6805,2022-09-28,Visakhapatnam,VLSFO,735.03
6806,2022-09-28,Visakhapatnam,LSMGO,1004.35
6807,2022-09-28,Visakhapatnam,IFO380,532.87
6808,2022-09-28,Houston,VLSFO,644.3
6809,2022-09-28,Houston,LSMGO,792.55
6810,2022-09-28,Houston,IFO380,465.89
6811,2022-09-29,Singapore,VLSFO,697.99
6812,2022-09-29,Singapore,LSMGO,895.14
6813,2022-09-29,Singapore,IFO380,501.46
6814,2022-09-29,Fujairah,VLSFO,667.67
6815,2022-09-29,Fujairah,LSMGO,875.55
6816,2022-09-29,Fujairah,IFO380,476.15
6817,2022-09-29,Rotterdam,VLSFO,656.62
6818,2022-09-29,Rotterdam,LSMGO,831.01
6819,2022-09-29,Rotterdam,IFO380,475.67
6820,2022-09-29,Visakhapatnam,VLSFO,732.4
6821,2022-09-29,Visakhapatnam,LSMGO,1023.53
6822,2022-09-29,Visakhapatnam,IFO380,531.75
6823,2022-09-29,Houston,VLSFO,639.57
6824,2022-09-29,Houston,LSMGO,788.01
6825,2022-09-29,Houston,IFO380,457.2
6826,2022-09-30,Singapore,VLSFO,703.52
6827,2022-09-30,Singapore,LSMGO,895.31
6828,2022-09-30,Singapore,IFO380,511.74
6829,2022-09-30,Fujairah,VLSFO,677.0
6830,2022-09-30,Fujairah,LSMGO,881.31
6831,2022-09-30,Fujairah,IFO380,491.82
6832,2022-09-30,Rotterdam,VLSFO,657.23
6833,2022-09-30,Rotterdam,LSMGO,819.34
6834,2022-09-30,Rotterdam,IFO380,468.79
6835,2022-09-30,Visakhapatnam,VLSFO,736.91
6836,2022-09-30,Visakhapatnam,LSMGO,1027.86
6837,2022-09-30,Visakhapatnam,IFO380,525.71
6838,2022-09-30,Houston,VLSFO,645.52
6839,2022-09-30,Houston,LSMGO,787.41
6840,2022-09-30,Houston,IFO380,465.79
6841,2022-10-03,Singapore,VLSFO,691.95
6842,2022-10-03,Singapore,LSMGO,879.08
6843,2022-10-03,Singapore,IFO380,506.04
6844,2022-10-03,Fujairah,VLSFO,683.34
6845,2022-10-03,Fujairah,LSMGO,895.76
6846,2022-10-03,Fujairah,IFO380,490.09
6847,2022-10-03,Rotterdam,VLSFO,661.46
6848,2022-10-03,Rotterdam,LSMGO,836.4
6849,2022-10-03,Rotterdam,IFO380,476.26
6850,2022-10-03,Visakhapatnam,VLSFO,736.26
6851,2022-10-03,Visakhapatnam,LSMGO,1012.54
6852,2022-10-03,Visakhapatnam,IFO380,529.2
6853,2022-10-03,Houston,VLSFO,648.78
6854,2022-10-03,Houston,LSMGO,796.1
6855,2022-10-03,Houston,IFO380,469.67
6856,2022-10-04,Singapore,VLSFO,691.24
6857,2022-10-04,Singapore,LSMGO,879.85
6858,2022-10-04,Singapore,IFO380,494.97
6859,2022-10-04,Fujairah,VLSFO,684.17
6860,2022-10-04,Fujairah,LSMGO,887.3
6861,2022-10-04,Fujairah,IFO380,498.71
6862,2022-10-04,Rotterdam,VLSFO,665.53
6863,2022-10-04,Rotterdam,LSMGO,832.7
6864,2022-10-04,Rotterdam,IFO380,477.57
6865,2022-10-04,Visakhapatnam,VLSFO,750.87
6866,2022-10-04,Visakhapatnam,LSMGO,1025.19
6867,2022-10-04,Visakhapatnam,IFO380,539.25
6868,2022-10-04,Houston,VLSFO,655.12
6869,2022-10-04,Houston,LSMGO,797.07
6870,2022-10-04,Houston,IFO380,474.27
6871,2022-10-05,Singapore,VLSFO,698.12
6872,2022-10-05,Singapore,LSMGO,890.86
6873,2022-10-05,Singapore,IFO380,507.1
6874,2022-10-05,Fujairah,VLSFO,688.41
6875,2022-10-05,Fujairah,LSMGO,884.76
6876,2022-10-05,Fujairah,IFO380,488.85
6877,2022-10-05,Rotterdam,VLSFO,659.61
6878,2022-10-05,Rotterdam,LSMGO,830.22
6879,2022-10-05,Rotterdam,IFO380,470.16
6880,2022-10-05,Visakhapatnam,VLSFO,739.42
6881,2022-10-05,Visakhapatnam,LSMGO,1017.18
6882,2022-10-05,Visakhapatnam,IFO380,537.65
6883,2022-10-05,Houston,VLSFO,659.41
6884,2022-10-05,Houston,LSMGO,805.46
6885,2022-10-05,Houston,IFO380,477.91
6886,2022-10-06,Singapore,VLSFO,699.84
6887,2022-10-06,Singapore,LSMGO,898.37
6888,2022-10-06,Singapore,IFO380,496.26
6889,2022-10-06,Fujairah,VLSFO,683.44
6890,2022-10-06,Fujairah,LSMGO,890.44
6891,2022-10-06,Fujairah,IFO380,490.02
6892,2022-10-06,Rotterdam,VLSFO,665.09
6893,2022-10-06,Rotterdam,LSMGO,837.48
6894,2022-10-06,Rotterdam,IFO380,475.36
6895,2022-10-06,Visakhapatnam,VLSFO,741.82
6896,2022-10-06,Visakhapatnam,LSMGO,1029.68
6897,2022-10-06,Visakhapatnam,IFO380,530.7
6898,2022-10-06,Houston,VLSFO,647.61
6899,2022-10-06,Houston,LSMGO,793.42
6900,2022-10-06,Houston,IFO380,463.17
6901,2022-10-07,Singapore,VLSFO,704.94
6902,2022-10-07,Singapore,LSMGO,908.36
6903,2022-10-07,Singapore,IFO380,510.22
6904,2022-10-07,Fujairah,VLSFO,693.67
6905,2022-10-07,Fujairah,LSMGO,886.56
6906,2022-10-07,Fujairah,IFO380,503.71
6907,2022-10-07,Rotterdam,VLSFO,668.71
6908,2022-10-07,Rotterdam,LSMGO,855.71
6909,2022-10-07,Rotterdam,IFO380,477.18
6910,2022-10-07,Visakhapatnam,VLSFO,744.1
6911,2022-10-07,Visakhapatnam,LSMGO,1033.8
6912,2022-10-07,Visakhapatnam,IFO380,537.61
6913,2022-10-07,Houston,VLSFO,658.21
6914,2022-10-07,Houston,LSMGO,803.4
6915,2022-10-07,Houston,IFO380,471.29
6916,2022-10-10,Singapore,VLSFO,706.48
6917,2022-10-10,Singapore,LSMGO,900.16
6918,2022-10-10,Singapore,IFO380,508.43
6919,2022-10-10,Fujairah,VLSFO,701.11
6920,2022-10-10,Fujairah,LSMGO,899.44
6921,2022-10-10,Fujairah,IFO380,512.15
6922,2022-10-10,Rotterdam,VLSFO,681.4
6923,2022-10-10,Rotterdam,LSMGO,858.74
6924,2022-10-10,Rotterdam,IFO380,481.94
6925,2022-10-10,Visakhapatnam,VLSFO,747.38
6926,2022-10-10,Visakhapatnam,LSMGO,1025.15
6927,2022-10-10,Visakhapatnam,IFO380,537.52
6928,2022-10-10,Houston,VLSFO,669.81
6929,2022-10-10,Houston,LSMGO,822.76
6930,2022-10-10,Houston,IFO380,488.46
6931,2022-10-11,Singapore,VLSFO,721.06
6932,2022-10-11,Singapore,LSMGO,919.48
6933,2022-10-11,Singapore,IFO380,516.15
6934,2022-10-11,Fujairah,VLSFO,692.18
6935,2022-10-11,Fujairah,LSMGO,913.73
6936,2022-10-11,Fujairah,IFO380,505.95
6937,2022-10-11,Rotterdam,VLSFO,682.72
6938,2022-10-11,Rotterdam,LSMGO,857.57
6939,2022-10-11,Rotterdam,IFO380,488.96
6940,2022-10-11,Visakhapatnam,VLSFO,750.11
6941,2022-10-11,Visakhapatnam,LSMGO,1019.76
6942,2022-10-11,Visakhapatnam,IFO380,541.16
6943,2022-10-11,Houston,VLSFO,662.84
6944,2022-10-11,Houston,LSMGO,814.16
6945,2022-10-11,Houston,IFO380,477.07
6946,2022-10-12,Singapore,VLSFO,711.15
6947,2022-10-12,Singapore,LSMGO,905.17
6948,2022-10-12,Singapore,IFO380,506.58
6949,2022-10-12,Fujairah,VLSFO,704.84
6950,2022-10-12,Fujairah,LSMGO,921.13
6951,2022-10-12,Fujairah,IFO380,503.59
6952,2022-10-12,Rotterdam,VLSFO,677.77
6953,2022-10-12,Rotterdam,LSMGO,840.48
6954,2022-10-12,Rotterdam,IFO380,494.44
6955,2022-10-12,Visakhapatnam,VLSFO,754.28
6956,2022-10-12,Visakhapatnam,LSMGO,1045.35
6957,2022-10-12,Visakhapatnam,IFO380,543.08
6958,2022-10-12,Houston,VLSFO,668.39
6959,2022-10-12,Houston,LSMGO,824.44
6960,2022-10-12,Houston,IFO380,483.65
6961,2022-10-13,Singapore,VLSFO,715.02
6962,2022-10-13,Singapore,LSMGO,911.79
6963,2022-10-13,Singapore,IFO380,516.69
6964,2022-10-13,Fujairah,VLSFO,705.69
6965,2022-10-13,Fujairah,LSMGO,928.38
6966,2022-10-13,Fujairah,IFO380,509.22
6967,2022-10-13,Rotterdam,VLSFO,671.33
6968,2022-10-13,Rotterdam,LSMGO,835.92
6969,2022-10-13,Rotterdam,IFO380,489.85
6970,2022-10-13,Visakhapatnam,VLSFO,751.62
6971,2022-10-13,Visakhapatnam,LSMGO,1051.72
6972,2022-10-13,Visakhapatnam,IFO380,534.04
6973,2022-10-13,Houston,VLSFO,663.49
6974,2022-10-13,Houston,LSMGO,814.16
6975,2022-10-13,Houston,IFO380,474.83
6976,2022-10-14,Singapore,VLSFO,721.65
6977,2022-10-14,Singapore,LSMGO,932.32
6978,2022-10-14,Singapore,IFO380,520.73
6979,2022-10-14,Fujairah,VLSFO,702.51
6980,2022-10-14,Fujairah,LSMGO,911.54
6981,2022-10-14,Fujairah,IFO380,504.42
6982,2022-10-14,Rotterdam,VLSFO,690.71
6983,2022-10-14,Rotterdam,LSMGO,855.58
6984,2022-10-14,Rotterdam,IFO380,502.77
6985,2022-10-14,Visakhapatnam,VLSFO,757.29
6986,2022-10-14,Visakhapatnam,LSMGO,1030.49
6987,2022-10-14,Visakhapatnam,IFO380,548.45
6988,2022-10-14,Houston,VLSFO,664.46
6989,2022-10-14,Houston,LSMGO,819.48
6990,2022-10-14,Houston,IFO380,478.48
6991,2022-10-17,Singapore,VLSFO,721.54
6992,2022-10-17,Singapore,LSMGO,914.13
6993,2022-10-17,Singapore,IFO380,516.14
6994,2022-10-17,Fujairah,VLSFO,705.4
6995,2022-10-17,Fujairah,LSMGO,911.37
6996,2022-10-17,Fujairah,IFO380,505.89
6997,2022-10-17,Rotterdam,VLSFO,686.09
6998,2022-10-17,Rotterdam,LSMGO,862.43
6999,2022-10-17,Rotterdam,IFO380,494.62
7000,2022-10-17,Visakhapatnam,VLSFO,761.71
7001,2022-10-17,Visakhapatnam,LSMGO,1060.63
7002,2022-10-17,Visakhapatnam,IFO380,552.12
7003,2022-10-17,Houston,VLSFO,680.78
7004,2022-10-17,Houston,LSMGO,838.0
7005,2022-10-17,Houston,IFO380,492.48
7006,2022-10-18,Singapore,VLSFO,723.46
7007,2022-10-18,Singapore,LSMGO,940.0
7008,2022-10-18,Singapore,IFO380,523.58
7009,2022-10-18,Fujairah,VLSFO,700.41
7010,2022-10-18,Fujairah,LSMGO,921.74
7011,2022-10-18,Fujairah,IFO380,501.57
7012,2022-10-18,Rotterdam,VLSFO,693.63
7013,2022-10-18,Rotterdam,LSMGO,870.2
7014,2022-10-18,Rotterdam,IFO380,493.29
7015,2022-10-18,Visakhapatnam,VLSFO,770.8
7016,2022-10-18,Visakhapatnam,LSMGO,1061.05
7017,2022-10-18,Visakhapatnam,IFO380,545.0
7018,2022-10-18,Houston,VLSFO,670.77
7019,2022-10-18,Houston,LSMGO,823.62
7020,2022-10-18,Houston,IFO380,487.74
7021,2022-10-19,Singapore,VLSFO,723.6
7022,2022-10-19,Singapore,LSMGO,924.78
7023,2022-10-19,Singapore,IFO380,516.16
7024,2022-10-19,Fujairah,VLSFO,714.06
7025,2022-10-19,Fujairah,LSMGO,930.98
7026,2022-10-19,Fujairah,IFO380,515.6
7027,2022-10-19,Rotterdam,VLSFO,689.75
7028,2022-10-19,Rotterdam,LSMGO,862.49
7029,2022-10-19,Rotterdam,IFO380,497.42
7030,2022-10-19,Visakhapatnam,VLSFO,773.3
7031,2022-10-19,Visakhapatnam,LSMGO,1071.98
7032,2022-10-19,Visakhapatnam,IFO380,561.16
7033,2022-10-19,Houston,VLSFO,678.49
7034,2022-10-19,Houston,LSMGO,829.95
7035,2022-10-19,Houston,IFO380,485.81
7036,2022-10-20,Singapore,VLSFO,728.72
7037,2022-10-20,Singapore,LSMGO,926.95
7038,2022-10-20,Singapore,IFO380,523.91
7039,2022-10-20,Fujairah,VLSFO,705.38
7040,2022-10-20,Fujairah,LSMGO,915.71
7041,2022-10-20,Fujairah,IFO380,508.6
7042,2022-10-20,Rotterdam,VLSFO,693.86
7043,2022-10-20,Rotterdam,LSMGO,869.17
7044,2022-10-20,Rotterdam,IFO380,498.71
7045,2022-10-20,Visakhapatnam,VLSFO,780.05
7046,2022-10-20,Visakhapatnam,LSMGO,1077.13
7047,2022-10-20,Visakhapatnam,IFO380,555.83
7048,2022-10-20,Houston,VLSFO,671.57
7049,2022-10-20,Houston,LSMGO,826.83
7050,2022-10-20,Houston,IFO380,486.13
7051,2022-10-21,Singapore,VLSFO,734.19
7052,2022-10-21,Singapore,LSMGO,940.64
7053,2022-10-21,Singapore,IFO380,534.65
7054,2022-10-21,Fujairah,VLSFO,717.14
7055,2022-10-21,Fujairah,LSMGO,933.67
7056,2022-10-21,Fujairah,IFO380,517.59
7057,2022-10-21,Rotterdam,VLSFO,700.0
7058,2022-10-21,Rotterdam,LSMGO,875.64
7059,2022-10-21,Rotterdam,IFO380,495.28
7060,2022-10-21,Visakhapatnam,VLSFO,774.22
7061,2022-10-21,Visakhapatnam,LSMGO,1055.5
7062,2022-10-21,Visakhapatnam,IFO380,560.15
7063,2022-10-21,Houston,VLSFO,683.75
7064,2022-10-21,Houston,LSMGO,841.91
7065,2022-10-21,Houston,IFO380,493.37
7066,2022-10-24,Singapore,VLSFO,742.87
7067,2022-10-24,Singapore,LSMGO,946.61
7068,2022-10-24,Singapore,IFO380,531.82
7069,2022-10-24,Fujairah,VLSFO,723.89
7070,2022-10-24,Fujairah,LSMGO,945.8
7071,2022-10-24,Fujairah,IFO380,520.91
7072,2022-10-24,Rotterdam,VLSFO,707.94
7073,2022-10-24,Rotterdam,LSMGO,894.31
7074,2022-10-24,Rotterdam,IFO380,507.77
7075,2022-10-24,Visakhapatnam,VLSFO,785.79
7076,2022-10-24,Visakhapatnam,LSMGO,1079.07
7077,2022-10-24,Visakhapatnam,IFO380,565.08
7078,2022-10-24,Houston,VLSFO,697.1
7079,2022-10-24,Houston,LSMGO,843.67
7080,2022-10-24,Houston,IFO380,501.77
7081,2022-10-25,Singapore,VLSFO,746.96
7082,2022-10-25,Singapore,LSMGO,950.4
7083,2022-10-25,Singapore,IFO380,543.01
7084,2022-10-25,Fujairah,VLSFO,728.36
7085,2022-10-25,Fujairah,LSMGO,944.94
7086,2022-10-25,Fujairah,IFO380,523.48
7087,2022-10-25,Rotterdam,VLSFO,702.79
7088,2022-10-25,Rotterdam,LSMGO,887.31
7089,2022-10-25,Rotterdam,IFO380,507.8
7090,2022-10-25,Visakhapatnam,VLSFO,782.96
7091,2022-10-25,Visakhapatnam,LSMGO,1077.47
7092,2022-10-25,Visakhapatnam,IFO380,557.72
7093,2022-10-25,Houston,VLSFO,691.24
7094,2022-10-25,Houston,LSMGO,850.49
7095,2022-10-25,Houston,IFO380,498.08
7096,2022-10-26,Singapore,VLSFO,738.78
7097,2022-10-26,Singapore,LSMGO,941.91
7098,2022-10-26,Singapore,IFO380,527.5
7099,2022-10-26,Fujairah,VLSFO,726.71
7100,2022-10-26,Fujairah,LSMGO,939.1
7101,2022-10-26,Fujairah,IFO380,522.0
7102,2022-10-26,Rotterdam,VLSFO,702.19
7103,2022-10-26,Rotterdam,LSMGO,884.17
7104,2022-10-26,Rotterdam,IFO380,509.74
7105,2022-10-26,Visakhapatnam,VLSFO,788.67
7106,2022-10-26,Visakhapatnam,LSMGO,1089.03
7107,2022-10-26,Visakhapatnam,IFO380,568.34
7108,2022-10-26,Houston,VLSFO,689.87
7109,2022-10-26,Houston,LSMGO,844.32
7110,2022-10-26,Houston,IFO380,505.63
7111,2022-10-27,Singapore,VLSFO,740.08
7112,2022-10-27,Singapore,LSMGO,933.94
7113,2022-10-27,Singapore,IFO380,532.43
7114,2022-10-27,Fujairah,VLSFO,727.4
7115,2022-10-27,Fujairah,LSMGO,943.35
7116,2022-10-27,Fujairah,IFO380,521.49
7117,2022-10-27,Rotterdam,VLSFO,705.09
7118,2022-10-27,Rotterdam,LSMGO,886.52
7119,2022-10-27,Rotterdam,IFO380,508.25
7120,2022-10-27,Visakhapatnam,VLSFO,787.38
7121,2022-10-27,Visakhapatnam,LSMGO,1092.31
7122,2022-10-27,Visakhapatnam,IFO380,563.93
7123,2022-10-27,Houston,VLSFO,694.89
7124,2022-10-27,Houston,LSMGO,851.66
7125,2022-10-27,Houston,IFO380,501.95
7126,2022-10-28,Singapore,VLSFO,761.49
7127,2022-10-28,Singapore,LSMGO,966.31
7128,2022-10-28,Singapore,IFO380,549.61
7129,2022-10-28,Fujairah,VLSFO,730.48
7130,2022-10-28,Fujairah,LSMGO,952.11
7131,2022-10-28,Fujairah,IFO380,523.0
7132,2022-10-28,Rotterdam,VLSFO,704.46
7133,2022-10-28,Rotterdam,LSMGO,873.41
7134,2022-10-28,Rotterdam,IFO380,505.17
7135,2022-10-28,Visakhapatnam,VLSFO,789.46
7136,2022-10-28,Visakhapatnam,LSMGO,1084.91
7137,2022-10-28,Visakhapatnam,IFO380,559.25
7138,2022-10-28,Houston,VLSFO,698.06
7139,2022-10-28,Houston,LSMGO,858.89
7140,2022-10-28,Houston,IFO380,508.12
7141,2022-10-31,Singapore,VLSFO,762.33
7142,2022-10-31,Singapore,LSMGO,972.64
7143,2022-10-31,Singapore,IFO380,549.42
7144,2022-10-31,Fujairah,VLSFO,751.92
7145,2022-10-31,Fujairah,LSMGO,973.39
7146,2022-10-31,Fujairah,IFO380,536.72
7147,2022-10-31,Rotterdam,VLSFO,720.82
7148,2022-10-31,Rotterdam,LSMGO,916.97
7149,2022-10-31,Rotterdam,IFO380,524.03
7150,2022-10-31,Visakhapatnam,VLSFO,800.14
7151,2022-10-31,Visakhapatnam,LSMGO,1105.98
7152,2022-10-31,Visakhapatnam,IFO380,580.12
7153,2022-10-31,Houston,VLSFO,697.8
7154,2022-10-31,Houston,LSMGO,863.85
7155,2022-10-31,Houston,IFO380,505.25
7156,2022-11-01,Singapore,VLSFO,757.24
7157,2022-11-01,Singapore,LSMGO,968.12
7158,2022-11-01,Singapore,IFO380,541.31
7159,2022-11-01,Fujairah,VLSFO,748.0
7160,2022-11-01,Fujairah,LSMGO,973.6
7161,2022-11-01,Fujairah,IFO380,541.24
7162,2022-11-01,Rotterdam,VLSFO,718.72
7163,2022-11-01,Rotterdam,LSMGO,896.62
7164,2022-11-01,Rotterdam,IFO380,515.4
7165,2022-11-01,Visakhapatnam,VLSFO,789.74
7166,2022-11-01,Visakhapatnam,LSMGO,1089.15
7167,2022-11-01,Visakhapatnam,IFO380,564.56
7168,2022-11-01,Houston,VLSFO,706.16
7169,2022-11-01,Houston,LSMGO,866.2
7170,2022-11-01,Houston,IFO380,501.16
7171,2022-11-02,Singapore,VLSFO,770.26
7172,2022-11-02,Singapore,LSMGO,993.24
7173,2022-11-02,Singapore,IFO380,556.5
7174,2022-11-02,Fujairah,VLSFO,746.06
7175,2022-11-02,Fujairah,LSMGO,976.28
7176,2022-11-02,Fujairah,IFO380,536.87
7177,2022-11-02,Rotterdam,VLSFO,719.85
7178,2022-11-02,Rotterdam,LSMGO,911.9
7179,2022-11-02,Rotterdam,IFO380,518.4
7180,2022-11-02,Visakhapatnam,VLSFO,799.93
7181,2022-11-02,Visakhapatnam,LSMGO,1115.53
7182,2022-11-02,Visakhapatnam,IFO380,576.38
7183,2022-11-02,Houston,VLSFO,715.33
7184,2022-11-02,Houston,LSMGO,882.09
7185,2022-11-02,Houston,IFO380,517.89
7186,2022-11-03,Singapore,VLSFO,761.9
7187,2022-11-03,Singapore,LSMGO,975.26
7188,2022-11-03,Singapore,IFO380,553.92
7189,2022-11-03,Fujairah,VLSFO,751.68
7190,2022-11-03,Fujairah,LSMGO,969.08
7191,2022-11-03,Fujairah,IFO380,539.39
7192,2022-11-03,Rotterdam,VLSFO,715.4
7193,2022-11-03,Rotterdam,LSMGO,907.97
7194,2022-11-03,Rotterdam,IFO380,519.79
7195,2022-11-03,Visakhapatnam,VLSFO,803.79
7196,2022-11-03,Visakhapatnam,LSMGO,1112.82
7197,2022-11-03,Visakhapatnam,IFO380,576.27
7198,2022-11-03,Houston,VLSFO,713.8
7199,2022-11-03,Houston,LSMGO,878.75
7200,2022-11-03,Houston,IFO380,513.43
7201,2022-11-04,Singapore,VLSFO,760.29
7202,2022-11-04,Singapore,LSMGO,981.76
7203,2022-11-04,Singapore,IFO380,545.09
7204,2022-11-04,Fujairah,VLSFO,753.78
7205,2022-11-04,Fujairah,LSMGO,984.3
7206,2022-11-04,Fujairah,IFO380,545.97
7207,2022-11-04,Rotterdam,VLSFO,730.9
7208,2022-11-04,Rotterdam,LSMGO,915.91
7209,2022-11-04,Rotterdam,IFO380,531.58
7210,2022-11-04,Visakhapatnam,VLSFO,817.46
7211,2022-11-04,Visakhapatnam,LSMGO,1128.89
7212,2022-11-04,Visakhapatnam,IFO380,593.91
7213,2022-11-04,Houston,VLSFO,714.3
7214,2022-11-04,Houston,LSMGO,871.34
7215,2022-11-04,Houston,IFO380,511.58
7216,2022-11-07,Singapore,VLSFO,766.87
7217,2022-11-07,Singapore,LSMGO,982.96
7218,2022-11-07,Singapore,IFO380,556.13
7219,2022-11-07,Fujairah,VLSFO,756.09
7220,2022-11-07,Fujairah,LSMGO,981.62
7221,2022-11-07,Fujairah,IFO380,548.42
7222,2022-11-07,Rotterdam,VLSFO,738.24
7223,2022-11-07,Rotterdam,LSMGO,919.32
7224,2022-11-07,Rotterdam,IFO380,534.18
7225,2022-11-07,Visakhapatnam,VLSFO,829.49
7226,2022-11-07,Visakhapatnam,LSMGO,1150.16
7227,2022-11-07,Visakhapatnam,IFO380,603.52
7228,2022-11-07,Houston,VLSFO,714.1
7229,2022-11-07,Houston,LSMGO,874.59
7230,2022-11-07,Houston,IFO380,514.02
7231,2022-11-08,Singapore,VLSFO,771.18
7232,2022-11-08,Singapore,LSMGO,983.45
7233,2022-11-08,Singapore,IFO380,554.18
7234,2022-11-08,Fujairah,VLSFO,760.72
7235,2022-11-08,Fujairah,LSMGO,1004.91
7236,2022-11-08,Fujairah,IFO380,549.38
7237,2022-11-08,Rotterdam,VLSFO,740.22
7238,2022-11-08,Rotterdam,LSMGO,932.01
7239,2022-11-08,Rotterdam,IFO380,531.66
7240,2022-11-08,Visakhapatnam,VLSFO,823.82
7241,2022-11-08,Visakhapatnam,LSMGO,1121.43
7242,2022-11-08,Visakhapatnam,IFO380,595.99
7243,2022-11-08,Houston,VLSFO,716.26
7244,2022-11-08,Houston,LSMGO,883.1
7245,2022-11-08,Houston,IFO380,508.94
7246,2022-11-09,Singapore,VLSFO,784.65
7247,2022-11-09,Singapore,LSMGO,1008.03
7248,2022-11-09,Singapore,IFO380,566.05
7249,2022-11-09,Fujairah,VLSFO,758.07
7250,2022-11-09,Fujairah,LSMGO,991.51
7251,2022-11-09,Fujairah,IFO380,543.12
7252,2022-11-09,Rotterdam,VLSFO,733.69
7253,2022-11-09,Rotterdam,LSMGO,911.76
7254,2022-11-09,Rotterdam,IFO380,528.14
7255,2022-11-09,Visakhapatnam,VLSFO,826.01
7256,2022-11-09,Visakhapatnam,LSMGO,1144.06
7257,2022-11-09,Visakhapatnam,IFO380,596.55
7258,2022-11-09,Houston,VLSFO,723.54
7259,2022-11-09,Houston,LSMGO,882.92
7260,2022-11-09,Houston,IFO380,522.14
7261,2022-11-10,Singapore,VLSFO,782.66
7262,2022-11-10,Singapore,LSMGO,1006.53
7263,2022-11-10,Singapore,IFO380,557.94
7264,2022-11-10,Fujairah,VLSFO,757.11
7265,2022-11-10,Fujairah,LSMGO,973.77
7266,2022-11-10,Fujairah,IFO380,536.94
7267,2022-11-10,Rotterdam,VLSFO,740.55
7268,2022-11-10,Rotterdam,LSMGO,941.1
7269,2022-11-10,Rotterdam,IFO380,529.67
7270,2022-11-10,Visakhapatnam,VLSFO,813.65
7271,2022-11-10,Visakhapatnam,LSMGO,1107.97
7272,2022-11-10,Visakhapatnam,IFO380,582.7
7273,2022-11-10,Houston,VLSFO,728.82
7274,2022-11-10,Houston,LSMGO,899.77
7275,2022-11-10,Houston,IFO380,528.28
7276,2022-11-11,Singapore,VLSFO,774.99
7277,2022-11-11,Singapore,LSMGO,991.88
7278,2022-11-11,Singapore,IFO380,566.1
7279,2022-11-11,Fujairah,VLSFO,768.3
7280,2022-11-11,Fujairah,LSMGO,1000.27
7281,2022-11-11,Fujairah,IFO380,552.59
7282,2022-11-11,Rotterdam,VLSFO,751.81
7283,2022-11-11,Rotterdam,LSMGO,941.68
7284,2022-11-11,Rotterdam,IFO380,542.51
7285,2022-11-11,Visakhapatnam,VLSFO,826.53
7286,2022-11-11,Visakhapatnam,LSMGO,1135.73
7287,2022-11-11,Visakhapatnam,IFO380,598.64
7288,2022-11-11,Houston,VLSFO,724.91
7289,2022-11-11,Houston,LSMGO,892.92
7290,2022-11-11,Houston,IFO380,518.21
7291,2022-11-14,Singapore,VLSFO,792.2
7292,2022-11-14,Singapore,LSMGO,1011.58
7293,2022-11-14,Singapore,IFO380,566.9
7294,2022-11-14,Fujairah,VLSFO,766.18
7295,2022-11-14,Fujairah,LSMGO,998.24
7296,2022-11-14,Fujairah,IFO380,550.48
7297,2022-11-14,Rotterdam,VLSFO,757.13
7298,2022-11-14,Rotterdam,LSMGO,955.89
7299,2022-11-14,Rotterdam,IFO380,543.18
7300,2022-11-14,Visakhapatnam,VLSFO,837.07
7301,2022-11-14,Visakhapatnam,LSMGO,1156.22
7302,2022-11-14,Visakhapatnam,IFO380,598.47
7303,2022-11-14,Houston,VLSFO,734.74
7304,2022-11-14,Houston,LSMGO,912.08
7305,2022-11-14,Houston,IFO380,534.58
7306,2022-11-15,Singapore,VLSFO,791.19
7307,2022-11-15,Singapore,LSMGO,1001.02
7308,2022-11-15,Singapore,IFO380,572.96
7309,2022-11-15,Fujairah,VLSFO,767.64
7310,2022-11-15,Fujairah,LSMGO,1000.12
7311,2022-11-15,Fujairah,IFO380,552.48
7312,2022-11-15,Rotterdam,VLSFO,747.52
7313,2022-11-15,Rotterdam,LSMGO,933.32
7314,2022-11-15,Rotterdam,IFO380,545.95
7315,2022-11-15,Visakhapatnam,VLSFO,841.55
7316,2022-11-15,Visakhapatnam,LSMGO,1171.64
7317,2022-11-15,Visakhapatnam,IFO380,602.47
7318,2022-11-15,Houston,VLSFO,732.83
7319,2022-11-15,Houston,LSMGO,907.62
7320,2022-11-15,Houston,IFO380,528.02
7321,2022-11-16,Singapore,VLSFO,785.74
7322,2022-11-16,Singapore,LSMGO,1000.65
7323,2022-11-16,Singapore,IFO380,556.65
7324,2022-11-16,Fujairah,VLSFO,783.3
7325,2022-11-16,Fujairah,LSMGO,1028.99
7326,2022-11-16,Fujairah,IFO380,560.91
7327,2022-11-16,Rotterdam,VLSFO,761.58
7328,2022-11-16,Rotterdam,LSMGO,951.41
7329,2022-11-16,Rotterdam,IFO380,546.87
7330,2022-11-16,Visakhapatnam,VLSFO,841.51
7331,2022-11-16,Visakhapatnam,LSMGO,1171.33
7332,2022-11-16,Visakhapatnam,IFO380,606.49
7333,2022-11-16,Houston,VLSFO,741.7
7334,2022-11-16,Houston,LSMGO,911.19
7335,2022-11-16,Houston,IFO380,530.73
7336,2022-11-17,Singapore,VLSFO,792.82
7337,2022-11-17,Singapore,LSMGO,1004.73
7338,2022-11-17,Singapore,IFO380,565.39
7339,2022-11-17,Fujairah,VLSFO,775.18
7340,2022-11-17,Fujairah,LSMGO,1013.79
7341,2022-11-17,Fujairah,IFO380,561.93
7342,2022-11-17,Rotterdam,VLSFO,759.08
7343,2022-11-17,Rotterdam,LSMGO,956.53
7344,2022-11-17,Rotterdam,IFO380,542.33
7345,2022-11-17,Visakhapatnam,VLSFO,846.86
7346,2022-11-17,Visakhapatnam,LSMGO,1171.99
7347,2022-11-17,Visakhapatnam,IFO380,607.87
7348,2022-11-17,Houston,VLSFO,746.17
7349,2022-11-17,Houston,LSMGO,926.62
7350,2022-11-17,Houston,IFO380,537.3
7351,2022-11-18,Singapore,VLSFO,802.92
7352,2022-11-18,Singapore,LSMGO,1022.89
7353,2022-11-18,Singapore,IFO380,580.15
7354,2022-11-18,Fujairah,VLSFO,783.84
7355,2022-11-18,Fujairah,LSMGO,1022.33
7356,2022-11-18,Fujairah,IFO380,569.61
7357,2022-11-18,Rotterdam,VLSFO,757.4
7358,2022-11-18,Rotterdam,LSMGO,946.24
7359,2022-11-18,Rotterdam,IFO380,543.77
7360,2022-11-18,Visakhapatnam,VLSFO,852.47
7361,2022-11-18,Visakhapatnam,LSMGO,1177.7
7362,2022-11-18,Visakhapatnam,IFO380,606.68
7363,2022-11-18,Houston,VLSFO,744.7
7364,2022-11-18,Houston,LSMGO,910.01
7365,2022-11-18,Houston,IFO380,527.54
7366,2022-11-21,Singapore,VLSFO,801.72
7367,2022-11-21,Singapore,LSMGO,1024.51
7368,2022-11-21,Singapore,IFO380,577.96
7369,2022-11-21,Fujairah,VLSFO,794.35
7370,2022-11-21,Fujairah,LSMGO,1039.09
7371,2022-11-21,Fujairah,IFO380,569.15
7372,2022-11-21,Rotterdam,VLSFO,770.02
7373,2022-11-21,Rotterdam,LSMGO,963.37
7374,2022-11-21,Rotterdam,IFO380,555.11
7375,2022-11-21,Visakhapatnam,VLSFO,850.96
7376,2022-11-21,Visakhapatnam,LSMGO,1177.27
7377,2022-11-21,Visakhapatnam,IFO380,609.8
7378,2022-11-21,Houston,VLSFO,754.48
7379,2022-11-21,Houston,LSMGO,940.31
7380,2022-11-21,Houston,IFO380,539.32
7381,2022-11-22,Singapore,VLSFO,810.12
7382,2022-11-22,Singapore,LSMGO,1031.88
7383,2022-11-22,Singapore,IFO380,575.04
7384,2022-11-22,Fujairah,VLSFO,789.52
7385,2022-11-22,Fujairah,LSMGO,1033.46
7386,2022-11-22,Fujairah,IFO380,564.61
7387,2022-11-22,Rotterdam,VLSFO,767.18
7388,2022-11-22,Rotterdam,LSMGO,972.14
7389,2022-11-22,Rotterdam,IFO380,543.55
7390,2022-11-22,Visakhapatnam,VLSFO,850.27
7391,2022-11-22,Visakhapatnam,LSMGO,1168.74
7392,2022-11-22,Visakhapatnam,IFO380,621.48
7393,2022-11-22,Houston,VLSFO,746.42
7394,2022-11-22,Houston,LSMGO,906.86
7395,2022-11-22,Houston,IFO380,540.87
7396,2022-11-23,Singapore,VLSFO,808.73
7397,2022-11-23,Singapore,LSMGO,1043.04
7398,2022-11-23,Singapore,IFO380,586.25
7399,2022-11-23,Fujairah,VLSFO,800.95
7400,2022-11-23,Fujairah,LSMGO,1060.29
7401,2022-11-23,Fujairah,IFO380,573.05
7402,2022-11-23,Rotterdam,VLSFO,761.79
7403,2022-11-23,Rotterdam,LSMGO,953.63
7404,2022-11-23,Rotterdam,IFO380,549.9
7405,2022-11-23,Visakhapatnam,VLSFO,861.64
7406,2022-11-23,Visakhapatnam,LSMGO,1184.55
7407,2022-11-23,Visakhapatnam,IFO380,622.79
7408,2022-11-23,Houston,VLSFO,751.74
7409,2022-11-23,Houston,LSMGO,922.41
7410,2022-11-23,Houston,IFO380,542.82
7411,2022-11-24,Singapore,VLSFO,810.9
7412,2022-11-24,Singapore,LSMGO,1035.76
7413,2022-11-24,Singapore,IFO380,584.0
7414,2022-11-24,Fujairah,VLSFO,798.13
7415,2022-11-24,Fujairah,LSMGO,1043.98
7416,2022-11-24,Fujairah,IFO380,577.87
7417,2022-11-24,Rotterdam,VLSFO,773.18
7418,2022-11-24,Rotterdam,LSMGO,957.69
7419,2022-11-24,Rotterdam,IFO380,554.47
7420,2022-11-24,Visakhapatnam,VLSFO,861.09
7421,2022-11-24,Visakhapatnam,LSMGO,1195.86
7422,2022-11-24,Visakhapatnam,IFO380,618.37
7423,2022-11-24,Houston,VLSFO,748.92
7424,2022-11-24,Houston,LSMGO,924.35
7425,2022-11-24,Houston,IFO380,534.76
7426,2022-11-25,Singapore,VLSFO,808.5
7427,2022-11-25,Singapore,LSMGO,1031.84
7428,2022-11-25,Singapore,IFO380,581.27
7429,2022-11-25,Fujairah,VLSFO,799.32
7430,2022-11-25,Fujairah,LSMGO,1030.89
7431,2022-11-25,Fujairah,IFO380,574.29
7432,2022-11-25,Rotterdam,VLSFO,780.13
7433,2022-11-25,Rotterdam,LSMGO,980.04
7434,2022-11-25,Rotterdam,IFO380,560.21
7435,2022-11-25,Visakhapatnam,VLSFO,865.6
7436,2022-11-25,Visakhapatnam,LSMGO,1191.19
7437,2022-11-25,Visakhapatnam,IFO380,630.53
7438,2022-11-25,Houston,VLSFO,760.61
7439,2022-11-25,Houston,LSMGO,931.8
7440,2022-11-25,Houston,IFO380,542.58
7441,2022-11-28,Singapore,VLSFO,815.85
7442,2022-11-28,Singapore,LSMGO,1050.48
7443,2022-11-28,Singapore,IFO380,586.41
7444,2022-11-28,Fujairah,VLSFO,810.6
7445,2022-11-28,Fujairah,LSMGO,1066.2
7446,2022-11-28,Fujairah,IFO380,578.04
7447,2022-11-28,Rotterdam,VLSFO,773.25
7448,2022-11-28,Rotterdam,LSMGO,977.75
7449,2022-11-28,Rotterdam,IFO380,559.73
7450,2022-11-28,Visakhapatnam,VLSFO,873.39
7451,2022-11-28,Visakhapatnam,LSMGO,1210.14
7452,2022-11-28,Visakhapatnam,IFO380,625.96
7453,2022-11-28,Houston,VLSFO,765.18
7454,2022-11-28,Houston,LSMGO,936.88
7455,2022-11-28,Houston,IFO380,548.03
7456,2022-11-29,Singapore,VLSFO,820.47
7457,2022-11-29,Singapore,LSMGO,1056.54
7458,2022-11-29,Singapore,IFO380,596.55
7459,2022-11-29,Fujairah,VLSFO,807.03
7460,2022-11-29,Fujairah,LSMGO,1052.31
7461,2022-11-29,Fujairah,IFO380,579.55
7462,2022-11-29,Rotterdam,VLSFO,778.0
7463,2022-11-29,Rotterdam,LSMGO,977.72
7464,2022-11-29,Rotterdam,IFO380,557.97
7465,2022-11-29,Visakhapatnam,VLSFO,878.18
7466,2022-11-29,Visakhapatnam,LSMGO,1223.03
7467,2022-11-29,Visakhapatnam,IFO380,635.09
7468,2022-11-29,Houston,VLSFO,770.68
7469,2022-11-29,Houston,LSMGO,940.65
7470,2022-11-29,Houston,IFO380,560.13
7471,2022-11-30,Singapore,VLSFO,824.1
7472,2022-11-30,Singapore,LSMGO,1051.68
7473,2022-11-30,Singapore,IFO380,593.08
7474,2022-11-30,Fujairah,VLSFO,812.76
7475,2022-11-30,Fujairah,LSMGO,1052.26
7476,2022-11-30,Fujairah,IFO380,579.72
7477,2022-11-30,Rotterdam,VLSFO,786.18
7478,2022-11-30,Rotterdam,LSMGO,994.63
7479,2022-11-30,Rotterdam,IFO380,565.11
7480,2022-11-30,Visakhapatnam,VLSFO,878.73
7481,2022-11-30,Visakhapatnam,LSMGO,1218.42
7482,2022-11-30,Visakhapatnam,IFO380,631.39
7483,2022-11-30,Houston,VLSFO,767.31
7484,2022-11-30,Houston,LSMGO,935.7
7485,2022-11-30,Houston,IFO380,553.72
7486,2022-12-01,Singapore,VLSFO,830.62
7487,2022-12-01,Singapore,LSMGO,1079.2
7488,2022-12-01,Singapore,IFO380,599.8
7489,2022-12-01,Fujairah,VLSFO,812.22
7490,2022-12-01,Fujairah,LSMGO,1056.4
7491,2022-12-01,Fujairah,IFO380,587.39
7492,2022-12-01,Rotterdam,VLSFO,786.74
7493,2022-12-01,Rotterdam,LSMGO,996.6
7494,2022-12-01,Rotterdam,IFO380,565.54
7495,2022-12-01,Visakhapatnam,VLSFO,875.59
7496,2022-12-01,Visakhapatnam,LSMGO,1196.47
7497,2022-12-01,Visakhapatnam,IFO380,624.22
7498,2022-12-01,Houston,VLSFO,770.51
7499,2022-12-01,Houston,LSMGO,935.88
7500,2022-12-01,Houston,IFO380,550.2
7501,2022-12-02,Singapore,VLSFO,826.06
7502,2022-12-02,Singapore,LSMGO,1057.42
7503,2022-12-02,Singapore,IFO380,585.44
7504,2022-12-02,Fujairah,VLSFO,809.92
7505,2022-12-02,Fujairah,LSMGO,1054.23
7506,2022-12-02,Fujairah,IFO380,583.0
7507,2022-12-02,Rotterdam,VLSFO,785.66
7508,2022-12-02,Rotterdam,LSMGO,991.99
7509,2022-12-02,Rotterdam,IFO380,565.09
7510,2022-12-02,Visakhapatnam,VLSFO,880.71
7511,2022-12-02,Visakhapatnam,LSMGO,1222.54
7512,2022-12-02,Visakhapatnam,IFO380,637.98
7513,2022-12-02,Houston,VLSFO,772.39
7514,2022-12-02,Houston,LSMGO,945.72
7515,2022-12-02,Houston,IFO380,555.4
7516,2022-12-05,Singapore,VLSFO,828.0
7517,2022-12-05,Singapore,LSMGO,1058.25
7518,2022-12-05,Singapore,IFO380,594.3
7519,2022-12-05,Fujairah,VLSFO,821.5
7520,2022-12-05,Fujairah,LSMGO,1068.54
7521,2022-12-05,Fujairah,IFO380,591.38
7522,2022-12-05,Rotterdam,VLSFO,789.22
7523,2022-12-05,Rotterdam,LSMGO,997.32
7524,2022-12-05,Rotterdam,IFO380,564.47
7525,2022-12-05,Visakhapatnam,VLSFO,889.46
7526,2022-12-05,Visakhapatnam,LSMGO,1242.92
7527,2022-12-05,Visakhapatnam,IFO380,638.92
7528,2022-12-05,Houston,VLSFO,788.2
7529,2022-12-05,Houston,LSMGO,967.49
7530,2022-12-05,Houston,IFO380,561.99
7531,2022-12-06,Singapore,VLSFO,845.83
7532,2022-12-06,Singapore,LSMGO,1080.3
7533,2022-12-06,Singapore,IFO380,609.57
7534,2022-12-06,Fujairah,VLSFO,821.99
7535,2022-12-06,Fujairah,LSMGO,1057.32
7536,2022-12-06,Fujairah,IFO380,593.56
7537,2022-12-06,Rotterdam,VLSFO,795.55
7538,2022-12-06,Rotterdam,LSMGO,994.33
7539,2022-12-06,Rotterdam,IFO380,568.61
7540,2022-12-06,Visakhapatnam,VLSFO,883.78
7541,2022-12-06,Visakhapatnam,LSMGO,1228.69
7542,2022-12-06,Visakhapatnam,IFO380,634.83
7543,2022-12-06,Houston,VLSFO,777.76
7544,2022-12-06,Houston,LSMGO,954.14
7545,2022-12-06,Houston,IFO380,564.2
7546,2022-12-07,Singapore,VLSFO,838.12
7547,2022-12-07,Singapore,LSMGO,1080.63
7548,2022-12-07,Singapore,IFO380,597.82
7549,2022-12-07,Fujairah,VLSFO,831.89
7550,2022-12-07,Fujairah,LSMGO,1082.03
7551,2022-12-07,Fujairah,IFO380,602.36
7552,2022-12-07,Rotterdam,VLSFO,787.97
7553,2022-12-07,Rotterdam,LSMGO,997.85
7554,2022-12-07,Rotterdam,IFO380,571.69
7555,2022-12-07,Visakhapatnam,VLSFO,883.03
7556,2022-12-07,Visakhapatnam,LSMGO,1222.3
7557,2022-12-07,Visakhapatnam,IFO380,629.25
7558,2022-12-07,Houston,VLSFO,792.96
7559,2022-12-07,Houston,LSMGO,977.71
7560,2022-12-07,Houston,IFO380,575.1
7561,2022-12-08,Singapore,VLSFO,844.51
7562,2022-12-08,Singapore,LSMGO,1083.66
7563,2022-12-08,Singapore,IFO380,604.91
7564,2022-12-08,Fujairah,VLSFO,825.88
7565,2022-12-08,Fujairah,LSMGO,1094.2
7566,2022-12-08,Fujairah,IFO380,593.61
7567,2022-12-08,Rotterdam,VLSFO,802.55
7568,2022-12-08,Rotterdam,LSMGO,1000.13
7569,2022-12-08,Rotterdam,IFO380,584.23
7570,2022-12-08,Visakhapatnam,VLSFO,888.63
7571,2022-12-08,Visakhapatnam,LSMGO,1233.79
7572,2022-12-08,Visakhapatnam,IFO380,641.72
7573,2022-12-08,Houston,VLSFO,779.51
7574,2022-12-08,Houston,LSMGO,959.19
7575,2022-12-08,Houston,IFO380,560.61
7576,2022-12-09,Singapore,VLSFO,850.08
7577,2022-12-09,Singapore,LSMGO,1089.47
7578,2022-12-09,Singapore,IFO380,610.19
7579,2022-12-09,Fujairah,VLSFO,825.32
7580,2022-12-09,Fujairah,LSMGO,1082.61
7581,2022-12-09,Fujairah,IFO380,596.41
7582,2022-12-09,Rotterdam,VLSFO,793.98
7583,2022-12-09,Rotterdam,LSMGO,999.06
7584,2022-12-09,Rotterdam,IFO380,570.91
7585,2022-12-09,Visakhapatnam,VLSFO,897.39
7586,2022-12-09,Visakhapatnam,LSMGO,1234.41
7587,2022-12-09,Visakhapatnam,IFO380,651.79
7588,2022-12-09,Houston,VLSFO,782.55
7589,2022-12-09,Houston,LSMGO,949.93
7590,2022-12-09,Houston,IFO380,563.52
7591,2022-12-12,Singapore,VLSFO,846.35
7592,2022-12-12,Singapore,LSMGO,1088.0
7593,2022-12-12,Singapore,IFO380,607.33
7594,2022-12-12,Fujairah,VLSFO,835.19
7595,2022-12-12,Fujairah,LSMGO,1093.21
7596,2022-12-12,Fujairah,IFO380,598.38
7597,2022-12-12,Rotterdam,VLSFO,801.5
7598,2022-12-12,Rotterdam,LSMGO,997.63
7599,2022-12-12,Rotterdam,IFO380,576.27
7600,2022-12-12,Visakhapatnam,VLSFO,902.29
7601,2022-12-12,Visakhapatnam,LSMGO,1234.31
7602,2022-12-12,Visakhapatnam,IFO380,649.91
7603,2022-12-12,Houston,VLSFO,790.79
7604,2022-12-12,Houston,LSMGO,973.02
7605,2022-12-12,Houston,IFO380,569.37
7606,2022-12-13,Singapore,VLSFO,845.65
7607,2022-12-13,Singapore,LSMGO,1074.6
7608,2022-12-13,Singapore,IFO380,607.99
7609,2022-12-13,Fujairah,VLSFO,845.06
7610,2022-12-13,Fujairah,LSMGO,1088.11
7611,2022-12-13,Fujairah,IFO380,611.22
7612,2022-12-13,Rotterdam,VLSFO,811.02
7613,2022-12-13,Rotterdam,LSMGO,1011.05
7614,2022-12-13,Rotterdam,IFO380,583.81
7615,2022-12-13,Visakhapatnam,VLSFO,906.16
7616,2022-12-13,Visakhapatnam,LSMGO,1249.31
7617,2022-12-13,Visakhapatnam,IFO380,654.28
7618,2022-12-13,Houston,VLSFO,789.47
7619,2022-12-13,Houston,LSMGO,969.67
7620,2022-12-13,Houston,IFO380,576.03
7621,2022-12-14,Singapore,VLSFO,858.57
7622,2022-12-14,Singapore,LSMGO,1100.27
7623,2022-12-14,Singapore,IFO380,618.27
7624,2022-12-14,Fujairah,VLSFO,839.16
7625,2022-12-14,Fujairah,LSMGO,1101.75
7626,2022-12-14,Fujairah,IFO380,605.28
7627,2022-12-14,Rotterdam,VLSFO,809.8
7628,2022-12-14,Rotterdam,LSMGO,1015.49
7629,2022-12-14,Rotterdam,IFO380,588.71
7630,2022-12-14,Visakhapatnam,VLSFO,910.14
7631,2022-12-14,Visakhapatnam,LSMGO,1248.38
7632,2022-12-14,Visakhapatnam,IFO380,658.36
7633,2022-12-14,Houston,VLSFO,803.63
7634,2022-12-14,Houston,LSMGO,990.97
7635,2022-12-14,Houston,IFO380,577.14
7636,2022-12-15,Singapore,VLSFO,857.79
7637,2022-12-15,Singapore,LSMGO,1100.82
7638,2022-12-15,Singapore,IFO380,618.91
7639,2022-12-15,Fujairah,VLSFO,845.65
7640,2022-12-15,Fujairah,LSMGO,1104.91
7641,2022-12-15,Fujairah,IFO380,604.31
7642,2022-12-15,Rotterdam,VLSFO,812.26
7643,2022-12-15,Rotterdam,LSMGO,1027.29
7644,2022-12-15,Rotterdam,IFO380,582.84
7645,2022-12-15,Visakhapatnam,VLSFO,905.5
7646,2022-12-15,Visakhapatnam,LSMGO,1246.53
7647,2022-12-15,Visakhapatnam,IFO380,657.07
7648,2022-12-15,Houston,VLSFO,791.29
7649,2022-12-15,Houston,LSMGO,962.41
7650,2022-12-15,Houston,IFO380,572.18
7651,2022-12-16,Singapore,VLSFO,848.41
7652,2022-12-16,Singapore,LSMGO,1078.5
7653,2022-12-16,Singapore,IFO380,606.99
7654,2022-12-16,Fujairah,VLSFO,845.86
7655,2022-12-16,Fujairah,LSMGO,1105.91
7656,2022-12-16,Fujairah,IFO380,608.56
7657,2022-12-16,Rotterdam,VLSFO,813.08
7658,2022-12-16,Rotterdam,LSMGO,1022.56
7659,2022-12-16,Rotterdam,IFO380,585.56
7660,2022-12-16,Visakhapatnam,VLSFO,915.64
7661,2022-12-16,Visakhapatnam,LSMGO,1267.41
7662,2022-12-16,Visakhapatnam,IFO380,670.32
7663,2022-12-16,Houston,VLSFO,801.64
7664,2022-12-16,Houston,LSMGO,983.79
7665,2022-12-16,Houston,IFO380,571.33
7666,2022-12-19,Singapore,VLSFO,865.4
7667,2022-12-19,Singapore,LSMGO,1115.39
7668,2022-12-19,Singapore,IFO380,619.24
7669,2022-12-19,Fujairah,VLSFO,852.04
7670,2022-12-19,Fujairah,LSMGO,1117.3
7671,2022-12-19,Fujairah,IFO380,612.52
7672,2022-12-19,Rotterdam,VLSFO,824.18
7673,2022-12-19,Rotterdam,LSMGO,1022.14
7674,2022-12-19,Rotterdam,IFO380,592.43
7675,2022-12-19,Visakhapatnam,VLSFO,912.38
7676,2022-12-19,Visakhapatnam,LSMGO,1268.76
7677,2022-12-19,Visakhapatnam,IFO380,661.53
7678,2022-12-19,Houston,VLSFO,794.27
7679,2022-12-19,Houston,LSMGO,974.73
7680,2022-12-19,Houston,IFO380,569.96
7681,2022-12-20,Singapore,VLSFO,872.59
7682,2022-12-20,Singapore,LSMGO,1121.36
7683,2022-12-20,Singapore,IFO380,632.0
7684,2022-12-20,Fujairah,VLSFO,850.6
7685,2022-12-20,Fujairah,LSMGO,1116.71
7686,2022-12-20,Fujairah,IFO380,611.16
7687,2022-12-20,Rotterdam,VLSFO,829.07
7688,2022-12-20,Rotterdam,LSMGO,1030.71
7689,2022-12-20,Rotterdam,IFO380,593.33
7690,2022-12-20,Visakhapatnam,VLSFO,913.32
7691,2022-12-20,Visakhapatnam,LSMGO,1272.3
7692,2022-12-20,Visakhapatnam,IFO380,657.78
7693,2022-12-20,Houston,VLSFO,801.05
7694,2022-12-20,Houston,LSMGO,991.91
7695,2022-12-20,Houston,IFO380,578.69
7696,2022-12-21,Singapore,VLSFO,869.97
7697,2022-12-21,Singapore,LSMGO,1122.55
7698,2022-12-21,Singapore,IFO380,621.95
7699,2022-12-21,Fujairah,VLSFO,847.02
7700,2022-12-21,Fujairah,LSMGO,1105.54
7701,2022-12-21,Fujairah,IFO380,612.24
7702,2022-12-21,Rotterdam,VLSFO,820.53
7703,2022-12-21,Rotterdam,LSMGO,1026.92
7704,2022-12-21,Rotterdam,IFO380,591.73
7705,2022-12-21,Visakhapatnam,VLSFO,915.86
7706,2022-12-21,Visakhapatnam,LSMGO,1266.56
7707,2022-12-21,Visakhapatnam,IFO380,656.45
7708,2022-12-21,Houston,VLSFO,806.74
7709,2022-12-21,Houston,LSMGO,981.3
7710,2022-12-21,Houston,IFO380,584.94
7711,2022-12-22,Singapore,VLSFO,870.01
7712,2022-12-22,Singapore,LSMGO,1134.19
7713,2022-12-22,Singapore,IFO380,633.64
7714,2022-12-22,Fujairah,VLSFO,845.27
7715,2022-12-22,Fujairah,LSMGO,1105.25
7716,2022-12-22,Fujairah,IFO380,607.92
7717,2022-12-22,Rotterdam,VLSFO,833.39
7718,2022-12-22,Rotterdam,LSMGO,1031.31
7719,2022-12-22,Rotterdam,IFO380,601.43
7720,2022-12-22,Visakhapatnam,VLSFO,927.82
7721,2022-12-22,Visakhapatnam,LSMGO,1272.45
7722,2022-12-22,Visakhapatnam,IFO380,669.25
7723,2022-12-22,Houston,VLSFO,809.34
7724,2022-12-22,Houston,LSMGO,987.72
7725,2022-12-22,Houston,IFO380,585.8
7726,2022-12-23,Singapore,VLSFO,869.67
7727,2022-12-23,Singapore,LSMGO,1100.24
7728,2022-12-23,Singapore,IFO380,627.27
7729,2022-12-23,Fujairah,VLSFO,851.59
7730,2022-12-23,Fujairah,LSMGO,1121.89
7731,2022-12-23,Fujairah,IFO380,608.06
7732,2022-12-23,Rotterdam,VLSFO,837.2
7733,2022-12-23,Rotterdam,LSMGO,1057.74
7734,2022-12-23,Rotterdam,IFO380,595.45
7735,2022-12-23,Visakhapatnam,VLSFO,915.85
7736,2022-12-23,Visakhapatnam,LSMGO,1266.52
7737,2022-12-23,Visakhapatnam,IFO380,659.11
7738,2022-12-23,Houston,VLSFO,807.15
7739,2022-12-23,Houston,LSMGO,988.98
7740,2022-12-23,Houston,IFO380,583.84
7741,2022-12-26,Singapore,VLSFO,869.45
7742,2022-12-26,Singapore,LSMGO,1108.41
7743,2022-12-26,Singapore,IFO380,621.98
7744,2022-12-26,Fujairah,VLSFO,862.86
7745,2022-12-26,Fujairah,LSMGO,1112.83
7746,2022-12-26,Fujairah,IFO380,624.82
7747,2022-12-26,Rotterdam,VLSFO,832.99
7748,2022-12-26,Rotterdam,LSMGO,1053.09
7749,2022-12-26,Rotterdam,IFO380,602.79
7750,2022-12-26,Visakhapatnam,VLSFO,939.35
7751,2022-12-26,Visakhapatnam,LSMGO,1295.56
7752,2022-12-26,Visakhapatnam,IFO380,681.3
7753,2022-12-26,Houston,VLSFO,816.75
7754,2022-12-26,Houston,LSMGO,1004.91
7755,2022-12-26,Houston,IFO380,588.28
7756,2022-12-27,Singapore,VLSFO,871.41
7757,2022-12-27,Singapore,LSMGO,1108.4
7758,2022-12-27,Singapore,IFO380,625.33
7759,2022-12-27,Fujairah,VLSFO,854.36
7760,2022-12-27,Fujairah,LSMGO,1110.56
7761,2022-12-27,Fujairah,IFO380,608.28
7762,2022-12-27,Rotterdam,VLSFO,835.07
7763,2022-12-27,Rotterdam,LSMGO,1051.86
7764,2022-12-27,Rotterdam,IFO380,601.64
7765,2022-12-27,Visakhapatnam,VLSFO,927.9
7766,2022-12-27,Visakhapatnam,LSMGO,1293.39
7767,2022-12-27,Visakhapatnam,IFO380,664.27
7768,2022-12-27,Houston,VLSFO,816.29
7769,2022-12-27,Houston,LSMGO,1007.0
7770,2022-12-27,Houston,IFO380,592.79
7771,2022-12-28,Singapore,VLSFO,881.75
7772,2022-12-28,Singapore,LSMGO,1122.86
7773,2022-12-28,Singapore,IFO380,636.24
7774,2022-12-28,Fujairah,VLSFO,867.98
7775,2022-12-28,Fujairah,LSMGO,1128.02
7776,2022-12-28,Fujairah,IFO380,633.56
7777,2022-12-28,Rotterdam,VLSFO,829.5
7778,2022-12-28,Rotterdam,LSMGO,1036.58
7779,2022-12-28,Rotterdam,IFO380,589.18
7780,2022-12-28,Visakhapatnam,VLSFO,928.03
7781,2022-12-28,Visakhapatnam,LSMGO,1295.14
7782,2022-12-28,Visakhapatnam,IFO380,677.91
7783,2022-12-28,Houston,VLSFO,812.19
7784,2022-12-28,Houston,LSMGO,992.24
7785,2022-12-28,Houston,IFO380,588.8
7786,2022-12-29,Singapore,VLSFO,886.18
7787,2022-12-29,Singapore,LSMGO,1124.13
7788,2022-12-29,Singapore,IFO380,635.62
7789,2022-12-29,Fujairah,VLSFO,863.99
7790,2022-12-29,Fujairah,LSMGO,1133.74
7791,2022-12-29,Fujairah,IFO380,621.31
7792,2022-12-29,Rotterdam,VLSFO,829.49
7793,2022-12-29,Rotterdam,LSMGO,1032.25
7794,2022-12-29,Rotterdam,IFO380,597.84
7795,2022-12-29,Visakhapatnam,VLSFO,938.82
7796,2022-12-29,Visakhapatnam,LSMGO,1293.46
7797,2022-12-29,Visakhapatnam,IFO380,674.02
7798,2022-12-29,Houston,VLSFO,816.16
7799,2022-12-29,Houston,LSMGO,1003.82
7800,2022-12-29,Houston,IFO380,589.76
7801,2022-12-30,Singapore,VLSFO,893.13
7802,2022-12-30,Singapore,LSMGO,1134.45
7803,2022-12-30,Singapore,IFO380,647.8
7804,2022-12-30,Fujairah,VLSFO,862.81
7805,2022-12-30,Fujairah,LSMGO,1129.68
7806,2022-12-30,Fujairah,IFO380,619.5
7807,2022-12-30,Rotterdam,VLSFO,841.53
7808,2022-12-30,Rotterdam,LSMGO,1059.34
7809,2022-12-30,Rotterdam,IFO380,596.59
7810,2022-12-30,Visakhapatnam,VLSFO,930.87
7811,2022-12-30,Visakhapatnam,LSMGO,1271.56
7812,2022-12-30,Visakhapatnam,IFO380,674.38
7813,2022-12-30,Houston,VLSFO,818.78
7814,2022-12-30,Houston,LSMGO,1002.26
7815,2022-12-30,Houston,IFO380,592.68
7816,2023-01-02,Singapore,VLSFO,616.91
7817,2023-01-02,Singapore,LSMGO,785.05
7818,2023-01-02,Singapore,IFO380,439.28
7819,2023-01-02,Fujairah,VLSFO,615.02
7820,2023-01-02,Fujairah,LSMGO,804.03
7821,2023-01-02,Fujairah,IFO380,439.05
7822,2023-01-02,Rotterdam,VLSFO,586.18
7823,2023-01-02,Rotterdam,LSMGO,736.29
7824,2023-01-02,Rotterdam,IFO380,421.78
7825,2023-01-02,Visakhapatnam,VLSFO,664.46
7826,2023-01-02,Visakhapatnam,LSMGO,922.39
7827,2023-01-02,Visakhapatnam,IFO380,470.81
7828,2023-01-02,Houston,VLSFO,579.09
7829,2023-01-02,Houston,LSMGO,699.4
7830,2023-01-02,Houston,IFO380,416.78
7831,2023-01-03,Singapore,VLSFO,624.22
7832,2023-01-03,Singapore,LSMGO,800.38
7833,2023-01-03,Singapore,IFO380,442.54
7834,2023-01-03,Fujairah,VLSFO,610.26
7835,2023-01-03,Fujairah,LSMGO,804.29
7836,2023-01-03,Fujairah,IFO380,446.43
7837,2023-01-03,Rotterdam,VLSFO,590.47
7838,2023-01-03,Rotterdam,LSMGO,749.04
7839,2023-01-03,Rotterdam,IFO380,426.94
7840,2023-01-03,Visakhapatnam,VLSFO,658.37
7841,2023-01-03,Visakhapatnam,LSMGO,908.39
7842,2023-01-03,Visakhapatnam,IFO380,473.14
7843,2023-01-03,Houston,VLSFO,570.25
7844,2023-01-03,Houston,LSMGO,696.79
7845,2023-01-03,Houston,IFO380,405.86
7846,2023-01-04,Singapore,VLSFO,624.4
7847,2023-01-04,Singapore,LSMGO,798.01
7848,2023-01-04,Singapore,IFO380,448.99
7849,2023-01-04,Fujairah,VLSFO,612.46
7850,2023-01-04,Fujairah,LSMGO,810.82
7851,2023-01-04,Fujairah,IFO380,439.0
7852,2023-01-04,Rotterdam,VLSFO,586.74
7853,2023-01-04,Rotterdam,LSMGO,736.02
7854,2023-01-04,Rotterdam,IFO380,419.8
7855,2023-01-04,Visakhapatnam,VLSFO,651.17
7856,2023-01-04,Visakhapatnam,LSMGO,900.84
7857,2023-01-04,Visakhapatnam,IFO380,462.36
7858,2023-01-04,Houston,VLSFO,573.38
7859,2023-01-04,Houston,LSMGO,702.07
7860,2023-01-04,Houston,IFO380,416.53
7861,2023-01-05,Singapore,VLSFO,614.78
7862,2023-01-05,Singapore,LSMGO,784.84
7863,2023-01-05,Singapore,IFO380,446.08
7864,2023-01-05,Fujairah,VLSFO,616.23
7865,2023-01-05,Fujairah,LSMGO,807.07
7866,2023-01-05,Fujairah,IFO380,447.37
7867,2023-01-05,Rotterdam,VLSFO,592.71
7868,2023-01-05,Rotterdam,LSMGO,744.82
7869,2023-01-05,Rotterdam,IFO380,420.5
7870,2023-01-05,Visakhapatnam,VLSFO,668.86
7871,2023-01-05,Visakhapatnam,LSMGO,926.55
7872,2023-01-05,Visakhapatnam,IFO380,478.62
7873,2023-01-05,Houston,VLSFO,575.66
7874,2023-01-05,Houston,LSMGO,703.57
7875,2023-01-05,Houston,IFO380,416.83
7876,2023-01-06,Singapore,VLSFO,618.82
7877,2023-01-06,Singapore,LSMGO,794.2
7878,2023-01-06,Singapore,IFO380,450.35
7879,2023-01-06,Fujairah,VLSFO,609.08
7880,2023-01-06,Fujairah,LSMGO,801.57
7881,2023-01-06,Fujairah,IFO380,435.09
7882,2023-01-06,Rotterdam,VLSFO,580.25
7883,2023-01-06,Rotterdam,LSMGO,725.73
7884,2023-01-06,Rotterdam,IFO380,415.44
7885,2023-01-06,Visakhapatnam,VLSFO,659.54
7886,2023-01-06,Visakhapatnam,LSMGO,912.47
7887,2023-01-06,Visakhapatnam,IFO380,476.61
7888,2023-01-06,Houston,VLSFO,574.1
7889,2023-01-06,Houston,LSMGO,694.21
7890,2023-01-06,Houston,IFO380,414.4
7891,2023-01-09,Singapore,VLSFO,622.29
7892,2023-01-09,Singapore,LSMGO,797.96
7893,2023-01-09,Singapore,IFO380,450.27
7894,2023-01-09,Fujairah,VLSFO,614.02
7895,2023-01-09,Fujairah,LSMGO,793.65
7896,2023-01-09,Fujairah,IFO380,437.47
7897,2023-01-09,Rotterdam,VLSFO,595.65
7898,2023-01-09,Rotterdam,LSMGO,746.01
7899,2023-01-09,Rotterdam,IFO380,426.69
7900,2023-01-09,Visakhapatnam,VLSFO,655.1
7901,2023-01-09,Visakhapatnam,LSMGO,915.44
7902,2023-01-09,Visakhapatnam,IFO380,474.22
7903,2023-01-09,Houston,VLSFO,582.53
7904,2023-01-09,Houston,LSMGO,728.24
7905,2023-01-09,Houston,IFO380,422.99
7906,2023-01-10,Singapore,VLSFO,624.45
7907,2023-01-10,Singapore,LSMGO,798.08
7908,2023-01-10,Singapore,IFO380,444.78
7909,2023-01-10,Fujairah,VLSFO,627.11
7910,2023-01-10,Fujairah,LSMGO,815.12
7911,2023-01-10,Fujairah,IFO380,453.2
7912,2023-01-10,Rotterdam,VLSFO,598.06
7913,2023-01-10,Rotterdam,LSMGO,752.54
7914,2023-01-10,Rotterdam,IFO380,435.88
7915,2023-01-10,Visakhapatnam,VLSFO,658.46
7916,2023-01-10,Visakhapatnam,LSMGO,902.98
7917,2023-01-10,Visakhapatnam,IFO380,477.17
7918,2023-01-10,Houston,VLSFO,579.68
7919,2023-01-10,Houston,LSMGO,722.37
7920,2023-01-10,Houston,IFO380,417.5
7921,2023-01-11,Singapore,VLSFO,627.63
7922,2023-01-11,Singapore,LSMGO,806.2
7923,2023-01-11,Singapore,IFO380,449.72
7924,2023-01-11,Fujairah,VLSFO,617.07
7925,2023-01-11,Fujairah,LSMGO,803.6
7926,2023-01-11,Fujairah,IFO380,438.08
7927,2023-01-11,Rotterdam,VLSFO,603.62
7928,2023-01-11,Rotterdam,LSMGO,753.33
7929,2023-01-11,Rotterdam,IFO380,434.17
7930,2023-01-11,Visakhapatnam,VLSFO,671.92
7931,2023-01-11,Visakhapatnam,LSMGO,935.01
7932,2023-01-11,Visakhapatnam,IFO380,485.93
7933,2023-01-11,Houston,VLSFO,580.75
7934,2023-01-11,Houston,LSMGO,710.2
7935,2023-01-11,Houston,IFO380,423.09
7936,2023-01-12,Singapore,VLSFO,630.33
7937,2023-01-12,Singapore,LSMGO,790.05
7938,2023-01-12,Singapore,IFO380,452.98
7939,2023-01-12,Fujairah,VLSFO,618.6
7940,2023-01-12,Fujairah,LSMGO,796.45
7941,2023-01-12,Fujairah,IFO380,449.47
7942,2023-01-12,Rotterdam,VLSFO,588.76
7943,2023-01-12,Rotterdam,LSMGO,743.69
7944,2023-01-12,Rotterdam,IFO380,426.48
7945,2023-01-12,Visakhapatnam,VLSFO,662.01
7946,2023-01-12,Visakhapatnam,LSMGO,911.6
7947,2023-01-12,Visakhapatnam,IFO380,473.36
7948,2023-01-12,Houston,VLSFO,579.92
7949,2023-01-12,Houston,LSMGO,709.9
7950,2023-01-12,Houston,IFO380,415.6
7951,2023-01-13,Singapore,VLSFO,625.8
7952,2023-01-13,Singapore,LSMGO,810.92
7953,2023-01-13,Singapore,IFO380,448.5
7954,2023-01-13,Fujairah,VLSFO,606.64
7955,2023-01-13,Fujairah,LSMGO,802.76
7956,2023-01-13,Fujairah,IFO380,435.6
7957,2023-01-13,Rotterdam,VLSFO,605.88
7958,2023-01-13,Rotterdam,LSMGO,757.79
7959,2023-01-13,Rotterdam,IFO380,439.75
7960,2023-01-13,Visakhapatnam,VLSFO,660.44
7961,2023-01-13,Visakhapatnam,LSMGO,917.18
7962,2023-01-13,Visakhapatnam,IFO380,476.49
7963,2023-01-13,Houston,VLSFO,583.89
7964,2023-01-13,Houston,LSMGO,719.73
7965,2023-01-13,Houston,IFO380,420.83
7966,2023-01-16,Singapore,VLSFO,636.29
7967,2023-01-16,Singapore,LSMGO,812.98
7968,2023-01-16,Singapore,IFO380,453.67
7969,2023-01-16,Fujairah,VLSFO,616.86
7970,2023-01-16,Fujairah,LSMGO,801.76
7971,2023-01-16,Fujairah,IFO380,444.04
7972,2023-01-16,Rotterdam,VLSFO,603.13
7973,2023-01-16,Rotterdam,LSMGO,760.65
7974,2023-01-16,Rotterdam,IFO380,439.77
7975,2023-01-16,Visakhapatnam,VLSFO,666.9
7976,2023-01-16,Visakhapatnam,LSMGO,911.39
7977,2023-01-16,Visakhapatnam,IFO380,482.75
7978,2023-01-16,Houston,VLSFO,583.36
7979,2023-01-16,Houston,LSMGO,720.64
7980,2023-01-16,Houston,IFO380,418.28
7981,2023-01-17,Singapore,VLSFO,626.13
7982,2023-01-17,Singapore,LSMGO,786.18
7983,2023-01-17,Singapore,IFO380,448.2
7984,2023-01-17,Fujairah,VLSFO,608.42
7985,2023-01-17,Fujairah,LSMGO,792.17
7986,2023-01-17,Fujairah,IFO380,447.26
7987,2023-01-17,Rotterdam,VLSFO,596.03
7988,2023-01-17,Rotterdam,LSMGO,752.65
7989,2023-01-17,Rotterdam,IFO380,429.34
7990,2023-01-17,Visakhapatnam,VLSFO,658.72
7991,2023-01-17,Visakhapatnam,LSMGO,907.66
7992,2023-01-17,Visakhapatnam,IFO380,470.55
7993,2023-01-17,Houston,VLSFO,583.7
7994,2023-01-17,Houston,LSMGO,730.63
7995,2023-01-17,Houston,IFO380,422.5
7996,2023-01-18,Singapore,VLSFO,640.06
7997,2023-01-18,Singapore,LSMGO,825.36
7998,2023-01-18,Singapore,IFO380,456.78
7999,2023-01-18,Fujairah,VLSFO,621.35
8000,2023-01-18,Fujairah,LSMGO,813.96
8001,2023-01-18,Fujairah,IFO380,447.48
8002,2023-01-18,Rotterdam,VLSFO,603.94
8003,2023-01-18,Rotterdam,LSMGO,764.92
8004,2023-01-18,Rotterdam,IFO380,446.34
8005,2023-01-18,Visakhapatnam,VLSFO,666.28
8006,2023-01-18,Visakhapatnam,LSMGO,905.85
8007,2023-01-18,Visakhapatnam,IFO380,488.7
8008,2023-01-18,Houston,VLSFO,589.39
8009,2023-01-18,Houston,LSMGO,714.31
8010,2023-01-18,Houston,IFO380,428.2
8011,2023-01-19,Singapore,VLSFO,629.78
8012,2023-01-19,Singapore,LSMGO,807.18
8013,2023-01-19,Singapore,IFO380,451.47
8014,2023-01-19,Fujairah,VLSFO,617.53
8015,2023-01-19,Fujairah,LSMGO,808.1
8016,2023-01-19,Fujairah,IFO380,449.11
8017,2023-01-19,Rotterdam,VLSFO,597.02
8018,2023-01-19,Rotterdam,LSMGO,746.66
8019,2023-01-19,Rotterdam,IFO380,431.02
8020,2023-01-19,Visakhapatnam,VLSFO,666.61
8021,2023-01-19,Visakhapatnam,LSMGO,926.25
8022,2023-01-19,Visakhapatnam,IFO380,482.88
8023,2023-01-19,Houston,VLSFO,582.18
8024,2023-01-19,Houston,LSMGO,703.4
8025,2023-01-19,Houston,IFO380,419.83
8026,2023-01-20,Singapore,VLSFO,625.59
8027,2023-01-20,Singapore,LSMGO,796.29
8028,2023-01-20,Singapore,IFO380,443.15
8029,2023-01-20,Fujairah,VLSFO,620.18
8030,2023-01-20,Fujairah,LSMGO,811.25
8031,2023-01-20,Fujairah,IFO380,442.2
8032,2023-01-20,Rotterdam,VLSFO,598.26
8033,2023-01-20,Rotterdam,LSMGO,750.82
8034,2023-01-20,Rotterdam,IFO380,425.84
8035,2023-01-20,Visakhapatnam,VLSFO,667.53
8036,2023-01-20,Visakhapatnam,LSMGO,930.12
8037,2023-01-20,Visakhapatnam,IFO380,484.19
8038,2023-01-20,Houston,VLSFO,580.35
8039,2023-01-20,Houston,LSMGO,725.56
8040,2023-01-20,Houston,IFO380,419.98
8041,2023-01-23,Singapore,VLSFO,639.09
8042,2023-01-23,Singapore,LSMGO,802.9
8043,2023-01-23,Singapore,IFO380,459.45
8044,2023-01-23,Fujairah,VLSFO,615.29
8045,2023-01-23,Fujairah,LSMGO,806.8
8046,2023-01-23,Fujairah,IFO380,439.13
8047,2023-01-23,Rotterdam,VLSFO,608.68
8048,2023-01-23,Rotterdam,LSMGO,753.32
8049,2023-01-23,Rotterdam,IFO380,436.51
8050,2023-01-23,Visakhapatnam,VLSFO,671.77
8051,2023-01-23,Visakhapatnam,LSMGO,929.8
8052,2023-01-23,Visakhapatnam,IFO380,486.14
8053,2023-01-23,Houston,VLSFO,589.88
8054,2023-01-23,Houston,LSMGO,723.14
8055,2023-01-23,Houston,IFO380,424.42
8056,2023-01-24,Singapore,VLSFO,636.91
8057,2023-01-24,Singapore,LSMGO,804.06
8058,2023-01-24,Singapore,IFO380,458.65
8059,2023-01-24,Fujairah,VLSFO,621.52
8060,2023-01-24,Fujairah,LSMGO,826.26
8061,2023-01-24,Fujairah,IFO380,451.0
8062,2023-01-24,Rotterdam,VLSFO,603.24
8063,2023-01-24,Rotterdam,LSMGO,749.3
8064,2023-01-24,Rotterdam,IFO380,432.46
8065,2023-01-24,Visakhapatnam,VLSFO,667.85
8066,2023-01-24,Visakhapatnam,LSMGO,924.7
8067,2023-01-24,Visakhapatnam,IFO380,476.22
8068,2023-01-24,Houston,VLSFO,597.98
8069,2023-01-24,Houston,LSMGO,721.14
8070,2023-01-24,Houston,IFO380,437.71
8071,2023-01-25,Singapore,VLSFO,635.88
8072,2023-01-25,Singapore,LSMGO,809.3
8073,2023-01-25,Singapore,IFO380,447.56
8074,2023-01-25,Fujairah,VLSFO,623.42
8075,2023-01-25,Fujairah,LSMGO,813.28
8076,2023-01-25,Fujairah,IFO380,450.27
8077,2023-01-25,Rotterdam,VLSFO,607.6
8078,2023-01-25,Rotterdam,LSMGO,775.94
8079,2023-01-25,Rotterdam,IFO380,440.13
8080,2023-01-25,Visakhapatnam,VLSFO,672.86
8081,2023-01-25,Visakhapatnam,LSMGO,945.35
8082,2023-01-25,Visakhapatnam,IFO380,489.16
8083,2023-01-25,Houston,VLSFO,590.0
8084,2023-01-25,Houston,LSMGO,734.21
8085,2023-01-25,Houston,IFO380,424.5
8086,2023-01-26,Singapore,VLSFO,640.28
8087,2023-01-26,Singapore,LSMGO,829.07
8088,2023-01-26,Singapore,IFO380,452.49
8089,2023-01-26,Fujairah,VLSFO,622.46
8090,2023-01-26,Fujairah,LSMGO,803.16
8091,2023-01-26,Fujairah,IFO380,446.94
8092,2023-01-26,Rotterdam,VLSFO,600.26
8093,2023-01-26,Rotterdam,LSMGO,755.75
8094,2023-01-26,Rotterdam,IFO380,434.32
8095,2023-01-26,Visakhapatnam,VLSFO,676.55
8096,2023-01-26,Visakhapatnam,LSMGO,933.87
8097,2023-01-26,Visakhapatnam,IFO380,487.89
8098,2023-01-26,Houston,VLSFO,588.3
8099,2023-01-26,Houston,LSMGO,712.3
8100,2023-01-26,Houston,IFO380,422.57
8101,2023-01-27,Singapore,VLSFO,647.67
8102,2023-01-27,Singapore,LSMGO,840.04
8103,2023-01-27,Singapore,IFO380,477.37
8104,2023-01-27,Fujairah,VLSFO,627.84
8105,2023-01-27,Fujairah,LSMGO,807.9
8106,2023-01-27,Fujairah,IFO380,460.11
8107,2023-01-27,Rotterdam,VLSFO,607.19
8108,2023-01-27,Rotterdam,LSMGO,771.09
8109,2023-01-27,Rotterdam,IFO380,439.08
8110,2023-01-27,Visakhapatnam,VLSFO,671.41
8111,2023-01-27,Visakhapatnam,LSMGO,918.59
8112,2023-01-27,Visakhapatnam,IFO380,483.7
8113,2023-01-27,Houston,VLSFO,596.4
8114,2023-01-27,Houston,LSMGO,732.13
8115,2023-01-27,Houston,IFO380,424.14
8116,2023-01-30,Singapore,VLSFO,636.67
8117,2023-01-30,Singapore,LSMGO,810.35
8118,2023-01-30,Singapore,IFO380,456.07
8119,2023-01-30,Fujairah,VLSFO,623.17
8120,2023-01-30,Fujairah,LSMGO,805.24
8121,2023-01-30,Fujairah,IFO380,453.29
8122,2023-01-30,Rotterdam,VLSFO,603.39
8123,2023-01-30,Rotterdam,LSMGO,751.16
8124,2023-01-30,Rotterdam,IFO380,441.43
8125,2023-01-30,Visakhapatnam,VLSFO,676.12
8126,2023-01-30,Visakhapatnam,LSMGO,918.12
8127,2023-01-30,Visakhapatnam,IFO380,487.34
8128,2023-01-30,Houston,VLSFO,598.34
8129,2023-01-30,Houston,LSMGO,744.58
8130,2023-01-30,Houston,IFO380,431.62
8131,2023-01-31,Singapore,VLSFO,635.81
8132,2023-01-31,Singapore,LSMGO,812.7
8133,2023-01-31,Singapore,IFO380,454.81
8134,2023-01-31,Fujairah,VLSFO,624.07
8135,2023-01-31,Fujairah,LSMGO,824.69
8136,2023-01-31,Fujairah,IFO380,449.09
8137,2023-01-31,Rotterdam,VLSFO,605.18
8138,2023-01-31,Rotterdam,LSMGO,752.14
8139,2023-01-31,Rotterdam,IFO380,432.94
8140,2023-01-31,Visakhapatnam,VLSFO,675.46
8141,2023-01-31,Visakhapatnam,LSMGO,931.7
8142,2023-01-31,Visakhapatnam,IFO380,477.62
8143,2023-01-31,Houston,VLSFO,594.6
8144,2023-01-31,Houston,LSMGO,728.79
8145,2023-01-31,Houston,IFO380,425.63
8146,2023-02-01,Singapore,VLSFO,642.51
8147,2023-02-01,Singapore,LSMGO,828.16
8148,2023-02-01,Singapore,IFO380,470.1
8149,2023-02-01,Fujairah,VLSFO,623.03
8150,2023-02-01,Fujairah,LSMGO,816.86
8151,2023-02-01,Fujairah,IFO380,447.56
8152,2023-02-01,Rotterdam,VLSFO,611.48
8153,2023-02-01,Rotterdam,LSMGO,776.6
8154,2023-02-01,Rotterdam,IFO380,442.65
8155,2023-02-01,Visakhapatnam,VLSFO,677.48
8156,2023-02-01,Visakhapatnam,LSMGO,931.61
8157,2023-02-01,Visakhapatnam,IFO380,494.64
8158,2023-02-01,Houston,VLSFO,595.94
8159,2023-02-01,Houston,LSMGO,738.69
8160,2023-02-01,Houston,IFO380,427.26
8161,2023-02-02,Singapore,VLSFO,630.65
8162,2023-02-02,Singapore,LSMGO,810.38
8163,2023-02-02,Singapore,IFO380,460.6
8164,2023-02-02,Fujairah,VLSFO,633.11
8165,2023-02-02,Fujairah,LSMGO,814.02
8166,2023-02-02,Fujairah,IFO380,460.62
8167,2023-02-02,Rotterdam,VLSFO,614.12
8168,2023-02-02,Rotterdam,LSMGO,761.02
8169,2023-02-02,Rotterdam,IFO380,432.51
8170,2023-02-02,Visakhapatnam,VLSFO,681.15
8171,2023-02-02,Visakhapatnam,LSMGO,936.46
8172,2023-02-02,Visakhapatnam,IFO380,489.24
8173,2023-02-02,Houston,VLSFO,584.14
8174,2023-02-02,Houston,LSMGO,718.67
8175,2023-02-02,Houston,IFO380,426.18
8176,2023-02-03,Singapore,VLSFO,647.59
8177,2023-02-03,Singapore,LSMGO,832.55
8178,2023-02-03,Singapore,IFO380,469.15
8179,2023-02-03,Fujairah,VLSFO,624.07
8180,2023-02-03,Fujairah,LSMGO,800.52
8181,2023-02-03,Fujairah,IFO380,446.17
8182,2023-02-03,Rotterdam,VLSFO,602.31
8183,2023-02-03,Rotterdam,LSMGO,753.44
8184,2023-02-03,Rotterdam,IFO380,430.75
8185,2023-02-03,Visakhapatnam,VLSFO,679.35
8186,2023-02-03,Visakhapatnam,LSMGO,932.55
8187,2023-02-03,Visakhapatnam,IFO380,487.37
8188,2023-02-03,Houston,VLSFO,583.71
8189,2023-02-03,Houston,LSMGO,709.86
8190,2023-02-03,Houston,IFO380,422.01
8191,2023-02-06,Singapore,VLSFO,635.25
8192,2023-02-06,Singapore,LSMGO,803.42
8193,2023-02-06,Singapore,IFO380,457.27
8194,2023-02-06,Fujairah,VLSFO,629.86
8195,2023-02-06,Fujairah,LSMGO,823.89
8196,2023-02-06,Fujairah,IFO380,452.89
8197,2023-02-06,Rotterdam,VLSFO,602.47
8198,2023-02-06,Rotterdam,LSMGO,744.2
8199,2023-02-06,Rotterdam,IFO380,434.56
8200,2023-02-06,Visakhapatnam,VLSFO,680.86
8201,2023-02-06,Visakhapatnam,LSMGO,935.13
8202,2023-02-06,Visakhapatnam,IFO380,491.09
8203,2023-02-06,Houston,VLSFO,592.15
8204,2023-02-06,Houston,LSMGO,719.85
8205,2023-02-06,Houston,IFO380,428.89
8206,2023-02-07,Singapore,VLSFO,631.73
8207,2023-02-07,Singapore,LSMGO,800.02
8208,2023-02-07,Singapore,IFO380,459.52
8209,2023-02-07,Fujairah,VLSFO,632.54
8210,2023-02-07,Fujairah,LSMGO,816.15
8211,2023-02-07,Fujairah,IFO380,464.59
8212,2023-02-07,Rotterdam,VLSFO,609.46
8213,2023-02-07,Rotterdam,LSMGO,767.98
8214,2023-02-07,Rotterdam,IFO380,436.59
8215,2023-02-07,Visakhapatnam,VLSFO,665.23
8216,2023-02-07,Visakhapatnam,LSMGO,919.38
8217,2023-02-07,Visakhapatnam,IFO380,478.86
8218,2023-02-07,Houston,VLSFO,601.09
8219,2023-02-07,Houston,LSMGO,745.95
8220,2023-02-07,Houston,IFO380,438.96
8221,2023-02-08,Singapore,VLSFO,634.62
8222,2023-02-08,Singapore,LSMGO,803.77
8223,2023-02-08,Singapore,IFO380,448.36
8224,2023-02-08,Fujairah,VLSFO,631.41
8225,2023-02-08,Fujairah,LSMGO,819.12
8226,2023-02-08,Fujairah,IFO380,454.81
8227,2023-02-08,Rotterdam,VLSFO,610.35
8228,2023-02-08,Rotterdam,LSMGO,765.01
8229,2023-02-08,Rotterdam,IFO380,448.36
8230,2023-02-08,Visakhapatnam,VLSFO,672.67
8231,2023-02-08,Visakhapatnam,LSMGO,926.85
8232,2023-02-08,Visakhapatnam,IFO380,487.64
8233,2023-02-08,Houston,VLSFO,603.21
8234,2023-02-08,Houston,LSMGO,729.63
8235,2023-02-08,Houston,IFO380,433.15
8236,2023-02-09,Singapore,VLSFO,639.31
8237,2023-02-09,Singapore,LSMGO,822.6
8238,2023-02-09,Singapore,IFO380,458.05
8239,2023-02-09,Fujairah,VLSFO,632.56
8240,2023-02-09,Fujairah,LSMGO,819.14
8241,2023-02-09,Fujairah,IFO380,454.15
8242,2023-02-09,Rotterdam,VLSFO,611.81
8243,2023-02-09,Rotterdam,LSMGO,772.07
8244,2023-02-09,Rotterdam,IFO380,431.8
8245,2023-02-09,Visakhapatnam,VLSFO,673.08
8246,2023-02-09,Visakhapatnam,LSMGO,943.49
8247,2023-02-09,Visakhapatnam,IFO380,489.07
8248,2023-02-09,Houston,VLSFO,599.69
8249,2023-02-09,Houston,LSMGO,735.26
8250,2023-02-09,Houston,IFO380,432.4
8251,2023-02-10,Singapore,VLSFO,634.39
8252,2023-02-10,Singapore,LSMGO,813.83
8253,2023-02-10,Singapore,IFO380,453.86
8254,2023-02-10,Fujairah,VLSFO,626.35
8255,2023-02-10,Fujairah,LSMGO,822.44
8256,2023-02-10,Fujairah,IFO380,457.16
8257,2023-02-10,Rotterdam,VLSFO,600.93
8258,2023-02-10,Rotterdam,LSMGO,747.24
8259,2023-02-10,Rotterdam,IFO380,430.81
8260,2023-02-10,Visakhapatnam,VLSFO,683.43
8261,2023-02-10,Visakhapatnam,LSMGO,953.39
8262,2023-02-10,Visakhapatnam,IFO380,494.02
8263,2023-02-10,Houston,VLSFO,594.14
8264,2023-02-10,Houston,LSMGO,726.91
8265,2023-02-10,Houston,IFO380,429.68
8266,2023-02-13,Singapore,VLSFO,647.19
8267,2023-02-13,Singapore,LSMGO,830.04
8268,2023-02-13,Singapore,IFO380,462.48
8269,2023-02-13,Fujairah,VLSFO,636.37
8270,2023-02-13,Fujairah,LSMGO,823.41
8271,2023-02-13,Fujairah,IFO380,457.09
8272,2023-02-13,Rotterdam,VLSFO,604.96
8273,2023-02-13,Rotterdam,LSMGO,768.21
8274,2023-02-13,Rotterdam,IFO380,435.54
8275,2023-02-13,Visakhapatnam,VLSFO,696.45
8276,2023-02-13,Visakhapatnam,LSMGO,974.12
8277,2023-02-13,Visakhapatnam,IFO380,496.78
8278,2023-02-13,Houston,VLSFO,599.73
8279,2023-02-13,Houston,LSMGO,738.77
8280,2023-02-13,Houston,IFO380,430.69
8281,2023-02-14,Singapore,VLSFO,647.4
8282,2023-02-14,Singapore,LSMGO,828.66
8283,2023-02-14,Singapore,IFO380,456.65
8284,2023-02-14,Fujairah,VLSFO,643.34
8285,2023-02-14,Fujairah,LSMGO,839.25
8286,2023-02-14,Fujairah,IFO380,464.72
8287,2023-02-14,Rotterdam,VLSFO,612.75
8288,2023-02-14,Rotterdam,LSMGO,771.97
8289,2023-02-14,Rotterdam,IFO380,444.47
8290,2023-02-14,Visakhapatnam,VLSFO,694.91
8291,2023-02-14,Visakhapatnam,LSMGO,956.15
8292,2023-02-14,Visakhapatnam,IFO380,500.84
8293,2023-02-14,Houston,VLSFO,608.93
8294,2023-02-14,Houston,LSMGO,748.03
8295,2023-02-14,Houston,IFO380,441.09
8296,2023-02-15,Singapore,VLSFO,645.34
8297,2023-02-15,Singapore,LSMGO,820.89
8298,2023-02-15,Singapore,IFO380,470.38
8299,2023-02-15,Fujairah,VLSFO,628.75
8300,2023-02-15,Fujairah,LSMGO,823.27
8301,2023-02-15,Fujairah,IFO380,456.99
8302,2023-02-15,Rotterdam,VLSFO,619.13
8303,2023-02-15,Rotterdam,LSMGO,783.31
8304,2023-02-15,Rotterdam,IFO380,447.49
8305,2023-02-15,Visakhapatnam,VLSFO,677.97
8306,2023-02-15,Visakhapatnam,LSMGO,941.56
8307,2023-02-15,Visakhapatnam,IFO380,491.63
8308,2023-02-15,Houston,VLSFO,604.25
8309,2023-02-15,Houston,LSMGO,738.2
8310,2023-02-15,Houston,IFO380,444.64
8311,2023-02-16,Singapore,VLSFO,645.25
8312,2023-02-16,Singapore,LSMGO,819.54
8313,2023-02-16,Singapore,IFO380,467.48
8314,2023-02-16,Fujairah,VLSFO,633.0
8315,2023-02-16,Fujairah,LSMGO,820.59
8316,2023-02-16,Fujairah,IFO380,452.32
8317,2023-02-16,Rotterdam,VLSFO,621.16
8318,2023-02-16,Rotterdam,LSMGO,774.35
8319,2023-02-16,Rotterdam,IFO380,445.62
8320,2023-02-16,Visakhapatnam,VLSFO,681.69
8321,2023-02-16,Visakhapatnam,LSMGO,935.45
8322,2023-02-16,Visakhapatnam,IFO380,494.77
8323,2023-02-16,Houston,VLSFO,592.69
8324,2023-02-16,Houston,LSMGO,719.65
8325,2023-02-16,Houston,IFO380,426.56
8326,2023-02-17,Singapore,VLSFO,651.42
8327,2023-02-17,Singapore,LSMGO,839.7
8328,2023-02-17,Singapore,IFO380,468.43
8329,2023-02-17,Fujairah,VLSFO,635.0
8330,2023-02-17,Fujairah,LSMGO,827.87
8331,2023-02-17,Fujairah,IFO380,450.11
8332,2023-02-17,Rotterdam,VLSFO,608.22
8333,2023-02-17,Rotterdam,LSMGO,770.73
8334,2023-02-17,Rotterdam,IFO380,439.07
8335,2023-02-17,Visakhapatnam,VLSFO,686.84
8336,2023-02-17,Visakhapatnam,LSMGO,950.49
8337,2023-02-17,Visakhapatnam,IFO380,493.76
8338,2023-02-17,Houston,VLSFO,603.9
8339,2023-02-17,Houston,LSMGO,736.47
8340,2023-02-17,Houston,IFO380,439.28
8341,2023-02-20,Singapore,VLSFO,656.49
8342,2023-02-20,Singapore,LSMGO,843.76
8343,2023-02-20,Singapore,IFO380,468.94
8344,2023-02-20,Fujairah,VLSFO,633.97
8345,2023-02-20,Fujairah,LSMGO,829.25
8346,2023-02-20,Fujairah,IFO380,456.76
8347,2023-02-20,Rotterdam,VLSFO,615.92
8348,2023-02-20,Rotterdam,LSMGO,771.11
8349,2023-02-20,Rotterdam,IFO380,440.14
8350,2023-02-20,Visakhapatnam,VLSFO,683.01
8351,2023-02-20,Visakhapatnam,LSMGO,936.03
8352,2023-02-20,Visakhapatnam,IFO380,488.8
8353,2023-02-20,Houston,VLSFO,613.24
8354,2023-02-20,Houston,LSMGO,749.68
8355,2023-02-20,Houston,IFO380,436.57
8356,2023-02-21,Singapore,VLSFO,649.4
8357,2023-02-21,Singapore,LSMGO,833.86
8358,2023-02-21,Singapore,IFO380,461.44
8359,2023-02-21,Fujairah,VLSFO,636.51
8360,2023-02-21,Fujairah,LSMGO,829.63
8361,2023-02-21,Fujairah,IFO380,458.95
8362,2023-02-21,Rotterdam,VLSFO,622.81
8363,2023-02-21,Rotterdam,LSMGO,776.2
8364,2023-02-21,Rotterdam,IFO380,445.48
8365,2023-02-21,Visakhapatnam,VLSFO,678.27
8366,2023-02-21,Visakhapatnam,LSMGO,939.62
8367,2023-02-21,Visakhapatnam,IFO380,484.19
8368,2023-02-21,Houston,VLSFO,591.66
8369,2023-02-21,Houston,LSMGO,726.46
8370,2023-02-21,Houston,IFO380,429.3
8371,2023-02-22,Singapore,VLSFO,642.79
8372,2023-02-22,Singapore,LSMGO,820.52
8373,2023-02-22,Singapore,IFO380,464.17
8374,2023-02-22,Fujairah,VLSFO,638.88
8375,2023-02-22,Fujairah,LSMGO,836.32
8376,2023-02-22,Fujairah,IFO380,464.34
8377,2023-02-22,Rotterdam,VLSFO,613.43
8378,2023-02-22,Rotterdam,LSMGO,784.22
8379,2023-02-22,Rotterdam,IFO380,433.52
8380,2023-02-22,Visakhapatnam,VLSFO,694.29
8381,2023-02-22,Visakhapatnam,LSMGO,972.49
8382,2023-02-22,Visakhapatnam,IFO380,492.46
8383,2023-02-22,Houston,VLSFO,602.27
8384,2023-02-22,Houston,LSMGO,733.49
8385,2023-02-22,Houston,IFO380,435.92
8386,2023-02-23,Singapore,VLSFO,648.08
8387,2023-02-23,Singapore,LSMGO,835.96
8388,2023-02-23,Singapore,IFO380,468.95
8389,2023-02-23,Fujairah,VLSFO,618.78
8390,2023-02-23,Fujairah,LSMGO,813.93
8391,2023-02-23,Fujairah,IFO380,447.66
8392,2023-02-23,Rotterdam,VLSFO,616.46
8393,2023-02-23,Rotterdam,LSMGO,773.09
8394,2023-02-23,Rotterdam,IFO380,446.9
8395,2023-02-23,Visakhapatnam,VLSFO,684.71
8396,2023-02-23,Visakhapatnam,LSMGO,954.88
8397,2023-02-23,Visakhapatnam,IFO380,496.1
8398,2023-02-23,Houston,VLSFO,602.64
8399,2023-02-23,Houston,LSMGO,739.18
8400,2023-02-23,Houston,IFO380,433.87
8401,2023-02-24,Singapore,VLSFO,649.53
8402,2023-02-24,Singapore,LSMGO,838.97
8403,2023-02-24,Singapore,IFO380,468.05
8404,2023-02-24,Fujairah,VLSFO,638.81
8405,2023-02-24,Fujairah,LSMGO,846.52
8406,2023-02-24,Fujairah,IFO380,455.94
8407,2023-02-24,Rotterdam,VLSFO,617.02
8408,2023-02-24,Rotterdam,LSMGO,777.11
8409,2023-02-24,Rotterdam,IFO380,452.18
8410,2023-02-24,Visakhapatnam,VLSFO,690.9
8411,2023-02-24,Visakhapatnam,LSMGO,956.36
8412,2023-02-24,Visakhapatnam,IFO380,502.57
8413,2023-02-24,Houston,VLSFO,598.8
8414,2023-02-24,Houston,LSMGO,741.23
8415,2023-02-24,Houston,IFO380,426.26
8416,2023-02-27,Singapore,VLSFO,649.79
8417,2023-02-27,Singapore,LSMGO,820.35
8418,2023-02-27,Singapore,IFO380,471.05
8419,2023-02-27,Fujairah,VLSFO,630.35
8420,2023-02-27,Fujairah,LSMGO,830.21
8421,2023-02-27,Fujairah,IFO380,452.39
8422,2023-02-27,Rotterdam,VLSFO,622.36
8423,2023-02-27,Rotterdam,LSMGO,770.81
8424,2023-02-27,Rotterdam,IFO380,446.85
8425,2023-02-27,Visakhapatnam,VLSFO,689.59
8426,2023-02-27,Visakhapatnam,LSMGO,943.87
8427,2023-02-27,Visakhapatnam,IFO380,495.56
8428,2023-02-27,Houston,VLSFO,599.67
8429,2023-02-27,Houston,LSMGO,739.8
8430,2023-02-27,Houston,IFO380,429.06
8431,2023-02-28,Singapore,VLSFO,647.02
8432,2023-02-28,Singapore,LSMGO,836.19
8433,2023-02-28,Singapore,IFO380,463.79
8434,2023-02-28,Fujairah,VLSFO,623.53
8435,2023-02-28,Fujairah,LSMGO,823.12
8436,2023-02-28,Fujairah,IFO380,443.95
8437,2023-02-28,Rotterdam,VLSFO,629.99
8438,2023-02-28,Rotterdam,LSMGO,783.08
8439,2023-02-28,Rotterdam,IFO380,454.6
8440,2023-02-28,Visakhapatnam,VLSFO,681.2
8441,2023-02-28,Visakhapatnam,LSMGO,954.4
8442,2023-02-28,Visakhapatnam,IFO380,492.54
8443,2023-02-28,Houston,VLSFO,609.19
8444,2023-02-28,Houston,LSMGO,749.86
8445,2023-02-28,Houston,IFO380,440.33
8446,2023-03-01,Singapore,VLSFO,651.85
8447,2023-03-01,Singapore,LSMGO,825.52
8448,2023-03-01,Singapore,IFO380,474.01
8449,2023-03-01,Fujairah,VLSFO,633.31
8450,2023-03-01,Fujairah,LSMGO,835.31
8451,2023-03-01,Fujairah,IFO380,448.1
8452,2023-03-01,Rotterdam,VLSFO,624.57
8453,2023-03-01,Rotterdam,LSMGO,795.9
8454,2023-03-01,Rotterdam,IFO380,453.51
8455,2023-03-01,Visakhapatnam,VLSFO,680.73
8456,2023-03-01,Visakhapatnam,LSMGO,943.49
8457,2023-03-01,Visakhapatnam,IFO380,480.62
8458,2023-03-01,Houston,VLSFO,604.53
8459,2023-03-01,Houston,LSMGO,743.23
8460,2023-03-01,Houston,IFO380,440.91
8461,2023-03-02,Singapore,VLSFO,651.49
8462,2023-03-02,Singapore,LSMGO,836.8
8463,2023-03-02,Singapore,IFO380,473.0
8464,2023-03-02,Fujairah,VLSFO,637.23
8465,2023-03-02,Fujairah,LSMGO,830.04
8466,2023-03-02,Fujairah,IFO380,466.42
8467,2023-03-02,Rotterdam,VLSFO,615.5
8468,2023-03-02,Rotterdam,LSMGO,779.59
8469,2023-03-02,Rotterdam,IFO380,442.59
8470,2023-03-02,Visakhapatnam,VLSFO,686.83
8471,2023-03-02,Visakhapatnam,LSMGO,940.18
8472,2023-03-02,Visakhapatnam,IFO380,497.47
8473,2023-03-02,Houston,VLSFO,618.75
8474,2023-03-02,Houston,LSMGO,761.69
8475,2023-03-02,Houston,IFO380,440.48
8476,2023-03-03,Singapore,VLSFO,643.51
8477,2023-03-03,Singapore,LSMGO,818.0
8478,2023-03-03,Singapore,IFO380,463.45
8479,2023-03-03,Fujairah,VLSFO,649.54
8480,2023-03-03,Fujairah,LSMGO,837.44
8481,2023-03-03,Fujairah,IFO380,475.61
8482,2023-03-03,Rotterdam,VLSFO,618.89
8483,2023-03-03,Rotterdam,LSMGO,781.67
8484,2023-03-03,Rotterdam,IFO380,448.06
8485,2023-03-03,Visakhapatnam,VLSFO,680.91
8486,2023-03-03,Visakhapatnam,LSMGO,943.12
8487,2023-03-03,Visakhapatnam,IFO380,493.5
8488,2023-03-03,Houston,VLSFO,604.43
8489,2023-03-03,Houston,LSMGO,733.25
8490,2023-03-03,Houston,IFO380,437.9
8491,2023-03-06,Singapore,VLSFO,658.55
8492,2023-03-06,Singapore,LSMGO,841.26
8493,2023-03-06,Singapore,IFO380,466.61
8494,2023-03-06,Fujairah,VLSFO,634.48
8495,2023-03-06,Fujairah,LSMGO,835.42
8496,2023-03-06,Fujairah,IFO380,460.61
8497,2023-03-06,Rotterdam,VLSFO,614.94
8498,2023-03-06,Rotterdam,LSMGO,773.61
8499,2023-03-06,Rotterdam,IFO380,436.97
8500,2023-03-06,Visakhapatnam,VLSFO,688.77
8501,2023-03-06,Visakhapatnam,LSMGO,951.58
8502,2023-03-06,Visakhapatnam,IFO380,491.75
8503,2023-03-06,Houston,VLSFO,600.86
8504,2023-03-06,Houston,LSMGO,737.47
8505,2023-03-06,Houston,IFO380,426.07
8506,2023-03-07,Singapore,VLSFO,644.43
8507,2023-03-07,Singapore,LSMGO,812.16
8508,2023-03-07,Singapore,IFO380,467.13
8509,2023-03-07,Fujairah,VLSFO,637.77
8510,2023-03-07,Fujairah,LSMGO,834.37
8511,2023-03-07,Fujairah,IFO380,462.61
8512,2023-03-07,Rotterdam,VLSFO,614.68
8513,2023-03-07,Rotterdam,LSMGO,779.06
8514,2023-03-07,Rotterdam,IFO380,442.93
8515,2023-03-07,Visakhapatnam,VLSFO,687.8
8516,2023-03-07,Visakhapatnam,LSMGO,943.23
8517,2023-03-07,Visakhapatnam,IFO380,502.65
8518,2023-03-07,Houston,VLSFO,602.91
8519,2023-03-07,Houston,LSMGO,750.1
8520,2023-03-07,Houston,IFO380,431.36
8521,2023-03-08,Singapore,VLSFO,649.89
8522,2023-03-08,Singapore,LSMGO,820.82
8523,2023-03-08,Singapore,IFO380,472.02
8524,2023-03-08,Fujairah,VLSFO,646.12
8525,2023-03-08,Fujairah,LSMGO,840.97
8526,2023-03-08,Fujairah,IFO380,468.1
8527,2023-03-08,Rotterdam,VLSFO,623.6
8528,2023-03-08,Rotterdam,LSMGO,788.48
8529,2023-03-08,Rotterdam,IFO380,453.32
8530,2023-03-08,Visakhapatnam,VLSFO,690.32
8531,2023-03-08,Visakhapatnam,LSMGO,954.05
8532,2023-03-08,Visakhapatnam,IFO380,493.31
8533,2023-03-08,Houston,VLSFO,609.74
8534,2023-03-08,Houston,LSMGO,742.39
8535,2023-03-08,Houston,IFO380,435.15
8536,2023-03-09,Singapore,VLSFO,652.48
8537,2023-03-09,Singapore,LSMGO,832.21
8538,2023-03-09,Singapore,IFO380,472.22
8539,2023-03-09,Fujairah,VLSFO,631.1
8540,2023-03-09,Fujairah,LSMGO,826.02
8541,2023-03-09,Fujairah,IFO380,451.95
8542,2023-03-09,Rotterdam,VLSFO,614.28
8543,2023-03-09,Rotterdam,LSMGO,772.76
8544,2023-03-09,Rotterdam,IFO380,442.08
8545,2023-03-09,Visakhapatnam,VLSFO,683.69
8546,2023-03-09,Visakhapatnam,LSMGO,957.18
8547,2023-03-09,Visakhapatnam,IFO380,486.45
8548,2023-03-09,Houston,VLSFO,607.93
8549,2023-03-09,Houston,LSMGO,747.37
8550,2023-03-09,Houston,IFO380,439.02
8551,2023-03-10,Singapore,VLSFO,648.57
8552,2023-03-10,Singapore,LSMGO,828.83
8553,2023-03-10,Singapore,IFO380,463.78
8554,2023-03-10,Fujairah,VLSFO,641.99
8555,2023-03-10,Fujairah,LSMGO,835.85
8556,2023-03-10,Fujairah,IFO380,459.76
8557,2023-03-10,Rotterdam,VLSFO,626.67
8558,2023-03-10,Rotterdam,LSMGO,791.61
8559,2023-03-10,Rotterdam,IFO380,452.17
8560,2023-03-10,Visakhapatnam,VLSFO,686.03
8561,2023-03-10,Visakhapatnam,LSMGO,948.31
8562,2023-03-10,Visakhapatnam,IFO380,499.88
8563,2023-03-10,Houston,VLSFO,607.24
8564,2023-03-10,Houston,LSMGO,744.78
8565,2023-03-10,Houston,IFO380,436.49
8566,2023-03-13,Singapore,VLSFO,649.82
8567,2023-03-13,Singapore,LSMGO,829.81
8568,2023-03-13,Singapore,IFO380,464.66
8569,2023-03-13,Fujairah,VLSFO,630.33
8570,2023-03-13,Fujairah,LSMGO,819.61
8571,2023-03-13,Fujairah,IFO380,457.87
8572,2023-03-13,Rotterdam,VLSFO,621.63
8573,2023-03-13,Rotterdam,LSMGO,779.16
8574,2023-03-13,Rotterdam,IFO380,446.52
8575,2023-03-13,Visakhapatnam,VLSFO,681.77
8576,2023-03-13,Visakhapatnam,LSMGO,938.77
8577,2023-03-13,Visakhapatnam,IFO380,494.55
8578,2023-03-13,Houston,VLSFO,620.67
8579,2023-03-13,Houston,LSMGO,768.59
8580,2023-03-13,Houston,IFO380,440.99
8581,2023-03-14,Singapore,VLSFO,647.95
8582,2023-03-14,Singapore,LSMGO,831.01
8583,2023-03-14,Singapore,IFO380,470.6
8584,2023-03-14,Fujairah,VLSFO,646.84
8585,2023-03-14,Fujairah,LSMGO,842.67
8586,2023-03-14,Fujairah,IFO380,462.65
8587,2023-03-14,Rotterdam,VLSFO,617.11
8588,2023-03-14,Rotterdam,LSMGO,773.35
8589,2023-03-14,Rotterdam,IFO380,445.51
8590,2023-03-14,Visakhapatnam,VLSFO,693.36
8591,2023-03-14,Visakhapatnam,LSMGO,946.67
8592,2023-03-14,Visakhapatnam,IFO380,499.25
8593,2023-03-14,Houston,VLSFO,609.18
8594,2023-03-14,Houston,LSMGO,762.1
8595,2023-03-14,Houston,IFO380,437.4
8596,2023-03-15,Singapore,VLSFO,653.59
8597,2023-03-15,Singapore,LSMGO,840.53
8598,2023-03-15,Singapore,IFO380,468.56
8599,2023-03-15,Fujairah,VLSFO,630.08
8600,2023-03-15,Fujairah,LSMGO,820.83
8601,2023-03-15,Fujairah,IFO380,461.74
8602,2023-03-15,Rotterdam,VLSFO,619.74
8603,2023-03-15,Rotterdam,LSMGO,772.72
8604,2023-03-15,Rotterdam,IFO380,454.14
8605,2023-03-15,Visakhapatnam,VLSFO,690.41
8606,2023-03-15,Visakhapatnam,LSMGO,954.26
8607,2023-03-15,Visakhapatnam,IFO380,489.7
8608,2023-03-15,Houston,VLSFO,607.49
8609,2023-03-15,Houston,LSMGO,746.25
8610,2023-03-15,Houston,IFO380,434.76
8611,2023-03-16,Singapore,VLSFO,651.37
8612,2023-03-16,Singapore,LSMGO,827.78
8613,2023-03-16,Singapore,IFO380,468.84
8614,2023-03-16,Fujairah,VLSFO,639.5
8615,2023-03-16,Fujairah,LSMGO,833.1
8616,2023-03-16,Fujairah,IFO380,457.61
8617,2023-03-16,Rotterdam,VLSFO,620.63
8618,2023-03-16,Rotterdam,LSMGO,785.47
8619,2023-03-16,Rotterdam,IFO380,445.95
8620,2023-03-16,Visakhapatnam,VLSFO,684.68
8621,2023-03-16,Visakhapatnam,LSMGO,951.38
8622,2023-03-16,Visakhapatnam,IFO380,490.83
8623,2023-03-16,Houston,VLSFO,606.42
8624,2023-03-16,Houston,LSMGO,746.42
8625,2023-03-16,Houston,IFO380,433.83
8626,2023-03-17,Singapore,VLSFO,648.05
8627,2023-03-17,Singapore,LSMGO,843.33
8628,2023-03-17,Singapore,IFO380,462.63
8629,2023-03-17,Fujairah,VLSFO,641.49
8630,2023-03-17,Fujairah,LSMGO,841.26
8631,2023-03-17,Fujairah,IFO380,457.89
8632,2023-03-17,Rotterdam,VLSFO,622.71
8633,2023-03-17,Rotterdam,LSMGO,785.14
8634,2023-03-17,Rotterdam,IFO380,447.33
8635,2023-03-17,Visakhapatnam,VLSFO,688.26
8636,2023-03-17,Visakhapatnam,LSMGO,953.74
8637,2023-03-17,Visakhapatnam,IFO380,501.44
8638,2023-03-17,Houston,VLSFO,612.12
8639,2023-03-17,Houston,LSMGO,762.05
8640,2023-03-17,Houston,IFO380,441.69
8641,2023-03-20,Singapore,VLSFO,651.09
8642,2023-03-20,Singapore,LSMGO,838.03
8643,2023-03-20,Singapore,IFO380,472.41
8644,2023-03-20,Fujairah,VLSFO,629.65
8645,2023-03-20,Fujairah,LSMGO,819.74
8646,2023-03-20,Fujairah,IFO380,450.37
8647,2023-03-20,Rotterdam,VLSFO,622.22
8648,2023-03-20,Rotterdam,LSMGO,771.58
8649,2023-03-20,Rotterdam,IFO380,451.85
8650,2023-03-20,Visakhapatnam,VLSFO,685.95
8651,2023-03-20,Visakhapatnam,LSMGO,942.7
8652,2023-03-20,Visakhapatnam,IFO380,488.19
8653,2023-03-20,Houston,VLSFO,604.62
8654,2023-03-20,Houston,LSMGO,736.59
8655,2023-03-20,Houston,IFO380,433.43
8656,2023-03-21,Singapore,VLSFO,658.75
8657,2023-03-21,Singapore,LSMGO,857.32
8658,2023-03-21,Singapore,IFO380,468.94
8659,2023-03-21,Fujairah,VLSFO,650.0
8660,2023-03-21,Fujairah,LSMGO,859.1
8661,2023-03-21,Fujairah,IFO380,465.76
8662,2023-03-21,Rotterdam,VLSFO,621.78
8663,2023-03-21,Rotterdam,LSMGO,787.55
8664,2023-03-21,Rotterdam,IFO380,451.22
8665,2023-03-21,Visakhapatnam,VLSFO,690.9
8666,2023-03-21,Visakhapatnam,LSMGO,969.34
8667,2023-03-21,Visakhapatnam,IFO380,496.4
8668,2023-03-21,Houston,VLSFO,606.98
8669,2023-03-21,Houston,LSMGO,751.63
8670,2023-03-21,Houston,IFO380,432.6
8671,2023-03-22,Singapore,VLSFO,658.17
8672,2023-03-22,Singapore,LSMGO,842.91
8673,2023-03-22,Singapore,IFO380,471.87
8674,2023-03-22,Fujairah,VLSFO,641.87
8675,2023-03-22,Fujairah,LSMGO,842.87
8676,2023-03-22,Fujairah,IFO380,458.86
8677,2023-03-22,Rotterdam,VLSFO,625.88
8678,2023-03-22,Rotterdam,LSMGO,789.11
8679,2023-03-22,Rotterdam,IFO380,450.84
8680,2023-03-22,Visakhapatnam,VLSFO,697.26
8681,2023-03-22,Visakhapatnam,LSMGO,962.1
8682,2023-03-22,Visakhapatnam,IFO380,506.6
8683,2023-03-22,Houston,VLSFO,612.89
8684,2023-03-22,Houston,LSMGO,747.99
8685,2023-03-22,Houston,IFO380,438.6
8686,2023-03-23,Singapore,VLSFO,656.66
8687,2023-03-23,Singapore,LSMGO,835.88
8688,2023-03-23,Singapore,IFO380,474.64
8689,2023-03-23,Fujairah,VLSFO,647.31
8690,2023-03-23,Fujairah,LSMGO,855.77
8691,2023-03-23,Fujairah,IFO380,463.82
8692,2023-03-23,Rotterdam,VLSFO,615.07
8693,2023-03-23,Rotterdam,LSMGO,770.82
8694,2023-03-23,Rotterdam,IFO380,442.54
8695,2023-03-23,Visakhapatnam,VLSFO,693.28
8696,2023-03-23,Visakhapatnam,LSMGO,955.35
8697,2023-03-23,Visakhapatnam,IFO380,495.9
8698,2023-03-23,Houston,VLSFO,606.84
8699,2023-03-23,Houston,LSMGO,755.84
8700,2023-03-23,Houston,IFO380,432.73
8701,2023-03-24,Singapore,VLSFO,650.8
8702,2023-03-24,Singapore,LSMGO,831.92
8703,2023-03-24,Singapore,IFO380,474.24
8704,2023-03-24,Fujairah,VLSFO,645.33
8705,2023-03-24,Fujairah,LSMGO,845.96
8706,2023-03-24,Fujairah,IFO380,466.84
8707,2023-03-24,Rotterdam,VLSFO,617.51
8708,2023-03-24,Rotterdam,LSMGO,775.03
8709,2023-03-24,Rotterdam,IFO380,444.78
8710,2023-03-24,Visakhapatnam,VLSFO,696.97
8711,2023-03-24,Visakhapatnam,LSMGO,974.4
8712,2023-03-24,Visakhapatnam,IFO380,498.41
8713,2023-03-24,Houston,VLSFO,601.61
8714,2023-03-24,Houston,LSMGO,743.62
8715,2023-03-24,Houston,IFO380,431.08
8716,2023-03-27,Singapore,VLSFO,659.1
8717,2023-03-27,Singapore,LSMGO,841.98
8718,2023-03-27,Singapore,IFO380,477.79
8719,2023-03-27,Fujairah,VLSFO,639.8
8720,2023-03-27,Fujairah,LSMGO,838.58
8721,2023-03-27,Fujairah,IFO380,463.18
8722,2023-03-27,Rotterdam,VLSFO,625.25
8723,2023-03-27,Rotterdam,LSMGO,777.22
8724,2023-03-27,Rotterdam,IFO380,450.86
8725,2023-03-27,Visakhapatnam,VLSFO,693.55
8726,2023-03-27,Visakhapatnam,LSMGO,962.58
8727,2023-03-27,Visakhapatnam,IFO380,493.75
8728,2023-03-27,Houston,VLSFO,602.13
8729,2023-03-27,Houston,LSMGO,739.72
8730,2023-03-27,Houston,IFO380,430.46
8731,2023-03-28,Singapore,VLSFO,650.71
8732,2023-03-28,Singapore,LSMGO,823.4
8733,2023-03-28,Singapore,IFO380,472.16
8734,2023-03-28,Fujairah,VLSFO,648.26
8735,2023-03-28,Fujairah,LSMGO,838.72
8736,2023-03-28,Fujairah,IFO380,463.17
8737,2023-03-28,Rotterdam,VLSFO,622.4
8738,2023-03-28,Rotterdam,LSMGO,769.43
8739,2023-03-28,Rotterdam,IFO380,459.54
8740,2023-03-28,Visakhapatnam,VLSFO,687.46
8741,2023-03-28,Visakhapatnam,LSMGO,949.44
8742,2023-03-28,Visakhapatnam,IFO380,500.23
8743,2023-03-28,Houston,VLSFO,610.46
8744,2023-03-28,Houston,LSMGO,756.36
8745,2023-03-28,Houston,IFO380,439.17
8746,2023-03-29,Singapore,VLSFO,660.89
8747,2023-03-29,Singapore,LSMGO,849.75
8748,2023-03-29,Singapore,IFO380,478.48
8749,2023-03-29,Fujairah,VLSFO,638.66
8750,2023-03-29,Fujairah,LSMGO,839.53
8751,2023-03-29,Fujairah,IFO380,455.19
8752,2023-03-29,Rotterdam,VLSFO,618.92
8753,2023-03-29,Rotterdam,LSMGO,778.08
8754,2023-03-29,Rotterdam,IFO380,442.59
8755,2023-03-29,Visakhapatnam,VLSFO,695.53
8756,2023-03-29,Visakhapatnam,LSMGO,975.39
8757,2023-03-29,Visakhapatnam,IFO380,502.25
8758,2023-03-29,Houston,VLSFO,614.03
8759,2023-03-29,Houston,LSMGO,763.55
8760,2023-03-29,Houston,IFO380,441.05
8761,2023-03-30,Singapore,VLSFO,651.61
8762,2023-03-30,Singapore,LSMGO,838.05
8763,2023-03-30,Singapore,IFO380,471.07
8764,2023-03-30,Fujairah,VLSFO,648.83
8765,2023-03-30,Fujairah,LSMGO,842.98
8766,2023-03-30,Fujairah,IFO380,473.29
8767,2023-03-30,Rotterdam,VLSFO,628.92
8768,2023-03-30,Rotterdam,LSMGO,784.45
8769,2023-03-30,Rotterdam,IFO380,453.99
8770,2023-03-30,Visakhapatnam,VLSFO,693.49
8771,2023-03-30,Visakhapatnam,LSMGO,962.87
8772,2023-03-30,Visakhapatnam,IFO380,501.48
8773,2023-03-30,Houston,VLSFO,606.55
8774,2023-03-30,Houston,LSMGO,735.75
8775,2023-03-30,Houston,IFO380,434.51
8776,2023-03-31,Singapore,VLSFO,654.01
8777,2023-03-31,Singapore,LSMGO,837.73
8778,2023-03-31,Singapore,IFO380,467.23
8779,2023-03-31,Fujairah,VLSFO,650.59
8780,2023-03-31,Fujairah,LSMGO,853.73
8781,2023-03-31,Fujairah,IFO380,462.35
8782,2023-03-31,Rotterdam,VLSFO,625.47
8783,2023-03-31,Rotterdam,LSMGO,781.59
8784,2023-03-31,Rotterdam,IFO380,450.13
8785,2023-03-31,Visakhapatnam,VLSFO,693.7
8786,2023-03-31,Visakhapatnam,LSMGO,966.52
8787,2023-03-31,Visakhapatnam,IFO380,497.15
8788,2023-03-31,Houston,VLSFO,604.54
8789,2023-03-31,Houston,LSMGO,737.2
8790,2023-03-31,Houston,IFO380,427.09
8791,2023-04-03,Singapore,VLSFO,651.81
8792,2023-04-03,Singapore,LSMGO,836.5
8793,2023-04-03,Singapore,IFO380,468.12
8794,2023-04-03,Fujairah,VLSFO,636.12
8795,2023-04-03,Fujairah,LSMGO,828.18
8796,2023-04-03,Fujairah,IFO380,454.56
8797,2023-04-03,Rotterdam,VLSFO,625.0
8798,2023-04-03,Rotterdam,LSMGO,774.77
8799,2023-04-03,Rotterdam,IFO380,456.15
8800,2023-04-03,Visakhapatnam,VLSFO,704.6
8801,2023-04-03,Visakhapatnam,LSMGO,967.07
8802,2023-04-03,Visakhapatnam,IFO380,508.48
8803,2023-04-03,Houston,VLSFO,613.38
8804,2023-04-03,Houston,LSMGO,746.41
8805,2023-04-03,Houston,IFO380,447.69
8806,2023-04-04,Singapore,VLSFO,659.04
8807,2023-04-04,Singapore,LSMGO,835.56
8808,2023-04-04,Singapore,IFO380,473.6
8809,2023-04-04,Fujairah,VLSFO,635.17
8810,2023-04-04,Fujairah,LSMGO,835.41
8811,2023-04-04,Fujairah,IFO380,458.13
8812,2023-04-04,Rotterdam,VLSFO,617.43
8813,2023-04-04,Rotterdam,LSMGO,789.17
8814,2023-04-04,Rotterdam,IFO380,441.73
8815,2023-04-04,Visakhapatnam,VLSFO,696.25
8816,2023-04-04,Visakhapatnam,LSMGO,957.95
8817,2023-04-04,Visakhapatnam,IFO380,496.17
8818,2023-04-04,Houston,VLSFO,610.46
8819,2023-04-04,Houston,LSMGO,748.39
8820,2023-04-04,Houston,IFO380,436.52
8821,2023-04-05,Singapore,VLSFO,649.87
8822,2023-04-05,Singapore,LSMGO,831.86
8823,2023-04-05,Singapore,IFO380,473.74
8824,2023-04-05,Fujairah,VLSFO,635.25
8825,2023-04-05,Fujairah,LSMGO,826.29
8826,2023-04-05,Fujairah,IFO380,456.34
8827,2023-04-05,Rotterdam,VLSFO,616.49
8828,2023-04-05,Rotterdam,LSMGO,765.85
8829,2023-04-05,Rotterdam,IFO380,440.5
8830,2023-04-05,Visakhapatnam,VLSFO,697.27
8831,2023-04-05,Visakhapatnam,LSMGO,959.29
8832,2023-04-05,Visakhapatnam,IFO380,501.49
8833,2023-04-05,Houston,VLSFO,599.84
8834,2023-04-05,Houston,LSMGO,741.56
8835,2023-04-05,Houston,IFO380,434.76
8836,2023-04-06,Singapore,VLSFO,648.86
8837,2023-04-06,Singapore,LSMGO,833.1
8838,2023-04-06,Singapore,IFO380,467.73
8839,2023-04-06,Fujairah,VLSFO,643.63
8840,2023-04-06,Fujairah,LSMGO,844.82
8841,2023-04-06,Fujairah,IFO380,464.45
8842,2023-04-06,Rotterdam,VLSFO,622.15
8843,2023-04-06,Rotterdam,LSMGO,774.54
8844,2023-04-06,Rotterdam,IFO380,450.42
8845,2023-04-06,Visakhapatnam,VLSFO,688.53
8846,2023-04-06,Visakhapatnam,LSMGO,943.05
8847,2023-04-06,Visakhapatnam,IFO380,495.07
8848,2023-04-06,Houston,VLSFO,609.71
8849,2023-04-06,Houston,LSMGO,750.19
8850,2023-04-06,Houston,IFO380,448.95
8851,2023-04-07,Singapore,VLSFO,656.25
8852,2023-04-07,Singapore,LSMGO,830.79
8853,2023-04-07,Singapore,IFO380,470.21
8854,2023-04-07,Fujairah,VLSFO,641.7
8855,2023-04-07,Fujairah,LSMGO,835.65
8856,2023-04-07,Fujairah,IFO380,468.25
8857,2023-04-07,Rotterdam,VLSFO,614.64
8858,2023-04-07,Rotterdam,LSMGO,786.94
8859,2023-04-07,Rotterdam,IFO380,443.23
8860,2023-04-07,Visakhapatnam,VLSFO,691.82
8861,2023-04-07,Visakhapatnam,LSMGO,961.76
8862,2023-04-07,Visakhapatnam,IFO380,496.71
8863,2023-04-07,Houston,VLSFO,609.01
8864,2023-04-07,Houston,LSMGO,747.35
8865,2023-04-07,Houston,IFO380,440.85
8866,2023-04-10,Singapore,VLSFO,661.36
8867,2023-04-10,Singapore,LSMGO,851.45
8868,2023-04-10,Singapore,IFO380,473.04
8869,2023-04-10,Fujairah,VLSFO,631.79
8870,2023-04-10,Fujairah,LSMGO,831.35
8871,2023-04-10,Fujairah,IFO380,455.11
8872,2023-04-10,Rotterdam,VLSFO,617.59
8873,2023-04-10,Rotterdam,LSMGO,761.78
8874,2023-04-10,Rotterdam,IFO380,442.91
8875,2023-04-10,Visakhapatnam,VLSFO,695.74
8876,2023-04-10,Visakhapatnam,LSMGO,958.99
8877,2023-04-10,Visakhapatnam,IFO380,497.46
8878,2023-04-10,Houston,VLSFO,609.92
8879,2023-04-10,Houston,LSMGO,757.13
8880,2023-04-10,Houston,IFO380,438.64
8881,2023-04-11,Singapore,VLSFO,657.73
8882,2023-04-11,Singapore,LSMGO,838.85
8883,2023-04-11,Singapore,IFO380,475.77
8884,2023-04-11,Fujairah,VLSFO,629.61
8885,2023-04-11,Fujairah,LSMGO,841.37
8886,2023-04-11,Fujairah,IFO380,452.65
8887,2023-04-11,Rotterdam,VLSFO,620.32
8888,2023-04-11,Rotterdam,LSMGO,770.88
8889,2023-04-11,Rotterdam,IFO380,445.39
8890,2023-04-11,Visakhapatnam,VLSFO,697.67
8891,2023-04-11,Visakhapatnam,LSMGO,985.34
8892,2023-04-11,Visakhapatnam,IFO380,497.15
8893,2023-04-11,Houston,VLSFO,619.9
8894,2023-04-11,Houston,LSMGO,759.4
8895,2023-04-11,Houston,IFO380,449.05
8896,2023-04-12,Singapore,VLSFO,652.0
8897,2023-04-12,Singapore,LSMGO,832.37
8898,2023-04-12,Singapore,IFO380,473.92
8899,2023-04-12,Fujairah,VLSFO,641.27
8900,2023-04-12,Fujairah,LSMGO,829.1
8901,2023-04-12,Fujairah,IFO380,460.91
8902,2023-04-12,Rotterdam,VLSFO,620.12
8903,2023-04-12,Rotterdam,LSMGO,785.86
8904,2023-04-12,Rotterdam,IFO380,444.42
8905,2023-04-12,Visakhapatnam,VLSFO,689.32
8906,2023-04-12,Visakhapatnam,LSMGO,944.35
8907,2023-04-12,Visakhapatnam,IFO380,493.52
8908,2023-04-12,Houston,VLSFO,597.03
8909,2023-04-12,Houston,LSMGO,730.64
8910,2023-04-12,Houston,IFO380,436.8
8911,2023-04-13,Singapore,VLSFO,651.33
8912,2023-04-13,Singapore,LSMGO,839.19
8913,2023-04-13,Singapore,IFO380,469.79
8914,2023-04-13,Fujairah,VLSFO,652.99
8915,2023-04-13,Fujairah,LSMGO,846.69
8916,2023-04-13,Fujairah,IFO380,468.91
8917,2023-04-13,Rotterdam,VLSFO,620.99
8918,2023-04-13,Rotterdam,LSMGO,785.69
8919,2023-04-13,Rotterdam,IFO380,449.18
8920,2023-04-13,Visakhapatnam,VLSFO,698.39
8921,2023-04-13,Visakhapatnam,LSMGO,966.16
8922,2023-04-13,Visakhapatnam,IFO380,501.56
8923,2023-04-13,Houston,VLSFO,599.89
8924,2023-04-13,Houston,LSMGO,740.72
8925,2023-04-13,Houston,IFO380,429.77
8926,2023-04-14,Singapore,VLSFO,652.57
8927,2023-04-14,Singapore,LSMGO,832.21
8928,2023-04-14,Singapore,IFO380,468.47
8929,2023-04-14,Fujairah,VLSFO,638.95
8930,2023-04-14,Fujairah,LSMGO,835.45
8931,2023-04-14,Fujairah,IFO380,450.93
8932,2023-04-14,Rotterdam,VLSFO,623.61
8933,2023-04-14,Rotterdam,LSMGO,774.85
8934,2023-04-14,Rotterdam,IFO380,449.64
8935,2023-04-14,Visakhapatnam,VLSFO,702.17
8936,2023-04-14,Visakhapatnam,LSMGO,971.47
8937,2023-04-14,Visakhapatnam,IFO380,500.82
8938,2023-04-14,Houston,VLSFO,611.41
8939,2023-04-14,Houston,LSMGO,745.05
8940,2023-04-14,Houston,IFO380,441.16
8941,2023-04-17,Singapore,VLSFO,648.26
8942,2023-04-17,Singapore,LSMGO,825.0
8943,2023-04-17,Singapore,IFO380,463.71
8944,2023-04-17,Fujairah,VLSFO,633.75
8945,2023-04-17,Fujairah,LSMGO,814.72
8946,2023-04-17,Fujairah,IFO380,456.56
8947,2023-04-17,Rotterdam,VLSFO,629.48
8948,2023-04-17,Rotterdam,LSMGO,805.07
8949,2023-04-17,Rotterdam,IFO380,456.59
8950,2023-04-17,Visakhapatnam,VLSFO,687.63
8951,2023-04-17,Visakhapatnam,LSMGO,954.78
8952,2023-04-17,Visakhapatnam,IFO380,498.23
8953,2023-04-17,Houston,VLSFO,611.4
8954,2023-04-17,Houston,LSMGO,743.31
8955,2023-04-17,Houston,IFO380,436.19
8956,2023-04-18,Singapore,VLSFO,656.88
8957,2023-04-18,Singapore,LSMGO,819.25
8958,2023-04-18,Singapore,IFO380,472.0
8959,2023-04-18,Fujairah,VLSFO,643.4
8960,2023-04-18,Fujairah,LSMGO,840.75
8961,2023-04-18,Fujairah,IFO380,464.18
8962,2023-04-18,Rotterdam,VLSFO,621.0
8963,2023-04-18,Rotterdam,LSMGO,774.24
8964,2023-04-18,Rotterdam,IFO380,452.15
8965,2023-04-18,Visakhapatnam,VLSFO,696.47
8966,2023-04-18,Visakhapatnam,LSMGO,948.72
8967,2023-04-18,Visakhapatnam,IFO380,506.17
8968,2023-04-18,Houston,VLSFO,604.67
8969,2023-04-18,Houston,LSMGO,749.4
8970,2023-04-18,Houston,IFO380,437.9
8971,2023-04-19,Singapore,VLSFO,656.8
8972,2023-04-19,Singapore,LSMGO,834.75
8973,2023-04-19,Singapore,IFO380,481.02
8974,2023-04-19,Fujairah,VLSFO,646.02
8975,2023-04-19,Fujairah,LSMGO,850.27
8976,2023-04-19,Fujairah,IFO380,454.29
8977,2023-04-19,Rotterdam,VLSFO,624.66
8978,2023-04-19,Rotterdam,LSMGO,789.08
8979,2023-04-19,Rotterdam,IFO380,461.12
8980,2023-04-19,Visakhapatnam,VLSFO,692.31
8981,2023-04-19,Visakhapatnam,LSMGO,956.38
8982,2023-04-19,Visakhapatnam,IFO380,500.16
8983,2023-04-19,Houston,VLSFO,607.0
8984,2023-04-19,Houston,LSMGO,737.64
8985,2023-04-19,Houston,IFO380,437.44
8986,2023-04-20,Singapore,VLSFO,656.56
8987,2023-04-20,Singapore,LSMGO,841.89
8988,2023-04-20,Singapore,IFO380,470.32
8989,2023-04-20,Fujairah,VLSFO,637.95
8990,2023-04-20,Fujairah,LSMGO,833.3
8991,2023-04-20,Fujairah,IFO380,455.82
8992,2023-04-20,Rotterdam,VLSFO,613.15
8993,2023-04-20,Rotterdam,LSMGO,771.84
8994,2023-04-20,Rotterdam,IFO380,445.13
8995,2023-04-20,Visakhapatnam,VLSFO,694.6
8996,2023-04-20,Visakhapatnam,LSMGO,956.15
8997,2023-04-20,Visakhapatnam,IFO380,507.47
8998,2023-04-20,Houston,VLSFO,605.7
8999,2023-04-20,Houston,LSMGO,733.95
9000,2023-04-20,Houston,IFO380,435.07
9001,2023-04-21,Singapore,VLSFO,649.93
9002,2023-04-21,Singapore,LSMGO,833.38
9003,2023-04-21,Singapore,IFO380,472.68
9004,2023-04-21,Fujairah,VLSFO,627.72
9005,2023-04-21,Fujairah,LSMGO,818.35
9006,2023-04-21,Fujairah,IFO380,452.9
9007,2023-04-21,Rotterdam,VLSFO,620.82
9008,2023-04-21,Rotterdam,LSMGO,783.48
9009,2023-04-21,Rotterdam,IFO380,446.29
9010,2023-04-21,Visakhapatnam,VLSFO,696.29
9011,2023-04-21,Visakhapatnam,LSMGO,956.66
9012,2023-04-21,Visakhapatnam,IFO380,494.47
9013,2023-04-21,Houston,VLSFO,605.28
9014,2023-04-21,Houston,LSMGO,752.77
9015,2023-04-21,Houston,IFO380,428.71
9016,2023-04-24,Singapore,VLSFO,653.28
9017,2023-04-24,Singapore,LSMGO,853.31
9018,2023-04-24,Singapore,IFO380,471.93
9019,2023-04-24,Fujairah,VLSFO,636.47
9020,2023-04-24,Fujairah,LSMGO,824.03
9021,2023-04-24,Fujairah,IFO380,457.75
9022,2023-04-24,Rotterdam,VLSFO,619.31
9023,2023-04-24,Rotterdam,LSMGO,780.4
9024,2023-04-24,Rotterdam,IFO380,443.77
9025,2023-04-24,Visakhapatnam,VLSFO,701.33
9026,2023-04-24,Visakhapatnam,LSMGO,962.52
9027,2023-04-24,Visakhapatnam,IFO380,504.46
9028,2023-04-24,Houston,VLSFO,604.32
9029,2023-04-24,Houston,LSMGO,753.67
9030,2023-04-24,Houston,IFO380,437.64
9031,2023-04-25,Singapore,VLSFO,663.78
9032,2023-04-25,Singapore,LSMGO,849.33
9033,2023-04-25,Singapore,IFO380,475.34
9034,2023-04-25,Fujairah,VLSFO,643.49
9035,2023-04-25,Fujairah,LSMGO,849.21
9036,2023-04-25,Fujairah,IFO380,460.87
9037,2023-04-25,Rotterdam,VLSFO,623.42
9038,2023-04-25,Rotterdam,LSMGO,781.25
9039,2023-04-25,Rotterdam,IFO380,446.45
9040,2023-04-25,Visakhapatnam,VLSFO,696.48
9041,2023-04-25,Visakhapatnam,LSMGO,970.59
9042,2023-04-25,Visakhapatnam,IFO380,498.4
9043,2023-04-25,Houston,VLSFO,604.85
9044,2023-04-25,Houston,LSMGO,739.55
9045,2023-04-25,Houston,IFO380,427.21
9046,2023-04-26,Singapore,VLSFO,656.82
9047,2023-04-26,Singapore,LSMGO,833.46
9048,2023-04-26,Singapore,IFO380,479.73
9049,2023-04-26,Fujairah,VLSFO,636.0
9050,2023-04-26,Fujairah,LSMGO,822.4
9051,2023-04-26,Fujairah,IFO380,450.5
9052,2023-04-26,Rotterdam,VLSFO,618.15
9053,2023-04-26,Rotterdam,LSMGO,769.47
9054,2023-04-26,Rotterdam,IFO380,447.23
9055,2023-04-26,Visakhapatnam,VLSFO,693.78
9056,2023-04-26,Visakhapatnam,LSMGO,962.1
9057,2023-04-26,Visakhapatnam,IFO380,501.5
9058,2023-04-26,Houston,VLSFO,605.2
9059,2023-04-26,Houston,LSMGO,742.64
9060,2023-04-26,Houston,IFO380,432.05
9061,2023-04-27,Singapore,VLSFO,657.77
9062,2023-04-27,Singapore,LSMGO,842.65
9063,2023-04-27,Singapore,IFO380,468.12
9064,2023-04-27,Fujairah,VLSFO,643.36
9065,2023-04-27,Fujairah,LSMGO,842.25
9066,2023-04-27,Fujairah,IFO380,461.43
9067,2023-04-27,Rotterdam,VLSFO,622.03
9068,2023-04-27,Rotterdam,LSMGO,779.73
9069,2023-04-27,Rotterdam,IFO380,456.1
9070,2023-04-27,Visakhapatnam,VLSFO,690.05
9071,2023-04-27,Visakhapatnam,LSMGO,960.87
9072,2023-04-27,Visakhapatnam,IFO380,496.05
9073,2023-04-27,Houston,VLSFO,603.26
9074,2023-04-27,Houston,LSMGO,751.96
9075,2023-04-27,Houston,IFO380,436.23
9076,2023-04-28,Singapore,VLSFO,654.18
9077,2023-04-28,Singapore,LSMGO,830.79
9078,2023-04-28,Singapore,IFO380,468.95
9079,2023-04-28,Fujairah,VLSFO,646.15
9080,2023-04-28,Fujairah,LSMGO,854.57
9081,2023-04-28,Fujairah,IFO380,462.7
9082,2023-04-28,Rotterdam,VLSFO,625.39
9083,2023-04-28,Rotterdam,LSMGO,785.77
9084,2023-04-28,Rotterdam,IFO380,447.43
9085,2023-04-28,Visakhapatnam,VLSFO,685.83
9086,2023-04-28,Visakhapatnam,LSMGO,953.94
9087,2023-04-28,Visakhapatnam,IFO380,496.09
9088,2023-04-28,Houston,VLSFO,609.12
9089,2023-04-28,Houston,LSMGO,746.35
9090,2023-04-28,Houston,IFO380,437.72
9091,2023-05-01,Singapore,VLSFO,639.47
9092,2023-05-01,Singapore,LSMGO,817.54
9093,2023-05-01,Singapore,IFO380,458.49
9094,2023-05-01,Fujairah,VLSFO,637.77
9095,2023-05-01,Fujairah,LSMGO,823.23
9096,2023-05-01,Fujairah,IFO380,458.05
9097,2023-05-01,Rotterdam,VLSFO,625.01
9098,2023-05-01,Rotterdam,LSMGO,774.65
9099,2023-05-01,Rotterdam,IFO380,455.1
9100,2023-05-01,Visakhapatnam,VLSFO,697.43
9101,2023-05-01,Visakhapatnam,LSMGO,962.9
9102,2023-05-01,Visakhapatnam,IFO380,501.24
9103,2023-05-01,Houston,VLSFO,605.63
9104,2023-05-01,Houston,LSMGO,750.44
9105,2023-05-01,Houston,IFO380,435.18
9106,2023-05-02,Singapore,VLSFO,655.15
9107,2023-05-02,Singapore,LSMGO,839.77
9108,2023-05-02,Singapore,IFO380,473.46
9109,2023-05-02,Fujairah,VLSFO,630.22
9110,2023-05-02,Fujairah,LSMGO,827.63
9111,2023-05-02,Fujairah,IFO380,461.45
9112,2023-05-02,Rotterdam,VLSFO,628.33
9113,2023-05-02,Rotterdam,LSMGO,805.23
9114,2023-05-02,Rotterdam,IFO380,456.18
9115,2023-05-02,Visakhapatnam,VLSFO,693.09
9116,2023-05-02,Visakhapatnam,LSMGO,951.7
9117,2023-05-02,Visakhapatnam,IFO380,495.74
9118,2023-05-02,Houston,VLSFO,609.16
9119,2023-05-02,Houston,LSMGO,746.76
9120,2023-05-02,Houston,IFO380,439.46
9121,2023-05-03,Singapore,VLSFO,649.33
9122,2023-05-03,Singapore,LSMGO,837.53
9123,2023-05-03,Singapore,IFO380,470.64
9124,2023-05-03,Fujairah,VLSFO,630.39
9125,2023-05-03,Fujairah,LSMGO,819.94
9126,2023-05-03,Fujairah,IFO380,460.65
9127,2023-05-03,Rotterdam,VLSFO,625.09
9128,2023-05-03,Rotterdam,LSMGO,785.0
9129,2023-05-03,Rotterdam,IFO380,452.91
9130,2023-05-03,Visakhapatnam,VLSFO,691.13
9131,2023-05-03,Visakhapatnam,LSMGO,950.93
9132,2023-05-03,Visakhapatnam,IFO380,501.89
9133,2023-05-03,Houston,VLSFO,615.82
9134,2023-05-03,Houston,LSMGO,750.45
9135,2023-05-03,Houston,IFO380,442.17
9136,2023-05-04,Singapore,VLSFO,643.94
9137,2023-05-04,Singapore,LSMGO,819.02
9138,2023-05-04,Singapore,IFO380,463.42
9139,2023-05-04,Fujairah,VLSFO,639.81
9140,2023-05-04,Fujairah,LSMGO,830.22
9141,2023-05-04,Fujairah,IFO380,460.37
9142,2023-05-04,Rotterdam,VLSFO,621.75
9143,2023-05-04,Rotterdam,LSMGO,775.87
9144,2023-05-04,Rotterdam,IFO380,448.4
9145,2023-05-04,Visakhapatnam,VLSFO,692.9
9146,2023-05-04,Visakhapatnam,LSMGO,963.68
9147,2023-05-04,Visakhapatnam,IFO380,503.9
9148,2023-05-04,Houston,VLSFO,603.27
9149,2023-05-04,Houston,LSMGO,738.05
9150,2023-05-04,Houston,IFO380,433.38
9151,2023-05-05,Singapore,VLSFO,654.27
9152,2023-05-05,Singapore,LSMGO,838.52
9153,2023-05-05,Singapore,IFO380,472.18
9154,2023-05-05,Fujairah,VLSFO,634.99
9155,2023-05-05,Fujairah,LSMGO,819.51
9156,2023-05-05,Fujairah,IFO380,457.98
9157,2023-05-05,Rotterdam,VLSFO,625.68
9158,2023-05-05,Rotterdam,LSMGO,780.61
9159,2023-05-05,Rotterdam,IFO380,444.88
9160,2023-05-05,Visakhapatnam,VLSFO,684.63
9161,2023-05-05,Visakhapatnam,LSMGO,946.48
9162,2023-05-05,Visakhapatnam,IFO380,493.65
9163,2023-05-05,Houston,VLSFO,603.94
9164,2023-05-05,Houston,LSMGO,754.62
9165,2023-05-05,Houston,IFO380,436.56
9166,2023-05-08,Singapore,VLSFO,656.95
9167,2023-05-08,Singapore,LSMGO,844.1
9168,2023-05-08,Singapore,IFO380,478.02
9169,2023-05-08,Fujairah,VLSFO,635.86
9170,2023-05-08,Fujairah,LSMGO,830.72
9171,2023-05-08,Fujairah,IFO380,454.94
9172,2023-05-08,Rotterdam,VLSFO,613.55
9173,2023-05-08,Rotterdam,LSMGO,765.34
9174,2023-05-08,Rotterdam,IFO380,445.53
9175,2023-05-08,Visakhapatnam,VLSFO,680.39
9176,2023-05-08,Visakhapatnam,LSMGO,948.55
9177,2023-05-08,Visakhapatnam,IFO380,489.91
9178,2023-05-08,Houston,VLSFO,609.02
9179,2023-05-08,Houston,LSMGO,744.1
9180,2023-05-08,Houston,IFO380,440.13
9181,2023-05-09,Singapore,VLSFO,644.05
9182,2023-05-09,Singapore,LSMGO,842.73
9183,2023-05-09,Singapore,IFO380,466.75
9184,2023-05-09,Fujairah,VLSFO,637.78
9185,2023-05-09,Fujairah,LSMGO,826.27
9186,2023-05-09,Fujairah,IFO380,454.52
9187,2023-05-09,Rotterdam,VLSFO,618.19
9188,2023-05-09,Rotterdam,LSMGO,783.01
9189,2023-05-09,Rotterdam,IFO380,436.84
9190,2023-05-09,Visakhapatnam,VLSFO,689.17
9191,2023-05-09,Visakhapatnam,LSMGO,942.38
9192,2023-05-09,Visakhapatnam,IFO380,496.14
9193,2023-05-09,Houston,VLSFO,598.32
9194,2023-05-09,Houston,LSMGO,720.91
9195,2023-05-09,Houston,IFO380,432.66
9196,2023-05-10,Singapore,VLSFO,645.28
9197,2023-05-10,Singapore,LSMGO,815.97
9198,2023-05-10,Singapore,IFO380,465.31
9199,2023-05-10,Fujairah,VLSFO,638.07
9200,2023-05-10,Fujairah,LSMGO,824.96
9201,2023-05-10,Fujairah,IFO380,464.09
9202,2023-05-10,Rotterdam,VLSFO,615.34
9203,2023-05-10,Rotterdam,LSMGO,775.72
9204,2023-05-10,Rotterdam,IFO380,443.08
9205,2023-05-10,Visakhapatnam,VLSFO,684.27
9206,2023-05-10,Visakhapatnam,LSMGO,949.74
9207,2023-05-10,Visakhapatnam,IFO380,491.07
9208,2023-05-10,Houston,VLSFO,598.68
9209,2023-05-10,Houston,LSMGO,743.82
9210,2023-05-10,Houston,IFO380,435.81
9211,2023-05-11,Singapore,VLSFO,644.24
9212,2023-05-11,Singapore,LSMGO,828.59
9213,2023-05-11,Singapore,IFO380,464.52
9214,2023-05-11,Fujairah,VLSFO,631.64
9215,2023-05-11,Fujairah,LSMGO,832.85
9216,2023-05-11,Fujairah,IFO380,448.15
9217,2023-05-11,Rotterdam,VLSFO,623.32
9218,2023-05-11,Rotterdam,LSMGO,774.6
9219,2023-05-11,Rotterdam,IFO380,454.05
9220,2023-05-11,Visakhapatnam,VLSFO,689.01
9221,2023-05-11,Visakhapatnam,LSMGO,942.03
9222,2023-05-11,Visakhapatnam,IFO380,497.02
9223,2023-05-11,Houston,VLSFO,604.07
9224,2023-05-11,Houston,LSMGO,746.67
9225,2023-05-11,Houston,IFO380,435.88
9226,2023-05-12,Singapore,VLSFO,647.76
9227,2023-05-12,Singapore,LSMGO,825.63
9228,2023-05-12,Singapore,IFO380,467.11
9229,2023-05-12,Fujairah,VLSFO,636.8
9230,2023-05-12,Fujairah,LSMGO,828.78
9231,2023-05-12,Fujairah,IFO380,463.93
9232,2023-05-12,Rotterdam,VLSFO,610.05
9233,2023-05-12,Rotterdam,LSMGO,773.67
9234,2023-05-12,Rotterdam,IFO380,439.88
9235,2023-05-12,Visakhapatnam,VLSFO,685.94
9236,2023-05-12,Visakhapatnam,LSMGO,942.84
9237,2023-05-12,Visakhapatnam,IFO380,495.46
9238,2023-05-12,Houston,VLSFO,594.68
9239,2023-05-12,Houston,LSMGO,725.82
9240,2023-05-12,Houston,IFO380,426.53
9241,2023-05-15,Singapore,VLSFO,634.39
9242,2023-05-15,Singapore,LSMGO,807.88
9243,2023-05-15,Singapore,IFO380,458.73
9244,2023-05-15,Fujairah,VLSFO,632.85
9245,2023-05-15,Fujairah,LSMGO,829.95
9246,2023-05-15,Fujairah,IFO380,448.38
9247,2023-05-15,Rotterdam,VLSFO,602.48
9248,2023-05-15,Rotterdam,LSMGO,757.87
9249,2023-05-15,Rotterdam,IFO380,435.45
9250,2023-05-15,Visakhapatnam,VLSFO,691.2
9251,2023-05-15,Visakhapatnam,LSMGO,948.9
9252,2023-05-15,Visakhapatnam,IFO380,498.78
9253,2023-05-15,Houston,VLSFO,607.85
9254,2023-05-15,Houston,LSMGO,744.66
9255,2023-05-15,Houston,IFO380,435.34
9256,2023-05-16,Singapore,VLSFO,641.62
9257,2023-05-16,Singapore,LSMGO,820.08
9258,2023-05-16,Singapore,IFO380,459.51
9259,2023-05-16,Fujairah,VLSFO,639.24
9260,2023-05-16,Fujairah,LSMGO,835.8
9261,2023-05-16,Fujairah,IFO380,467.23
9262,2023-05-16,Rotterdam,VLSFO,615.71
9263,2023-05-16,Rotterdam,LSMGO,775.79
9264,2023-05-16,Rotterdam,IFO380,445.35
9265,2023-05-16,Visakhapatnam,VLSFO,683.58
9266,2023-05-16,Visakhapatnam,LSMGO,940.93
9267,2023-05-16,Visakhapatnam,IFO380,493.28
9268,2023-05-16,Houston,VLSFO,617.88
9269,2023-05-16,Houston,LSMGO,756.93
9270,2023-05-16,Houston,IFO380,449.62
9271,2023-05-17,Singapore,VLSFO,650.78
9272,2023-05-17,Singapore,LSMGO,837.55
9273,2023-05-17,Singapore,IFO380,467.17
9274,2023-05-17,Fujairah,VLSFO,631.97
9275,2023-05-17,Fujairah,LSMGO,832.29
9276,2023-05-17,Fujairah,IFO380,453.85
9277,2023-05-17,Rotterdam,VLSFO,617.06
9278,2023-05-17,Rotterdam,LSMGO,774.83
9279,2023-05-17,Rotterdam,IFO380,439.54
9280,2023-05-17,Visakhapatnam,VLSFO,678.49
9281,2023-05-17,Visakhapatnam,LSMGO,946.41
9282,2023-05-17,Visakhapatnam,IFO380,488.29
9283,2023-05-17,Houston,VLSFO,597.8
9284,2023-05-17,Houston,LSMGO,717.27
9285,2023-05-17,Houston,IFO380,433.12
9286,2023-05-18,Singapore,VLSFO,646.97
9287,2023-05-18,Singapore,LSMGO,826.74
9288,2023-05-18,Singapore,IFO380,471.64
9289,2023-05-18,Fujairah,VLSFO,632.19
9290,2023-05-18,Fujairah,LSMGO,813.58
9291,2023-05-18,Fujairah,IFO380,459.85
9292,2023-05-18,Rotterdam,VLSFO,612.24
9293,2023-05-18,Rotterdam,LSMGO,767.75
9294,2023-05-18,Rotterdam,IFO380,445.3
9295,2023-05-18,Visakhapatnam,VLSFO,692.41
9296,2023-05-18,Visakhapatnam,LSMGO,950.04
9297,2023-05-18,Visakhapatnam,IFO380,503.58
9298,2023-05-18,Houston,VLSFO,586.41
9299,2023-05-18,Houston,LSMGO,721.57
9300,2023-05-18,Houston,IFO380,427.15
9301,2023-05-19,Singapore,VLSFO,640.07
9302,2023-05-19,Singapore,LSMGO,820.51
9303,2023-05-19,Singapore,IFO380,459.67
9304,2023-05-19,Fujairah,VLSFO,630.51
9305,2023-05-19,Fujairah,LSMGO,822.49
9306,2023-05-19,Fujairah,IFO380,453.05
9307,2023-05-19,Rotterdam,VLSFO,612.14
9308,2023-05-19,Rotterdam,LSMGO,759.78
9309,2023-05-19,Rotterdam,IFO380,446.48
9310,2023-05-19,Visakhapatnam,VLSFO,686.73
9311,2023-05-19,Visakhapatnam,LSMGO,961.13
9312,2023-05-19,Visakhapatnam,IFO380,492.94
9313,2023-05-19,Houston,VLSFO,597.37
9314,2023-05-19,Houston,LSMGO,734.51
9315,2023-05-19,Houston,IFO380,424.16
9316,2023-05-22,Singapore,VLSFO,648.84
9317,2023-05-22,Singapore,LSMGO,843.48
9318,2023-05-22,Singapore,IFO380,466.59
9319,2023-05-22,Fujairah,VLSFO,631.52
9320,2023-05-22,Fujairah,LSMGO,828.04
9321,2023-05-22,Fujairah,IFO380,441.29
9322,2023-05-22,Rotterdam,VLSFO,609.34
9323,2023-05-22,Rotterdam,LSMGO,761.54
9324,2023-05-22,Rotterdam,IFO380,440.66
9325,2023-05-22,Visakhapatnam,VLSFO,673.33
9326,2023-05-22,Visakhapatnam,LSMGO,933.63
9327,2023-05-22,Visakhapatnam,IFO380,484.61
9328,2023-05-22,Houston,VLSFO,599.36
9329,2023-05-22,Houston,LSMGO,722.49
9330,2023-05-22,Houston,IFO380,434.08
9331,2023-05-23,Singapore,VLSFO,636.27
9332,2023-05-23,Singapore,LSMGO,811.55
9333,2023-05-23,Singapore,IFO380,459.32
9334,2023-05-23,Fujairah,VLSFO,636.03
9335,2023-05-23,Fujairah,LSMGO,825.69
9336,2023-05-23,Fujairah,IFO380,456.47
9337,2023-05-23,Rotterdam,VLSFO,610.04
9338,2023-05-23,Rotterdam,LSMGO,761.08
9339,2023-05-23,Rotterdam,IFO380,440.69
9340,2023-05-23,Visakhapatnam,VLSFO,685.01
9341,2023-05-23,Visakhapatnam,LSMGO,964.03
9342,2023-05-23,Visakhapatnam,IFO380,491.2
9343,2023-05-23,Houston,VLSFO,605.64
9344,2023-05-23,Houston,LSMGO,733.37
9345,2023-05-23,Houston,IFO380,428.58
9346,2023-05-24,Singapore,VLSFO,635.37
9347,2023-05-24,Singapore,LSMGO,812.54
9348,2023-05-24,Singapore,IFO380,458.91
9349,2023-05-24,Fujairah,VLSFO,631.91
9350,2023-05-24,Fujairah,LSMGO,834.63
9351,2023-05-24,Fujairah,IFO380,457.98
9352,2023-05-24,Rotterdam,VLSFO,614.72
9353,2023-05-24,Rotterdam,LSMGO,773.13
9354,2023-05-24,Rotterdam,IFO380,444.96
9355,2023-05-24,Visakhapatnam,VLSFO,686.31
9356,2023-05-24,Visakhapatnam,LSMGO,951.61
9357,2023-05-24,Visakhapatnam,IFO380,493.2
9358,2023-05-24,Houston,VLSFO,608.03
9359,2023-05-24,Houston,LSMGO,743.63
9360,2023-05-24,Houston,IFO380,439.28
9361,2023-05-25,Singapore,VLSFO,644.23
9362,2023-05-25,Singapore,LSMGO,820.99
9363,2023-05-25,Singapore,IFO380,468.36
9364,2023-05-25,Fujairah,VLSFO,646.29
9365,2023-05-25,Fujairah,LSMGO,841.18
9366,2023-05-25,Fujairah,IFO380,460.54
9367,2023-05-25,Rotterdam,VLSFO,611.31
9368,2023-05-25,Rotterdam,LSMGO,759.9
9369,2023-05-25,Rotterdam,IFO380,438.56
9370,2023-05-25,Visakhapatnam,VLSFO,676.02
9371,2023-05-25,Visakhapatnam,LSMGO,934.59
9372,2023-05-25,Visakhapatnam,IFO380,484.43
9373,2023-05-25,Houston,VLSFO,598.31
9374,2023-05-25,Houston,LSMGO,740.97
9375,2023-05-25,Houston,IFO380,433.53
9376,2023-05-26,Singapore,VLSFO,644.02
9377,2023-05-26,Singapore,LSMGO,836.56
9378,2023-05-26,Singapore,IFO380,462.09
9379,2023-05-26,Fujairah,VLSFO,617.59
9380,2023-05-26,Fujairah,LSMGO,806.31
9381,2023-05-26,Fujairah,IFO380,450.53
9382,2023-05-26,Rotterdam,VLSFO,612.67
9383,2023-05-26,Rotterdam,LSMGO,775.85
9384,2023-05-26,Rotterdam,IFO380,444.6
9385,2023-05-26,Visakhapatnam,VLSFO,684.34
9386,2023-05-26,Visakhapatnam,LSMGO,941.08
9387,2023-05-26,Visakhapatnam,IFO380,494.06
9388,2023-05-26,Houston,VLSFO,595.18
9389,2023-05-26,Houston,LSMGO,727.29
9390,2023-05-26,Houston,IFO380,428.3
9391,2023-05-29,Singapore,VLSFO,631.14
9392,2023-05-29,Singapore,LSMGO,807.27
9393,2023-05-29,Singapore,IFO380,458.04
9394,2023-05-29,Fujairah,VLSFO,626.94
9395,2023-05-29,Fujairah,LSMGO,817.16
9396,2023-05-29,Fujairah,IFO380,452.56
9397,2023-05-29,Rotterdam,VLSFO,609.36
9398,2023-05-29,Rotterdam,LSMGO,769.02
9399,2023-05-29,Rotterdam,IFO380,434.82
9400,2023-05-29,Visakhapatnam,VLSFO,680.26
9401,2023-05-29,Visakhapatnam,LSMGO,950.9
9402,2023-05-29,Visakhapatnam,IFO380,485.34
9403,2023-05-29,Houston,VLSFO,597.33
9404,2023-05-29,Houston,LSMGO,726.39
9405,2023-05-29,Houston,IFO380,429.78
9406,2023-05-30,Singapore,VLSFO,638.21
9407,2023-05-30,Singapore,LSMGO,822.93
9408,2023-05-30,Singapore,IFO380,462.12
9409,2023-05-30,Fujairah,VLSFO,618.84
9410,2023-05-30,Fujairah,LSMGO,802.16
9411,2023-05-30,Fujairah,IFO380,452.7
9412,2023-05-30,Rotterdam,VLSFO,614.74
9413,2023-05-30,Rotterdam,LSMGO,770.17
9414,2023-05-30,Rotterdam,IFO380,441.39
9415,2023-05-30,Visakhapatnam,VLSFO,678.81
9416,2023-05-30,Visakhapatnam,LSMGO,956.32
9417,2023-05-30,Visakhapatnam,IFO380,488.85
9418,2023-05-30,Houston,VLSFO,600.06
9419,2023-05-30,Houston,LSMGO,741.83
9420,2023-05-30,Houston,IFO380,429.23
9421,2023-05-31,Singapore,VLSFO,635.34
9422,2023-05-31,Singapore,LSMGO,815.75
9423,2023-05-31,Singapore,IFO380,462.36
9424,2023-05-31,Fujairah,VLSFO,630.89
9425,2023-05-31,Fujairah,LSMGO,830.17
9426,2023-05-31,Fujairah,IFO380,450.51
9427,2023-05-31,Rotterdam,VLSFO,598.28
9428,2023-05-31,Rotterdam,LSMGO,755.62
9429,2023-05-31,Rotterdam,IFO380,424.44
9430,2023-05-31,Visakhapatnam,VLSFO,678.23
9431,2023-05-31,Visakhapatnam,LSMGO,953.7
9432,2023-05-31,Visakhapatnam,IFO380,485.22
9433,2023-05-31,Houston,VLSFO,597.95
9434,2023-05-31,Houston,LSMGO,731.48
9435,2023-05-31,Houston,IFO380,429.34
9436,2023-06-01,Singapore,VLSFO,643.8
9437,2023-06-01,Singapore,LSMGO,832.68
9438,2023-06-01,Singapore,IFO380,463.22
9439,2023-06-01,Fujairah,VLSFO,613.61
9440,2023-06-01,Fujairah,LSMGO,788.06
9441,2023-06-01,Fujairah,IFO380,435.61
9442,2023-06-01,Rotterdam,VLSFO,607.08
9443,2023-06-01,Rotterdam,LSMGO,762.2
9444,2023-06-01,Rotterdam,IFO380,435.88
9445,2023-06-01,Visakhapatnam,VLSFO,681.6
9446,2023-06-01,Visakhapatnam,LSMGO,952.0
9447,2023-06-01,Visakhapatnam,IFO380,490.83
9448,2023-06-01,Houston,VLSFO,594.32
9449,2023-06-01,Houston,LSMGO,738.25
9450,2023-06-01,Houston,IFO380,423.67
9451,2023-06-02,Singapore,VLSFO,639.68
9452,2023-06-02,Singapore,LSMGO,823.48
9453,2023-06-02,Singapore,IFO380,449.83
9454,2023-06-02,Fujairah,VLSFO,625.9
9455,2023-06-02,Fujairah,LSMGO,817.66
9456,2023-06-02,Fujairah,IFO380,453.42
9457,2023-06-02,Rotterdam,VLSFO,605.63
9458,2023-06-02,Rotterdam,LSMGO,743.26
9459,2023-06-02,Rotterdam,IFO380,441.42
9460,2023-06-02,Visakhapatnam,VLSFO,673.11
9461,2023-06-02,Visakhapatnam,LSMGO,929.78
9462,2023-06-02,Visakhapatnam,IFO380,484.49
9463,2023-06-02,Houston,VLSFO,608.38
9464,2023-06-02,Houston,LSMGO,750.54
9465,2023-06-02,Houston,IFO380,434.3
9466,2023-06-05,Singapore,VLSFO,632.58
9467,2023-06-05,Singapore,LSMGO,817.87
9468,2023-06-05,Singapore,IFO380,453.09
9469,2023-06-05,Fujairah,VLSFO,631.5
9470,2023-06-05,Fujairah,LSMGO,828.67
9471,2023-06-05,Fujairah,IFO380,453.63
9472,2023-06-05,Rotterdam,VLSFO,612.54
9473,2023-06-05,Rotterdam,LSMGO,778.25
9474,2023-06-05,Rotterdam,IFO380,440.2
9475,2023-06-05,Visakhapatnam,VLSFO,674.14
9476,2023-06-05,Visakhapatnam,LSMGO,924.52
9477,2023-06-05,Visakhapatnam,IFO380,488.39
9478,2023-06-05,Houston,VLSFO,588.01
9479,2023-06-05,Houston,LSMGO,718.46
9480,2023-06-05,Houston,IFO380,420.12
9481,2023-06-06,Singapore,VLSFO,643.63
9482,2023-06-06,Singapore,LSMGO,822.67
9483,2023-06-06,Singapore,IFO380,462.7
9484,2023-06-06,Fujairah,VLSFO,629.22
9485,2023-06-06,Fujairah,LSMGO,828.39
9486,2023-06-06,Fujairah,IFO380,457.22
9487,2023-06-06,Rotterdam,VLSFO,607.29
9488,2023-06-06,Rotterdam,LSMGO,756.88
9489,2023-06-06,Rotterdam,IFO380,438.93
9490,2023-06-06,Visakhapatnam,VLSFO,677.43
9491,2023-06-06,Visakhapatnam,LSMGO,934.0
9492,2023-06-06,Visakhapatnam,IFO380,486.69
9493,2023-06-06,Houston,VLSFO,593.85
9494,2023-06-06,Houston,LSMGO,741.64
9495,2023-06-06,Houston,IFO380,427.35
9496,2023-06-07,Singapore,VLSFO,639.84
9497,2023-06-07,Singapore,LSMGO,818.49
9498,2023-06-07,Singapore,IFO380,463.71
9499,2023-06-07,Fujairah,VLSFO,617.25
9500,2023-06-07,Fujairah,LSMGO,807.94
9501,2023-06-07,Fujairah,IFO380,439.21
9502,2023-06-07,Rotterdam,VLSFO,617.47
9503,2023-06-07,Rotterdam,LSMGO,773.89
9504,2023-06-07,Rotterdam,IFO380,442.58
9505,2023-06-07,Visakhapatnam,VLSFO,680.29
9506,2023-06-07,Visakhapatnam,LSMGO,931.1
9507,2023-06-07,Visakhapatnam,IFO380,488.06
9508,2023-06-07,Houston,VLSFO,589.5
9509,2023-06-07,Houston,LSMGO,730.9
9510,2023-06-07,Houston,IFO380,430.89
9511,2023-06-08,Singapore,VLSFO,635.68
9512,2023-06-08,Singapore,LSMGO,810.76
9513,2023-06-08,Singapore,IFO380,460.48
9514,2023-06-08,Fujairah,VLSFO,615.45
9515,2023-06-08,Fujairah,LSMGO,796.14
9516,2023-06-08,Fujairah,IFO380,443.81
9517,2023-06-08,Rotterdam,VLSFO,607.22
9518,2023-06-08,Rotterdam,LSMGO,761.48
9519,2023-06-08,Rotterdam,IFO380,437.08
9520,2023-06-08,Visakhapatnam,VLSFO,674.52
9521,2023-06-08,Visakhapatnam,LSMGO,931.78
9522,2023-06-08,Visakhapatnam,IFO380,478.61
9523,2023-06-08,Houston,VLSFO,586.96
9524,2023-06-08,Houston,LSMGO,710.3
9525,2023-06-08,Houston,IFO380,426.5
9526,2023-06-09,Singapore,VLSFO,634.03
9527,2023-06-09,Singapore,LSMGO,807.36
9528,2023-06-09,Singapore,IFO380,450.39
9529,2023-06-09,Fujairah,VLSFO,621.79
9530,2023-06-09,Fujairah,LSMGO,811.33
9531,2023-06-09,Fujairah,IFO380,454.87
9532,2023-06-09,Rotterdam,VLSFO,603.79
9533,2023-06-09,Rotterdam,LSMGO,757.65
9534,2023-06-09,Rotterdam,IFO380,429.1
9535,2023-06-09,Visakhapatnam,VLSFO,672.43
9536,2023-06-09,Visakhapatnam,LSMGO,924.51
9537,2023-06-09,Visakhapatnam,IFO380,482.02
9538,2023-06-09,Houston,VLSFO,590.64
9539,2023-06-09,Houston,LSMGO,732.74
9540,2023-06-09,Houston,IFO380,427.24
9541,2023-06-12,Singapore,VLSFO,631.66
9542,2023-06-12,Singapore,LSMGO,808.12
9543,2023-06-12,Singapore,IFO380,452.06
9544,2023-06-12,Fujairah,VLSFO,624.4
9545,2023-06-12,Fujairah,LSMGO,816.25
9546,2023-06-12,Fujairah,IFO380,453.97
9547,2023-06-12,Rotterdam,VLSFO,607.53
9548,2023-06-12,Rotterdam,LSMGO,767.37
9549,2023-06-12,Rotterdam,IFO380,443.32
9550,2023-06-12,Visakhapatnam,VLSFO,676.19
9551,2023-06-12,Visakhapatnam,LSMGO,938.45
9552,2023-06-12,Visakhapatnam,IFO380,485.91
9553,2023-06-12,Houston,VLSFO,592.95
9554,2023-06-12,Houston,LSMGO,734.46
9555,2023-06-12,Houston,IFO380,434.23
9556,2023-06-13,Singapore,VLSFO,621.98
9557,2023-06-13,Singapore,LSMGO,797.88
9558,2023-06-13,Singapore,IFO380,445.13
9559,2023-06-13,Fujairah,VLSFO,623.73
9560,2023-06-13,Fujairah,LSMGO,822.01
9561,2023-06-13,Fujairah,IFO380,445.65
9562,2023-06-13,Rotterdam,VLSFO,608.0
9563,2023-06-13,Rotterdam,LSMGO,772.06
9564,2023-06-13,Rotterdam,IFO380,434.39
9565,2023-06-13,Visakhapatnam,VLSFO,670.27
9566,2023-06-13,Visakhapatnam,LSMGO,915.18
9567,2023-06-13,Visakhapatnam,IFO380,488.36
9568,2023-06-13,Houston,VLSFO,591.7
9569,2023-06-13,Houston,LSMGO,729.36
9570,2023-06-13,Houston,IFO380,426.87
9571,2023-06-14,Singapore,VLSFO,638.79
9572,2023-06-14,Singapore,LSMGO,825.01
9573,2023-06-14,Singapore,IFO380,461.51
9574,2023-06-14,Fujairah,VLSFO,624.13
9575,2023-06-14,Fujairah,LSMGO,806.47
9576,2023-06-14,Fujairah,IFO380,452.7
9577,2023-06-14,Rotterdam,VLSFO,601.11
9578,2023-06-14,Rotterdam,LSMGO,758.86
9579,2023-06-14,Rotterdam,IFO380,431.12
9580,2023-06-14,Visakhapatnam,VLSFO,680.31
9581,2023-06-14,Visakhapatnam,LSMGO,941.96
9582,2023-06-14,Visakhapatnam,IFO380,487.26
9583,2023-06-14,Houston,VLSFO,586.63
9584,2023-06-14,Houston,LSMGO,737.98
9585,2023-06-14,Houston,IFO380,420.31
9586,2023-06-15,Singapore,VLSFO,631.74
9587,2023-06-15,Singapore,LSMGO,815.82
9588,2023-06-15,Singapore,IFO380,455.19
9589,2023-06-15,Fujairah,VLSFO,620.54
9590,2023-06-15,Fujairah,LSMGO,816.99
9591,2023-06-15,Fujairah,IFO380,442.77
9592,2023-06-15,Rotterdam,VLSFO,598.92
9593,2023-06-15,Rotterdam,LSMGO,749.55
9594,2023-06-15,Rotterdam,IFO380,432.29
9595,2023-06-15,Visakhapatnam,VLSFO,672.55
9596,2023-06-15,Visakhapatnam,LSMGO,943.94
9597,2023-06-15,Visakhapatnam,IFO380,478.15
9598,2023-06-15,Houston,VLSFO,588.19
9599,2023-06-15,Houston,LSMGO,724.32
9600,2023-06-15,Houston,IFO380,422.38
9601,2023-06-16,Singapore,VLSFO,638.99
9602,2023-06-16,Singapore,LSMGO,810.42
9603,2023-06-16,Singapore,IFO380,458.85
9604,2023-06-16,Fujairah,VLSFO,629.39
9605,2023-06-16,Fujairah,LSMGO,824.01
9606,2023-06-16,Fujairah,IFO380,452.59
9607,2023-06-16,Rotterdam,VLSFO,607.44
9608,2023-06-16,Rotterdam,LSMGO,750.47
9609,2023-06-16,Rotterdam,IFO380,432.29
9610,2023-06-16,Visakhapatnam,VLSFO,667.38
9611,2023-06-16,Visakhapatnam,LSMGO,921.26
9612,2023-06-16,Visakhapatnam,IFO380,486.35
9613,2023-06-16,Houston,VLSFO,589.93
9614,2023-06-16,Houston,LSMGO,741.42
9615,2023-06-16,Houston,IFO380,423.42
9616,2023-06-19,Singapore,VLSFO,627.67
9617,2023-06-19,Singapore,LSMGO,814.06
9618,2023-06-19,Singapore,IFO380,445.76
9619,2023-06-19,Fujairah,VLSFO,612.6
9620,2023-06-19,Fujairah,LSMGO,809.43
9621,2023-06-19,Fujairah,IFO380,437.69
9622,2023-06-19,Rotterdam,VLSFO,599.08
9623,2023-06-19,Rotterdam,LSMGO,758.63
9624,2023-06-19,Rotterdam,IFO380,437.2
9625,2023-06-19,Visakhapatnam,VLSFO,673.69
9626,2023-06-19,Visakhapatnam,LSMGO,926.17
9627,2023-06-19,Visakhapatnam,IFO380,484.42
9628,2023-06-19,Houston,VLSFO,586.64
9629,2023-06-19,Houston,LSMGO,721.77
9630,2023-06-19,Houston,IFO380,423.38
9631,2023-06-20,Singapore,VLSFO,624.64
9632,2023-06-20,Singapore,LSMGO,782.31
9633,2023-06-20,Singapore,IFO380,450.68
9634,2023-06-20,Fujairah,VLSFO,619.57
9635,2023-06-20,Fujairah,LSMGO,807.76
9636,2023-06-20,Fujairah,IFO380,445.72
9637,2023-06-20,Rotterdam,VLSFO,602.87
9638,2023-06-20,Rotterdam,LSMGO,751.61
9639,2023-06-20,Rotterdam,IFO380,437.72
9640,2023-06-20,Visakhapatnam,VLSFO,674.71
9641,2023-06-20,Visakhapatnam,LSMGO,918.14
9642,2023-06-20,Visakhapatnam,IFO380,486.46
9643,2023-06-20,Houston,VLSFO,590.49
9644,2023-06-20,Houston,LSMGO,728.65
9645,2023-06-20,Houston,IFO380,420.95
9646,2023-06-21,Singapore,VLSFO,630.03
9647,2023-06-21,Singapore,LSMGO,799.51
9648,2023-06-21,Singapore,IFO380,448.67
9649,2023-06-21,Fujairah,VLSFO,621.41
9650,2023-06-21,Fujairah,LSMGO,820.83
9651,2023-06-21,Fujairah,IFO380,449.25
9652,2023-06-21,Rotterdam,VLSFO,600.84
9653,2023-06-21,Rotterdam,LSMGO,757.3
9654,2023-06-21,Rotterdam,IFO380,431.82
9655,2023-06-21,Visakhapatnam,VLSFO,658.56
9656,2023-06-21,Visakhapatnam,LSMGO,902.95
9657,2023-06-21,Visakhapatnam,IFO380,477.76
9658,2023-06-21,Houston,VLSFO,572.92
9659,2023-06-21,Houston,LSMGO,693.69
9660,2023-06-21,Houston,IFO380,410.15
9661,2023-06-22,Singapore,VLSFO,635.91
9662,2023-06-22,Singapore,LSMGO,823.84
9663,2023-06-22,Singapore,IFO380,465.37
9664,2023-06-22,Fujairah,VLSFO,615.03
9665,2023-06-22,Fujairah,LSMGO,798.86
9666,2023-06-22,Fujairah,IFO380,446.64
9667,2023-06-22,Rotterdam,VLSFO,599.64
9668,2023-06-22,Rotterdam,LSMGO,754.25
9669,2023-06-22,Rotterdam,IFO380,431.31
9670,2023-06-22,Visakhapatnam,VLSFO,667.57
9671,2023-06-22,Visakhapatnam,LSMGO,919.91
9672,2023-06-22,Visakhapatnam,IFO380,482.22
9673,2023-06-22,Houston,VLSFO,586.33
9674,2023-06-22,Houston,LSMGO,711.65
9675,2023-06-22,Houston,IFO380,419.06
9676,2023-06-23,Singapore,VLSFO,620.91
9677,2023-06-23,Singapore,LSMGO,774.82
9678,2023-06-23,Singapore,IFO380,441.6
9679,2023-06-23,Fujairah,VLSFO,614.55
9680,2023-06-23,Fujairah,LSMGO,811.7
9681,2023-06-23,Fujairah,IFO380,447.2
9682,2023-06-23,Rotterdam,VLSFO,594.38
9683,2023-06-23,Rotterdam,LSMGO,744.79
9684,2023-06-23,Rotterdam,IFO380,430.05
9685,2023-06-23,Visakhapatnam,VLSFO,670.19
9686,2023-06-23,Visakhapatnam,LSMGO,932.35
9687,2023-06-23,Visakhapatnam,IFO380,487.42
9688,2023-06-23,Houston,VLSFO,586.84
9689,2023-06-23,Houston,LSMGO,723.19
9690,2023-06-23,Houston,IFO380,421.44
9691,2023-06-26,Singapore,VLSFO,620.88
9692,2023-06-26,Singapore,LSMGO,792.58
9693,2023-06-26,Singapore,IFO380,438.93
9694,2023-06-26,Fujairah,VLSFO,621.0
9695,2023-06-26,Fujairah,LSMGO,794.69
9696,2023-06-26,Fujairah,IFO380,448.5
9697,2023-06-26,Rotterdam,VLSFO,585.26
9698,2023-06-26,Rotterdam,LSMGO,735.58
9699,2023-06-26,Rotterdam,IFO380,418.9
9700,2023-06-26,Visakhapatnam,VLSFO,657.02
9701,2023-06-26,Visakhapatnam,LSMGO,917.25
9702,2023-06-26,Visakhapatnam,IFO380,470.88
9703,2023-06-26,Houston,VLSFO,598.18
9704,2023-06-26,Houston,LSMGO,743.21
9705,2023-06-26,Houston,IFO380,434.71
9706,2023-06-27,Singapore,VLSFO,620.66
9707,2023-06-27,Singapore,LSMGO,801.18
9708,2023-06-27,Singapore,IFO380,451.87
9709,2023-06-27,Fujairah,VLSFO,614.27
9710,2023-06-27,Fujairah,LSMGO,801.04
9711,2023-06-27,Fujairah,IFO380,440.14
9712,2023-06-27,Rotterdam,VLSFO,594.12
9713,2023-06-27,Rotterdam,LSMGO,739.84
9714,2023-06-27,Rotterdam,IFO380,423.91
9715,2023-06-27,Visakhapatnam,VLSFO,667.73
9716,2023-06-27,Visakhapatnam,LSMGO,926.71
9717,2023-06-27,Visakhapatnam,IFO380,480.56
9718,2023-06-27,Houston,VLSFO,582.93
9719,2023-06-27,Houston,LSMGO,713.63
9720,2023-06-27,Houston,IFO380,415.72
9721,2023-06-28,Singapore,VLSFO,619.06
9722,2023-06-28,Singapore,LSMGO,789.91
9723,2023-06-28,Singapore,IFO380,446.42
9724,2023-06-28,Fujairah,VLSFO,619.2
9725,2023-06-28,Fujairah,LSMGO,806.04
9726,2023-06-28,Fujairah,IFO380,439.03
9727,2023-06-28,Rotterdam,VLSFO,590.34
9728,2023-06-28,Rotterdam,LSMGO,746.25
9729,2023-06-28,Rotterdam,IFO380,424.39
9730,2023-06-28,Visakhapatnam,VLSFO,654.47
9731,2023-06-28,Visakhapatnam,LSMGO,896.9
9732,2023-06-28,Visakhapatnam,IFO380,469.43
9733,2023-06-28,Houston,VLSFO,583.67
9734,2023-06-28,Houston,LSMGO,707.11
9735,2023-06-28,Houston,IFO380,418.56
9736,2023-06-29,Singapore,VLSFO,621.08
9737,2023-06-29,Singapore,LSMGO,801.94
9738,2023-06-29,Singapore,IFO380,442.23
9739,2023-06-29,Fujairah,VLSFO,614.34
9740,2023-06-29,Fujairah,LSMGO,790.27
9741,2023-06-29,Fujairah,IFO380,440.99
9742,2023-06-29,Rotterdam,VLSFO,596.28
9743,2023-06-29,Rotterdam,LSMGO,739.92
9744,2023-06-29,Rotterdam,IFO380,424.84
9745,2023-06-29,Visakhapatnam,VLSFO,659.98
9746,2023-06-29,Visakhapatnam,LSMGO,911.73
9747,2023-06-29,Visakhapatnam,IFO380,477.27
9748,2023-06-29,Houston,VLSFO,582.1
9749,2023-06-29,Houston,LSMGO,709.52
9750,2023-06-29,Houston,IFO380,416.54
9751,2023-06-30,Singapore,VLSFO,622.28
9752,2023-06-30,Singapore,LSMGO,796.04
9753,2023-06-30,Singapore,IFO380,447.42
9754,2023-06-30,Fujairah,VLSFO,611.46
9755,2023-06-30,Fujairah,LSMGO,786.92
9756,2023-06-30,Fujairah,IFO380,438.4
9757,2023-06-30,Rotterdam,VLSFO,592.3
9758,2023-06-30,Rotterdam,LSMGO,743.34
9759,2023-06-30,Rotterdam,IFO380,433.61
9760,2023-06-30,Visakhapatnam,VLSFO,663.33
9761,2023-06-30,Visakhapatnam,LSMGO,911.09
9762,2023-06-30,Visakhapatnam,IFO380,479.9
9763,2023-06-30,Houston,VLSFO,581.97
9764,2023-06-30,Houston,LSMGO,722.72
9765,2023-06-30,Houston,IFO380,419.29
9766,2023-07-03,Singapore,VLSFO,624.21
9767,2023-07-03,Singapore,LSMGO,801.57
9768,2023-07-03,Singapore,IFO380,449.33
9769,2023-07-03,Fujairah,VLSFO,601.4
9770,2023-07-03,Fujairah,LSMGO,785.09
9771,2023-07-03,Fujairah,IFO380,433.54
9772,2023-07-03,Rotterdam,VLSFO,598.48
9773,2023-07-03,Rotterdam,LSMGO,745.39
9774,2023-07-03,Rotterdam,IFO380,430.18
9775,2023-07-03,Visakhapatnam,VLSFO,663.0
9776,2023-07-03,Visakhapatnam,LSMGO,924.28
9777,2023-07-03,Visakhapatnam,IFO380,478.87
9778,2023-07-03,Houston,VLSFO,573.33
9779,2023-07-03,Houston,LSMGO,704.25
9780,2023-07-03,Houston,IFO380,417.91
9781,2023-07-04,Singapore,VLSFO,618.37
9782,2023-07-04,Singapore,LSMGO,780.96
9783,2023-07-04,Singapore,IFO380,438.72
9784,2023-07-04,Fujairah,VLSFO,610.93
9785,2023-07-04,Fujairah,LSMGO,796.99
9786,2023-07-04,Fujairah,IFO380,446.29
9787,2023-07-04,Rotterdam,VLSFO,588.23
9788,2023-07-04,Rotterdam,LSMGO,743.37
9789,2023-07-04,Rotterdam,IFO380,421.75
9790,2023-07-04,Visakhapatnam,VLSFO,654.04
9791,2023-07-04,Visakhapatnam,LSMGO,919.55
9792,2023-07-04,Visakhapatnam,IFO380,473.64
9793,2023-07-04,Houston,VLSFO,587.58
9794,2023-07-04,Houston,LSMGO,714.54
9795,2023-07-04,Houston,IFO380,421.17
9796,2023-07-05,Singapore,VLSFO,617.38
9797,2023-07-05,Singapore,LSMGO,797.15
9798,2023-07-05,Singapore,IFO380,446.42
9799,2023-07-05,Fujairah,VLSFO,616.13
9800,2023-07-05,Fujairah,LSMGO,815.61
9801,2023-07-05,Fujairah,IFO380,438.85
9802,2023-07-05,Rotterdam,VLSFO,595.69
9803,2023-07-05,Rotterdam,LSMGO,759.33
9804,2023-07-05,Rotterdam,IFO380,431.19
9805,2023-07-05,Visakhapatnam,VLSFO,656.33
9806,2023-07-05,Visakhapatnam,LSMGO,905.05
9807,2023-07-05,Visakhapatnam,IFO380,469.71
9808,2023-07-05,Houston,VLSFO,587.4
9809,2023-07-05,Houston,LSMGO,714.37
9810,2023-07-05,Houston,IFO380,414.94
9811,2023-07-06,Singapore,VLSFO,625.42
9812,2023-07-06,Singapore,LSMGO,802.84
9813,2023-07-06,Singapore,IFO380,449.45
9814,2023-07-06,Fujairah,VLSFO,612.95
9815,2023-07-06,Fujairah,LSMGO,794.78
9816,2023-07-06,Fujairah,IFO380,436.66
9817,2023-07-06,Rotterdam,VLSFO,583.61
9818,2023-07-06,Rotterdam,LSMGO,742.98
9819,2023-07-06,Rotterdam,IFO380,413.33
9820,2023-07-06,Visakhapatnam,VLSFO,662.59
9821,2023-07-06,Visakhapatnam,LSMGO,919.24
9822,2023-07-06,Visakhapatnam,IFO380,477.17
9823,2023-07-06,Houston,VLSFO,585.65
9824,2023-07-06,Houston,LSMGO,724.27
9825,2023-07-06,Houston,IFO380,425.96
9826,2023-07-07,Singapore,VLSFO,611.83
9827,2023-07-07,Singapore,LSMGO,774.77
9828,2023-07-07,Singapore,IFO380,439.46
9829,2023-07-07,Fujairah,VLSFO,615.58
9830,2023-07-07,Fujairah,LSMGO,804.28
9831,2023-07-07,Fujairah,IFO380,444.96
9832,2023-07-07,Rotterdam,VLSFO,586.12
9833,2023-07-07,Rotterdam,LSMGO,735.99
9834,2023-07-07,Rotterdam,IFO380,425.16
9835,2023-07-07,Visakhapatnam,VLSFO,661.98
9836,2023-07-07,Visakhapatnam,LSMGO,908.46
9837,2023-07-07,Visakhapatnam,IFO380,469.94
9838,2023-07-07,Houston,VLSFO,571.72
9839,2023-07-07,Houston,LSMGO,706.6
9840,2023-07-07,Houston,IFO380,409.92
9841,2023-07-10,Singapore,VLSFO,613.16
9842,2023-07-10,Singapore,LSMGO,775.76
9843,2023-07-10,Singapore,IFO380,444.21
9844,2023-07-10,Fujairah,VLSFO,604.89
9845,2023-07-10,Fujairah,LSMGO,796.05
9846,2023-07-10,Fujairah,IFO380,432.88
9847,2023-07-10,Rotterdam,VLSFO,585.18
9848,2023-07-10,Rotterdam,LSMGO,738.52
9849,2023-07-10,Rotterdam,IFO380,425.65
9850,2023-07-10,Visakhapatnam,VLSFO,667.56
9851,2023-07-10,Visakhapatnam,LSMGO,927.6
9852,2023-07-10,Visakhapatnam,IFO380,483.52
9853,2023-07-10,Houston,VLSFO,576.14
9854,2023-07-10,Houston,LSMGO,712.45
9855,2023-07-10,Houston,IFO380,416.34
9856,2023-07-11,Singapore,VLSFO,618.07
9857,2023-07-11,Singapore,LSMGO,799.38
9858,2023-07-11,Singapore,IFO380,452.46
9859,2023-07-11,Fujairah,VLSFO,597.62
9860,2023-07-11,Fujairah,LSMGO,786.5
9861,2023-07-11,Fujairah,IFO380,436.02
9862,2023-07-11,Rotterdam,VLSFO,588.24
9863,2023-07-11,Rotterdam,LSMGO,749.88
9864,2023-07-11,Rotterdam,IFO380,424.43
9865,2023-07-11,Visakhapatnam,VLSFO,661.59
9866,2023-07-11,Visakhapatnam,LSMGO,908.19
9867,2023-07-11,Visakhapatnam,IFO380,478.76
9868,2023-07-11,Houston,VLSFO,566.5
9869,2023-07-11,Houston,LSMGO,686.69
9870,2023-07-11,Houston,IFO380,400.53
9871,2023-07-12,Singapore,VLSFO,616.87
9872,2023-07-12,Singapore,LSMGO,793.79
9873,2023-07-12,Singapore,IFO380,439.57
9874,2023-07-12,Fujairah,VLSFO,605.94
9875,2023-07-12,Fujairah,LSMGO,799.35
9876,2023-07-12,Fujairah,IFO380,427.23
9877,2023-07-12,Rotterdam,VLSFO,581.1
9878,2023-07-12,Rotterdam,LSMGO,727.49
9879,2023-07-12,Rotterdam,IFO380,414.73
9880,2023-07-12,Visakhapatnam,VLSFO,659.54
9881,2023-07-12,Visakhapatnam,LSMGO,914.28
9882,2023-07-12,Visakhapatnam,IFO380,473.11
9883,2023-07-12,Houston,VLSFO,574.45
9884,2023-07-12,Houston,LSMGO,707.59
9885,2023-07-12,Houston,IFO380,408.53
9886,2023-07-13,Singapore,VLSFO,616.76
9887,2023-07-13,Singapore,LSMGO,784.93
9888,2023-07-13,Singapore,IFO380,446.26
9889,2023-07-13,Fujairah,VLSFO,609.18
9890,2023-07-13,Fujairah,LSMGO,773.88
9891,2023-07-13,Fujairah,IFO380,440.79
9892,2023-07-13,Rotterdam,VLSFO,584.29
9893,2023-07-13,Rotterdam,LSMGO,734.11
9894,2023-07-13,Rotterdam,IFO380,416.28
9895,2023-07-13,Visakhapatnam,VLSFO,644.9
9896,2023-07-13,Visakhapatnam,LSMGO,898.15
9897,2023-07-13,Visakhapatnam,IFO380,462.41
9898,2023-07-13,Houston,VLSFO,570.18
9899,2023-07-13,Houston,LSMGO,706.84
9900,2023-07-13,Houston,IFO380,402.8
9901,2023-07-14,Singapore,VLSFO,614.76
9902,2023-07-14,Singapore,LSMGO,788.68
9903,2023-07-14,Singapore,IFO380,432.34
9904,2023-07-14,Fujairah,VLSFO,599.22
9905,2023-07-14,Fujairah,LSMGO,783.06
9906,2023-07-14,Fujairah,IFO380,429.28
9907,2023-07-14,Rotterdam,VLSFO,578.48
9908,2023-07-14,Rotterdam,LSMGO,724.66
9909,2023-07-14,Rotterdam,IFO380,419.21
9910,2023-07-14,Visakhapatnam,VLSFO,649.34
9911,2023-07-14,Visakhapatnam,LSMGO,891.85
9912,2023-07-14,Visakhapatnam,IFO380,466.21
9913,2023-07-14,Houston,VLSFO,564.16
9914,2023-07-14,Houston,LSMGO,693.29
9915,2023-07-14,Houston,IFO380,412.51
9916,2023-07-17,Singapore,VLSFO,617.26
9917,2023-07-17,Singapore,LSMGO,788.92
9918,2023-07-17,Singapore,IFO380,444.71
9919,2023-07-17,Fujairah,VLSFO,595.61
9920,2023-07-17,Fujairah,LSMGO,794.37
9921,2023-07-17,Fujairah,IFO380,431.18
9922,2023-07-17,Rotterdam,VLSFO,582.8
9923,2023-07-17,Rotterdam,LSMGO,722.54
9924,2023-07-17,Rotterdam,IFO380,417.49
9925,2023-07-17,Visakhapatnam,VLSFO,651.13
9926,2023-07-17,Visakhapatnam,LSMGO,902.25
9927,2023-07-17,Visakhapatnam,IFO380,465.31
9928,2023-07-17,Houston,VLSFO,568.45
9929,2023-07-17,Houston,LSMGO,710.38
9930,2023-07-17,Houston,IFO380,413.67
9931,2023-07-18,Singapore,VLSFO,606.65
9932,2023-07-18,Singapore,LSMGO,783.27
9933,2023-07-18,Singapore,IFO380,426.4
9934,2023-07-18,Fujairah,VLSFO,607.05
9935,2023-07-18,Fujairah,LSMGO,794.2
9936,2023-07-18,Fujairah,IFO380,439.47
9937,2023-07-18,Rotterdam,VLSFO,579.37
9938,2023-07-18,Rotterdam,LSMGO,732.96
9939,2023-07-18,Rotterdam,IFO380,413.83
9940,2023-07-18,Visakhapatnam,VLSFO,654.97
9941,2023-07-18,Visakhapatnam,LSMGO,899.56
9942,2023-07-18,Visakhapatnam,IFO380,473.46
9943,2023-07-18,Houston,VLSFO,570.95
9944,2023-07-18,Houston,LSMGO,707.92
9945,2023-07-18,Houston,IFO380,400.58
9946,2023-07-19,Singapore,VLSFO,612.23
9947,2023-07-19,Singapore,LSMGO,788.24
9948,2023-07-19,Singapore,IFO380,441.02
9949,2023-07-19,Fujairah,VLSFO,609.41
9950,2023-07-19,Fujairah,LSMGO,787.53
9951,2023-07-19,Fujairah,IFO380,441.7
9952,2023-07-19,Rotterdam,VLSFO,577.35
9953,2023-07-19,Rotterdam,LSMGO,721.92
9954,2023-07-19,Rotterdam,IFO380,414.78
9955,2023-07-19,Visakhapatnam,VLSFO,651.04
9956,2023-07-19,Visakhapatnam,LSMGO,909.72
9957,2023-07-19,Visakhapatnam,IFO380,472.55
9958,2023-07-19,Houston,VLSFO,563.95
9959,2023-07-19,Houston,LSMGO,691.19
9960,2023-07-19,Houston,IFO380,410.29
9961,2023-07-20,Singapore,VLSFO,617.26
9962,2023-07-20,Singapore,LSMGO,790.5
9963,2023-07-20,Singapore,IFO380,441.28
9964,2023-07-20,Fujairah,VLSFO,602.8
9965,2023-07-20,Fujairah,LSMGO,796.3
9966,2023-07-20,Fujairah,IFO380,434.14
9967,2023-07-20,Rotterdam,VLSFO,597.83
9968,2023-07-20,Rotterdam,LSMGO,745.07
9969,2023-07-20,Rotterdam,IFO380,423.62
9970,2023-07-20,Visakhapatnam,VLSFO,659.89
9971,2023-07-20,Visakhapatnam,LSMGO,910.77
9972,2023-07-20,Visakhapatnam,IFO380,478.56
9973,2023-07-20,Houston,VLSFO,570.24
9974,2023-07-20,Houston,LSMGO,699.71
9975,2023-07-20,Houston,IFO380,417.35
9976,2023-07-21,Singapore,VLSFO,612.39
9977,2023-07-21,Singapore,LSMGO,792.75
9978,2023-07-21,Singapore,IFO380,440.44
9979,2023-07-21,Fujairah,VLSFO,601.39
9980,2023-07-21,Fujairah,LSMGO,787.57
9981,2023-07-21,Fujairah,IFO380,431.13
9982,2023-07-21,Rotterdam,VLSFO,574.76
9983,2023-07-21,Rotterdam,LSMGO,715.93
9984,2023-07-21,Rotterdam,IFO380,412.97
9985,2023-07-21,Visakhapatnam,VLSFO,653.88
9986,2023-07-21,Visakhapatnam,LSMGO,910.32
9987,2023-07-21,Visakhapatnam,IFO380,468.7
9988,2023-07-21,Houston,VLSFO,570.77
9989,2023-07-21,Houston,LSMGO,697.53
9990,2023-07-21,Houston,IFO380,411.38
9991,2023-07-24,Singapore,VLSFO,605.73
9992,2023-07-24,Singapore,LSMGO,773.46
9993,2023-07-24,Singapore,IFO380,428.86
9994,2023-07-24,Fujairah,VLSFO,594.35
9995,2023-07-24,Fujairah,LSMGO,779.85
9996,2023-07-24,Fujairah,IFO380,432.17
9997,2023-07-24,Rotterdam,VLSFO,578.41
9998,2023-07-24,Rotterdam,LSMGO,723.72
9999,2023-07-24,Rotterdam,IFO380,422.61
10000,2023-07-24,Visakhapatnam,VLSFO,653.48
10001,2023-07-24,Visakhapatnam,LSMGO,895.15
10002,2023-07-24,Visakhapatnam,IFO380,466.32
10003,2023-07-24,Houston,VLSFO,571.3
10004,2023-07-24,Houston,LSMGO,706.24
10005,2023-07-24,Houston,IFO380,415.81
10006,2023-07-25,Singapore,VLSFO,613.33
10007,2023-07-25,Singapore,LSMGO,782.4
10008,2023-07-25,Singapore,IFO380,438.69
10009,2023-07-25,Fujairah,VLSFO,600.86
10010,2023-07-25,Fujairah,LSMGO,778.23
10011,2023-07-25,Fujairah,IFO380,435.18
10012,2023-07-25,Rotterdam,VLSFO,581.78
10013,2023-07-25,Rotterdam,LSMGO,725.65
10014,2023-07-25,Rotterdam,IFO380,417.26
10015,2023-07-25,Visakhapatnam,VLSFO,646.71
10016,2023-07-25,Visakhapatnam,LSMGO,888.47
10017,2023-07-25,Visakhapatnam,IFO380,462.75
10018,2023-07-25,Houston,VLSFO,565.78
10019,2023-07-25,Houston,LSMGO,695.74
10020,2023-07-25,Houston,IFO380,407.87
10021,2023-07-26,Singapore,VLSFO,612.12
10022,2023-07-26,Singapore,LSMGO,787.91
10023,2023-07-26,Singapore,IFO380,435.24
10024,2023-07-26,Fujairah,VLSFO,598.65
10025,2023-07-26,Fujairah,LSMGO,789.7
10026,2023-07-26,Fujairah,IFO380,432.32
10027,2023-07-26,Rotterdam,VLSFO,580.04
10028,2023-07-26,Rotterdam,LSMGO,727.85
10029,2023-07-26,Rotterdam,IFO380,409.46
10030,2023-07-26,Visakhapatnam,VLSFO,660.34
10031,2023-07-26,Visakhapatnam,LSMGO,908.21
10032,2023-07-26,Visakhapatnam,IFO380,478.6
10033,2023-07-26,Houston,VLSFO,568.2
10034,2023-07-26,Houston,LSMGO,701.21
10035,2023-07-26,Houston,IFO380,407.48
10036,2023-07-27,Singapore,VLSFO,609.76
10037,2023-07-27,Singapore,LSMGO,769.42
10038,2023-07-27,Singapore,IFO380,434.72
10039,2023-07-27,Fujairah,VLSFO,596.14
10040,2023-07-27,Fujairah,LSMGO,783.36
10041,2023-07-27,Fujairah,IFO380,434.08
10042,2023-07-27,Rotterdam,VLSFO,578.79
10043,2023-07-27,Rotterdam,LSMGO,730.8
10044,2023-07-27,Rotterdam,IFO380,411.74
10045,2023-07-27,Visakhapatnam,VLSFO,645.38
10046,2023-07-27,Visakhapatnam,LSMGO,888.42
10047,2023-07-27,Visakhapatnam,IFO380,462.8
10048,2023-07-27,Houston,VLSFO,562.67
10049,2023-07-27,Houston,LSMGO,700.69
10050,2023-07-27,Houston,IFO380,418.1
10051,2023-07-28,Singapore,VLSFO,599.9
10052,2023-07-28,Singapore,LSMGO,768.83
10053,2023-07-28,Singapore,IFO380,438.34
10054,2023-07-28,Fujairah,VLSFO,588.08
10055,2023-07-28,Fujairah,LSMGO,766.2
10056,2023-07-28,Fujairah,IFO380,428.88
10057,2023-07-28,Rotterdam,VLSFO,575.41
10058,2023-07-28,Rotterdam,LSMGO,720.78
10059,2023-07-28,Rotterdam,IFO380,417.61
10060,2023-07-28,Visakhapatnam,VLSFO,648.8
10061,2023-07-28,Visakhapatnam,LSMGO,898.59
10062,2023-07-28,Visakhapatnam,IFO380,477.19
10063,2023-07-28,Houston,VLSFO,565.42
10064,2023-07-28,Houston,LSMGO,702.44
10065,2023-07-28,Houston,IFO380,406.43
10066,2023-07-31,Singapore,VLSFO,605.46
10067,2023-07-31,Singapore,LSMGO,769.42
10068,2023-07-31,Singapore,IFO380,435.75
10069,2023-07-31,Fujairah,VLSFO,592.29
10070,2023-07-31,Fujairah,LSMGO,766.32
10071,2023-07-31,Fujairah,IFO380,423.84
10072,2023-07-31,Rotterdam,VLSFO,584.0
10073,2023-07-31,Rotterdam,LSMGO,741.01
10074,2023-07-31,Rotterdam,IFO380,418.03
10075,2023-07-31,Visakhapatnam,VLSFO,637.4
10076,2023-07-31,Visakhapatnam,LSMGO,876.93
10077,2023-07-31,Visakhapatnam,IFO380,455.49
10078,2023-07-31,Houston,VLSFO,564.27
10079,2023-07-31,Houston,LSMGO,686.8
10080,2023-07-31,Houston,IFO380,404.72
10081,2023-08-01,Singapore,VLSFO,608.2
10082,2023-08-01,Singapore,LSMGO,778.13
10083,2023-08-01,Singapore,IFO380,438.25
10084,2023-08-01,Fujairah,VLSFO,590.03
10085,2023-08-01,Fujairah,LSMGO,783.76
10086,2023-08-01,Fujairah,IFO380,432.82
10087,2023-08-01,Rotterdam,VLSFO,566.67
10088,2023-08-01,Rotterdam,LSMGO,719.45
10089,2023-08-01,Rotterdam,IFO380,406.66
10090,2023-08-01,Visakhapatnam,VLSFO,647.29
10091,2023-08-01,Visakhapatnam,LSMGO,889.2
10092,2023-08-01,Visakhapatnam,IFO380,460.47
10093,2023-08-01,Houston,VLSFO,559.01
10094,2023-08-01,Houston,LSMGO,689.02
10095,2023-08-01,Houston,IFO380,409.64
10096,2023-08-02,Singapore,VLSFO,612.36
10097,2023-08-02,Singapore,LSMGO,779.32
10098,2023-08-02,Singapore,IFO380,439.18
10099,2023-08-02,Fujairah,VLSFO,592.93
10100,2023-08-02,Fujairah,LSMGO,762.64
10101,2023-08-02,Fujairah,IFO380,428.96
10102,2023-08-02,Rotterdam,VLSFO,577.49
10103,2023-08-02,Rotterdam,LSMGO,716.29
10104,2023-08-02,Rotterdam,IFO380,412.67
10105,2023-08-02,Visakhapatnam,VLSFO,635.11
10106,2023-08-02,Visakhapatnam,LSMGO,874.66
10107,2023-08-02,Visakhapatnam,IFO380,458.23
10108,2023-08-02,Houston,VLSFO,559.35
10109,2023-08-02,Houston,LSMGO,697.98
10110,2023-08-02,Houston,IFO380,409.94
10111,2023-08-03,Singapore,VLSFO,612.11
10112,2023-08-03,Singapore,LSMGO,781.99
10113,2023-08-03,Singapore,IFO380,444.11
10114,2023-08-03,Fujairah,VLSFO,586.35
10115,2023-08-03,Fujairah,LSMGO,761.43
10116,2023-08-03,Fujairah,IFO380,429.04
10117,2023-08-03,Rotterdam,VLSFO,567.29
10118,2023-08-03,Rotterdam,LSMGO,712.68
10119,2023-08-03,Rotterdam,IFO380,412.31
10120,2023-08-03,Visakhapatnam,VLSFO,644.55
10121,2023-08-03,Visakhapatnam,LSMGO,894.76
10122,2023-08-03,Visakhapatnam,IFO380,456.08
10123,2023-08-03,Houston,VLSFO,564.7
10124,2023-08-03,Houston,LSMGO,699.47
10125,2023-08-03,Houston,IFO380,416.6
10126,2023-08-04,Singapore,VLSFO,601.01
10127,2023-08-04,Singapore,LSMGO,764.78
10128,2023-08-04,Singapore,IFO380,433.8
10129,2023-08-04,Fujairah,VLSFO,584.78
10130,2023-08-04,Fujairah,LSMGO,764.28
10131,2023-08-04,Fujairah,IFO380,422.62
10132,2023-08-04,Rotterdam,VLSFO,582.97
10133,2023-08-04,Rotterdam,LSMGO,730.82
10134,2023-08-04,Rotterdam,IFO380,418.98
10135,2023-08-04,Visakhapatnam,VLSFO,642.42
10136,2023-08-04,Visakhapatnam,LSMGO,887.64
10137,2023-08-04,Visakhapatnam,IFO380,462.82
10138,2023-08-04,Houston,VLSFO,568.95
10139,2023-08-04,Houston,LSMGO,689.34
10140,2023-08-04,Houston,IFO380,411.27
10141,2023-08-07,Singapore,VLSFO,611.54
10142,2023-08-07,Singapore,LSMGO,788.17
10143,2023-08-07,Singapore,IFO380,446.8
10144,2023-08-07,Fujairah,VLSFO,586.03
10145,2023-08-07,Fujairah,LSMGO,759.02
10146,2023-08-07,Fujairah,IFO380,418.12
10147,2023-08-07,Rotterdam,VLSFO,573.85
10148,2023-08-07,Rotterdam,LSMGO,725.42
10149,2023-08-07,Rotterdam,IFO380,418.3
10150,2023-08-07,Visakhapatnam,VLSFO,637.09
10151,2023-08-07,Visakhapatnam,LSMGO,867.25
10152,2023-08-07,Visakhapatnam,IFO380,454.86
10153,2023-08-07,Houston,VLSFO,568.07
10154,2023-08-07,Houston,LSMGO,699.22
10155,2023-08-07,Houston,IFO380,408.97
10156,2023-08-08,Singapore,VLSFO,604.35
10157,2023-08-08,Singapore,LSMGO,786.68
10158,2023-08-08,Singapore,IFO380,434.09
10159,2023-08-08,Fujairah,VLSFO,593.02
10160,2023-08-08,Fujairah,LSMGO,778.59
10161,2023-08-08,Fujairah,IFO380,424.09
10162,2023-08-08,Rotterdam,VLSFO,574.87
10163,2023-08-08,Rotterdam,LSMGO,717.63
10164,2023-08-08,Rotterdam,IFO380,417.6
10165,2023-08-08,Visakhapatnam,VLSFO,634.77
10166,2023-08-08,Visakhapatnam,LSMGO,878.03
10167,2023-08-08,Visakhapatnam,IFO380,450.21
10168,2023-08-08,Houston,VLSFO,557.89
10169,2023-08-08,Houston,LSMGO,689.25
10170,2023-08-08,Houston,IFO380,398.69
10171,2023-08-09,Singapore,VLSFO,596.77
10172,2023-08-09,Singapore,LSMGO,762.9
10173,2023-08-09,Singapore,IFO380,429.71
10174,2023-08-09,Fujairah,VLSFO,594.74
10175,2023-08-09,Fujairah,LSMGO,775.61
10176,2023-08-09,Fujairah,IFO380,431.99
10177,2023-08-09,Rotterdam,VLSFO,576.52
10178,2023-08-09,Rotterdam,LSMGO,717.87
10179,2023-08-09,Rotterdam,IFO380,415.74
10180,2023-08-09,Visakhapatnam,VLSFO,643.22
10181,2023-08-09,Visakhapatnam,LSMGO,893.27
10182,2023-08-09,Visakhapatnam,IFO380,464.89
10183,2023-08-09,Houston,VLSFO,554.38
10184,2023-08-09,Houston,LSMGO,674.78
10185,2023-08-09,Houston,IFO380,398.04
10186,2023-08-10,Singapore,VLSFO,598.47
10187,2023-08-10,Singapore,LSMGO,764.52
10188,2023-08-10,Singapore,IFO380,428.36
10189,2023-08-10,Fujairah,VLSFO,590.56
10190,2023-08-10,Fujairah,LSMGO,767.99
10191,2023-08-10,Fujairah,IFO380,426.75
10192,2023-08-10,Rotterdam,VLSFO,570.35
10193,2023-08-10,Rotterdam,LSMGO,718.47
10194,2023-08-10,Rotterdam,IFO380,416.86
10195,2023-08-10,Visakhapatnam,VLSFO,627.33
10196,2023-08-10,Visakhapatnam,LSMGO,865.04
10197,2023-08-10,Visakhapatnam,IFO380,449.67
10198,2023-08-10,Houston,VLSFO,547.39
10199,2023-08-10,Houston,LSMGO,677.41
10200,2023-08-10,Houston,IFO380,394.76
10201,2023-08-11,Singapore,VLSFO,600.51
10202,2023-08-11,Singapore,LSMGO,766.76
10203,2023-08-11,Singapore,IFO380,432.26
10204,2023-08-11,Fujairah,VLSFO,591.98
10205,2023-08-11,Fujairah,LSMGO,791.44
10206,2023-08-11,Fujairah,IFO380,425.13
10207,2023-08-11,Rotterdam,VLSFO,570.45
10208,2023-08-11,Rotterdam,LSMGO,718.5
10209,2023-08-11,Rotterdam,IFO380,405.9
10210,2023-08-11,Visakhapatnam,VLSFO,641.39
10211,2023-08-11,Visakhapatnam,LSMGO,881.36
10212,2023-08-11,Visakhapatnam,IFO380,463.52
10213,2023-08-11,Houston,VLSFO,566.82
10214,2023-08-11,Houston,LSMGO,685.93
10215,2023-08-11,Houston,IFO380,412.52
10216,2023-08-14,Singapore,VLSFO,592.44
10217,2023-08-14,Singapore,LSMGO,747.94
10218,2023-08-14,Singapore,IFO380,417.45
10219,2023-08-14,Fujairah,VLSFO,584.34
10220,2023-08-14,Fujairah,LSMGO,758.34
10221,2023-08-14,Fujairah,IFO380,428.45
10222,2023-08-14,Rotterdam,VLSFO,572.15
10223,2023-08-14,Rotterdam,LSMGO,721.29
10224,2023-08-14,Rotterdam,IFO380,416.39
10225,2023-08-14,Visakhapatnam,VLSFO,638.55
10226,2023-08-14,Visakhapatnam,LSMGO,884.99
10227,2023-08-14,Visakhapatnam,IFO380,453.68
10228,2023-08-14,Houston,VLSFO,556.27
10229,2023-08-14,Houston,LSMGO,681.55
10230,2023-08-14,Houston,IFO380,402.36
10231,2023-08-15,Singapore,VLSFO,596.8
10232,2023-08-15,Singapore,LSMGO,767.73
10233,2023-08-15,Singapore,IFO380,429.45
10234,2023-08-15,Fujairah,VLSFO,595.91
10235,2023-08-15,Fujairah,LSMGO,773.26
10236,2023-08-15,Fujairah,IFO380,422.22
10237,2023-08-15,Rotterdam,VLSFO,565.67
10238,2023-08-15,Rotterdam,LSMGO,710.84
10239,2023-08-15,Rotterdam,IFO380,403.83
10240,2023-08-15,Visakhapatnam,VLSFO,636.43
10241,2023-08-15,Visakhapatnam,LSMGO,879.32
10242,2023-08-15,Visakhapatnam,IFO380,465.52
10243,2023-08-15,Houston,VLSFO,551.64
10244,2023-08-15,Houston,LSMGO,676.63
10245,2023-08-15,Houston,IFO380,396.46
10246,2023-08-16,Singapore,VLSFO,599.52
10247,2023-08-16,Singapore,LSMGO,764.63
10248,2023-08-16,Singapore,IFO380,429.69
10249,2023-08-16,Fujairah,VLSFO,591.03
10250,2023-08-16,Fujairah,LSMGO,774.97
10251,2023-08-16,Fujairah,IFO380,428.74
10252,2023-08-16,Rotterdam,VLSFO,564.7
10253,2023-08-16,Rotterdam,LSMGO,709.46
10254,2023-08-16,Rotterdam,IFO380,402.41
10255,2023-08-16,Visakhapatnam,VLSFO,626.08
10256,2023-08-16,Visakhapatnam,LSMGO,860.64
10257,2023-08-16,Visakhapatnam,IFO380,452.9
10258,2023-08-16,Houston,VLSFO,557.46
10259,2023-08-16,Houston,LSMGO,681.75
10260,2023-08-16,Houston,IFO380,398.43
10261,2023-08-17,Singapore,VLSFO,598.34
10262,2023-08-17,Singapore,LSMGO,769.16
10263,2023-08-17,Singapore,IFO380,430.26
10264,2023-08-17,Fujairah,VLSFO,580.62
10265,2023-08-17,Fujairah,LSMGO,763.6
10266,2023-08-17,Fujairah,IFO380,421.48
10267,2023-08-17,Rotterdam,VLSFO,571.53
10268,2023-08-17,Rotterdam,LSMGO,723.86
10269,2023-08-17,Rotterdam,IFO380,407.89
10270,2023-08-17,Visakhapatnam,VLSFO,629.46
10271,2023-08-17,Visakhapatnam,LSMGO,861.5
10272,2023-08-17,Visakhapatnam,IFO380,448.53
10273,2023-08-17,Houston,VLSFO,557.14
10274,2023-08-17,Houston,LSMGO,693.76
10275,2023-08-17,Houston,IFO380,394.67
10276,2023-08-18,Singapore,VLSFO,606.3
10277,2023-08-18,Singapore,LSMGO,777.53
10278,2023-08-18,Singapore,IFO380,434.19
10279,2023-08-18,Fujairah,VLSFO,590.03
10280,2023-08-18,Fujairah,LSMGO,755.12
10281,2023-08-18,Fujairah,IFO380,424.59
10282,2023-08-18,Rotterdam,VLSFO,568.51
10283,2023-08-18,Rotterdam,LSMGO,710.16
10284,2023-08-18,Rotterdam,IFO380,400.15
10285,2023-08-18,Visakhapatnam,VLSFO,640.53
10286,2023-08-18,Visakhapatnam,LSMGO,876.28
10287,2023-08-18,Visakhapatnam,IFO380,459.23
10288,2023-08-18,Houston,VLSFO,559.12
10289,2023-08-18,Houston,LSMGO,686.9
10290,2023-08-18,Houston,IFO380,407.57
10291,2023-08-21,Singapore,VLSFO,593.05
10292,2023-08-21,Singapore,LSMGO,767.64
10293,2023-08-21,Singapore,IFO380,428.85
10294,2023-08-21,Fujairah,VLSFO,582.79
10295,2023-08-21,Fujairah,LSMGO,755.07
10296,2023-08-21,Fujairah,IFO380,419.99
10297,2023-08-21,Rotterdam,VLSFO,566.26
10298,2023-08-21,Rotterdam,LSMGO,704.98
10299,2023-08-21,Rotterdam,IFO380,402.6
10300,2023-08-21,Visakhapatnam,VLSFO,627.99
10301,2023-08-21,Visakhapatnam,LSMGO,867.44
10302,2023-08-21,Visakhapatnam,IFO380,454.13
10303,2023-08-21,Houston,VLSFO,557.23
10304,2023-08-21,Houston,LSMGO,688.57
10305,2023-08-21,Houston,IFO380,404.98
10306,2023-08-22,Singapore,VLSFO,597.39
10307,2023-08-22,Singapore,LSMGO,769.62
10308,2023-08-22,Singapore,IFO380,427.59
10309,2023-08-22,Fujairah,VLSFO,586.81
10310,2023-08-22,Fujairah,LSMGO,764.99
10311,2023-08-22,Fujairah,IFO380,412.64
10312,2023-08-22,Rotterdam,VLSFO,565.65
10313,2023-08-22,Rotterdam,LSMGO,713.1
10314,2023-08-22,Rotterdam,IFO380,401.29
10315,2023-08-22,Visakhapatnam,VLSFO,635.89
10316,2023-08-22,Visakhapatnam,LSMGO,887.56
10317,2023-08-22,Visakhapatnam,IFO380,456.84
10318,2023-08-22,Houston,VLSFO,550.7
10319,2023-08-22,Houston,LSMGO,675.74
10320,2023-08-22,Houston,IFO380,386.19
10321,2023-08-23,Singapore,VLSFO,602.71
10322,2023-08-23,Singapore,LSMGO,783.65
10323,2023-08-23,Singapore,IFO380,436.58
10324,2023-08-23,Fujairah,VLSFO,580.77
10325,2023-08-23,Fujairah,LSMGO,763.86
10326,2023-08-23,Fujairah,IFO380,414.93
10327,2023-08-23,Rotterdam,VLSFO,566.0
10328,2023-08-23,Rotterdam,LSMGO,715.13
10329,2023-08-23,Rotterdam,IFO380,408.61
10330,2023-08-23,Visakhapatnam,VLSFO,617.69
10331,2023-08-23,Visakhapatnam,LSMGO,862.54
10332,2023-08-23,Visakhapatnam,IFO380,441.47
10333,2023-08-23,Houston,VLSFO,556.37
10334,2023-08-23,Houston,LSMGO,687.68
10335,2023-08-23,Houston,IFO380,396.76
10336,2023-08-24,Singapore,VLSFO,595.16
10337,2023-08-24,Singapore,LSMGO,762.98
10338,2023-08-24,Singapore,IFO380,430.4
10339,2023-08-24,Fujairah,VLSFO,574.36
10340,2023-08-24,Fujairah,LSMGO,742.06
10341,2023-08-24,Fujairah,IFO380,415.19
10342,2023-08-24,Rotterdam,VLSFO,566.96
10343,2023-08-24,Rotterdam,LSMGO,723.46
10344,2023-08-24,Rotterdam,IFO380,404.43
10345,2023-08-24,Visakhapatnam,VLSFO,621.0
10346,2023-08-24,Visakhapatnam,LSMGO,846.39
10347,2023-08-24,Visakhapatnam,IFO380,453.33
10348,2023-08-24,Houston,VLSFO,551.1
10349,2023-08-24,Houston,LSMGO,677.05
10350,2023-08-24,Houston,IFO380,402.07
10351,2023-08-25,Singapore,VLSFO,588.89
10352,2023-08-25,Singapore,LSMGO,752.36
10353,2023-08-25,Singapore,IFO380,426.13
10354,2023-08-25,Fujairah,VLSFO,589.89
10355,2023-08-25,Fujairah,LSMGO,770.15
10356,2023-08-25,Fujairah,IFO380,417.32
10357,2023-08-25,Rotterdam,VLSFO,566.97
10358,2023-08-25,Rotterdam,LSMGO,707.91
10359,2023-08-25,Rotterdam,IFO380,406.72
10360,2023-08-25,Visakhapatnam,VLSFO,638.39
10361,2023-08-25,Visakhapatnam,LSMGO,878.41
10362,2023-08-25,Visakhapatnam,IFO380,462.65
10363,2023-08-25,Houston,VLSFO,548.44
10364,2023-08-25,Houston,LSMGO,686.23
10365,2023-08-25,Houston,IFO380,401.35
10366,2023-08-28,Singapore,VLSFO,581.54
10367,2023-08-28,Singapore,LSMGO,729.02
10368,2023-08-28,Singapore,IFO380,413.34
10369,2023-08-28,Fujairah,VLSFO,584.47
10370,2023-08-28,Fujairah,LSMGO,771.22
10371,2023-08-28,Fujairah,IFO380,420.99
10372,2023-08-28,Rotterdam,VLSFO,566.43
10373,2023-08-28,Rotterdam,LSMGO,702.78
10374,2023-08-28,Rotterdam,IFO380,402.88
10375,2023-08-28,Visakhapatnam,VLSFO,633.8
10376,2023-08-28,Visakhapatnam,LSMGO,873.92
10377,2023-08-28,Visakhapatnam,IFO380,445.8
10378,2023-08-28,Houston,VLSFO,548.27
10379,2023-08-28,Houston,LSMGO,675.77
10380,2023-08-28,Houston,IFO380,393.14
10381,2023-08-29,Singapore,VLSFO,595.18
10382,2023-08-29,Singapore,LSMGO,762.27
10383,2023-08-29,Singapore,IFO380,428.0
10384,2023-08-29,Fujairah,VLSFO,582.44
10385,2023-08-29,Fujairah,LSMGO,779.77
10386,2023-08-29,Fujairah,IFO380,415.5
10387,2023-08-29,Rotterdam,VLSFO,563.71
10388,2023-08-29,Rotterdam,LSMGO,697.23
10389,2023-08-29,Rotterdam,IFO380,404.6
10390,2023-08-29,Visakhapatnam,VLSFO,625.12
10391,2023-08-29,Visakhapatnam,LSMGO,856.4
10392,2023-08-29,Visakhapatnam,IFO380,451.02
10393,2023-08-29,Houston,VLSFO,554.22
10394,2023-08-29,Houston,LSMGO,694.61
10395,2023-08-29,Houston,IFO380,399.04
10396,2023-08-30,Singapore,VLSFO,600.55
10397,2023-08-30,Singapore,LSMGO,760.56
10398,2023-08-30,Singapore,IFO380,438.57
10399,2023-08-30,Fujairah,VLSFO,582.48
10400,2023-08-30,Fujairah,LSMGO,761.15
10401,2023-08-30,Fujairah,IFO380,422.07
10402,2023-08-30,Rotterdam,VLSFO,555.96
10403,2023-08-30,Rotterdam,LSMGO,691.93
10404,2023-08-30,Rotterdam,IFO380,399.4
10405,2023-08-30,Visakhapatnam,VLSFO,624.6
10406,2023-08-30,Visakhapatnam,LSMGO,855.16
10407,2023-08-30,Visakhapatnam,IFO380,454.25
10408,2023-08-30,Houston,VLSFO,549.02
10409,2023-08-30,Houston,LSMGO,671.84
10410,2023-08-30,Houston,IFO380,400.61
10411,2023-08-31,Singapore,VLSFO,588.07
10412,2023-08-31,Singapore,LSMGO,761.99
10413,2023-08-31,Singapore,IFO380,423.7
10414,2023-08-31,Fujairah,VLSFO,585.69
10415,2023-08-31,Fujairah,LSMGO,753.89
10416,2023-08-31,Fujairah,IFO380,422.79
10417,2023-08-31,Rotterdam,VLSFO,549.42
10418,2023-08-31,Rotterdam,LSMGO,695.87
10419,2023-08-31,Rotterdam,IFO380,399.1
10420,2023-08-31,Visakhapatnam,VLSFO,629.25
10421,2023-08-31,Visakhapatnam,LSMGO,872.56
10422,2023-08-31,Visakhapatnam,IFO380,461.64
10423,2023-08-31,Houston,VLSFO,554.06
10424,2023-08-31,Houston,LSMGO,680.4
10425,2023-08-31,Houston,IFO380,408.82
10426,2023-09-01,Singapore,VLSFO,585.98
10427,2023-09-01,Singapore,LSMGO,744.92
10428,2023-09-01,Singapore,IFO380,422.8
10429,2023-09-01,Fujairah,VLSFO,580.99
10430,2023-09-01,Fujairah,LSMGO,756.12
10431,2023-09-01,Fujairah,IFO380,419.55
10432,2023-09-01,Rotterdam,VLSFO,558.93
10433,2023-09-01,Rotterdam,LSMGO,710.36
10434,2023-09-01,Rotterdam,IFO380,401.81
10435,2023-09-01,Visakhapatnam,VLSFO,615.02
10436,2023-09-01,Visakhapatnam,LSMGO,841.29
10437,2023-09-01,Visakhapatnam,IFO380,442.69
10438,2023-09-01,Houston,VLSFO,544.22
10439,2023-09-01,Houston,LSMGO,668.84
10440,2023-09-01,Houston,IFO380,390.57
10441,2023-09-04,Singapore,VLSFO,587.45
10442,2023-09-04,Singapore,LSMGO,753.83
10443,2023-09-04,Singapore,IFO380,422.44
10444,2023-09-04,Fujairah,VLSFO,588.19
10445,2023-09-04,Fujairah,LSMGO,770.37
10446,2023-09-04,Fujairah,IFO380,421.69
10447,2023-09-04,Rotterdam,VLSFO,550.13
10448,2023-09-04,Rotterdam,LSMGO,693.67
10449,2023-09-04,Rotterdam,IFO380,392.11
10450,2023-09-04,Visakhapatnam,VLSFO,620.21
10451,2023-09-04,Visakhapatnam,LSMGO,859.53
10452,2023-09-04,Visakhapatnam,IFO380,443.74
10453,2023-09-04,Houston,VLSFO,553.35
10454,2023-09-04,Houston,LSMGO,679.04
10455,2023-09-04,Houston,IFO380,390.78
10456,2023-09-05,Singapore,VLSFO,598.65
10457,2023-09-05,Singapore,LSMGO,752.85
10458,2023-09-05,Singapore,IFO380,433.9
10459,2023-09-05,Fujairah,VLSFO,588.34
10460,2023-09-05,Fujairah,LSMGO,757.86
10461,2023-09-05,Fujairah,IFO380,426.8
10462,2023-09-05,Rotterdam,VLSFO,552.11
10463,2023-09-05,Rotterdam,LSMGO,697.44
10464,2023-09-05,Rotterdam,IFO380,398.28
10465,2023-09-05,Visakhapatnam,VLSFO,631.57
10466,2023-09-05,Visakhapatnam,LSMGO,879.06
10467,2023-09-05,Visakhapatnam,IFO380,458.63
10468,2023-09-05,Houston,VLSFO,547.28
10469,2023-09-05,Houston,LSMGO,680.5
10470,2023-09-05,Houston,IFO380,395.8
10471,2023-09-06,Singapore,VLSFO,579.99
10472,2023-09-06,Singapore,LSMGO,746.88
10473,2023-09-06,Singapore,IFO380,422.42
10474,2023-09-06,Fujairah,VLSFO,585.34
10475,2023-09-06,Fujairah,LSMGO,769.87
10476,2023-09-06,Fujairah,IFO380,420.36
10477,2023-09-06,Rotterdam,VLSFO,553.41
10478,2023-09-06,Rotterdam,LSMGO,702.05
10479,2023-09-06,Rotterdam,IFO380,398.52
10480,2023-09-06,Visakhapatnam,VLSFO,625.12
10481,2023-09-06,Visakhapatnam,LSMGO,863.06
10482,2023-09-06,Visakhapatnam,IFO380,437.25
10483,2023-09-06,Houston,VLSFO,547.19
10484,2023-09-06,Houston,LSMGO,671.78
10485,2023-09-06,Houston,IFO380,395.29
10486,2023-09-07,Singapore,VLSFO,586.78
10487,2023-09-07,Singapore,LSMGO,761.23
10488,2023-09-07,Singapore,IFO380,424.08
10489,2023-09-07,Fujairah,VLSFO,582.3
10490,2023-09-07,Fujairah,LSMGO,765.11
10491,2023-09-07,Fujairah,IFO380,418.72
10492,2023-09-07,Rotterdam,VLSFO,558.86
10493,2023-09-07,Rotterdam,LSMGO,703.78
10494,2023-09-07,Rotterdam,IFO380,403.35
10495,2023-09-07,Visakhapatnam,VLSFO,621.93
10496,2023-09-07,Visakhapatnam,LSMGO,860.2
10497,2023-09-07,Visakhapatnam,IFO380,446.91
10498,2023-09-07,Houston,VLSFO,537.62
10499,2023-09-07,Houston,LSMGO,661.17
10500,2023-09-07,Houston,IFO380,384.81
10501,2023-09-08,Singapore,VLSFO,597.2
10502,2023-09-08,Singapore,LSMGO,760.39
10503,2023-09-08,Singapore,IFO380,431.63
10504,2023-09-08,Fujairah,VLSFO,575.72
10505,2023-09-08,Fujairah,LSMGO,770.29
10506,2023-09-08,Fujairah,IFO380,416.02
10507,2023-09-08,Rotterdam,VLSFO,566.11
10508,2023-09-08,Rotterdam,LSMGO,703.92
10509,2023-09-08,Rotterdam,IFO380,410.89
10510,2023-09-08,Visakhapatnam,VLSFO,628.81
10511,2023-09-08,Visakhapatnam,LSMGO,862.08
10512,2023-09-08,Visakhapatnam,IFO380,452.4
10513,2023-09-08,Houston,VLSFO,541.06
10514,2023-09-08,Houston,LSMGO,662.73
10515,2023-09-08,Houston,IFO380,391.47
10516,2023-09-11,Singapore,VLSFO,595.3
10517,2023-09-11,Singapore,LSMGO,758.92
10518,2023-09-11,Singapore,IFO380,425.02
10519,2023-09-11,Fujairah,VLSFO,582.86
10520,2023-09-11,Fujairah,LSMGO,757.63
10521,2023-09-11,Fujairah,IFO380,419.19
10522,2023-09-11,Rotterdam,VLSFO,564.56
10523,2023-09-11,Rotterdam,LSMGO,712.07
10524,2023-09-11,Rotterdam,IFO380,412.19
10525,2023-09-11,Visakhapatnam,VLSFO,624.9
10526,2023-09-11,Visakhapatnam,LSMGO,863.21
10527,2023-09-11,Visakhapatnam,IFO380,448.47
10528,2023-09-11,Houston,VLSFO,556.18
10529,2023-09-11,Houston,LSMGO,680.24
10530,2023-09-11,Houston,IFO380,400.46
10531,2023-09-12,Singapore,VLSFO,574.14
10532,2023-09-12,Singapore,LSMGO,733.54
10533,2023-09-12,Singapore,IFO380,413.18
10534,2023-09-12,Fujairah,VLSFO,575.97
10535,2023-09-12,Fujairah,LSMGO,744.03
10536,2023-09-12,Fujairah,IFO380,417.4
10537,2023-09-12,Rotterdam,VLSFO,564.57
10538,2023-09-12,Rotterdam,LSMGO,706.55
10539,2023-09-12,Rotterdam,IFO380,399.95
10540,2023-09-12,Visakhapatnam,VLSFO,627.43
10541,2023-09-12,Visakhapatnam,LSMGO,873.55
10542,2023-09-12,Visakhapatnam,IFO380,455.66
10543,2023-09-12,Houston,VLSFO,557.34
10544,2023-09-12,Houston,LSMGO,700.0
10545,2023-09-12,Houston,IFO380,396.94
10546,2023-09-13,Singapore,VLSFO,584.36
10547,2023-09-13,Singapore,LSMGO,750.3
10548,2023-09-13,Singapore,IFO380,424.91
10549,2023-09-13,Fujairah,VLSFO,578.25
10550,2023-09-13,Fujairah,LSMGO,757.82
10551,2023-09-13,Fujairah,IFO380,420.45
10552,2023-09-13,Rotterdam,VLSFO,550.32
10553,2023-09-13,Rotterdam,LSMGO,685.7
10554,2023-09-13,Rotterdam,IFO380,398.58
10555,2023-09-13,Visakhapatnam,VLSFO,622.5
10556,2023-09-13,Visakhapatnam,LSMGO,860.28
10557,2023-09-13,Visakhapatnam,IFO380,446.15
10558,2023-09-13,Houston,VLSFO,549.69
10559,2023-09-13,Houston,LSMGO,666.61
10560,2023-09-13,Houston,IFO380,391.3
10561,2023-09-14,Singapore,VLSFO,584.36
10562,2023-09-14,Singapore,LSMGO,759.29
10563,2023-09-14,Singapore,IFO380,422.91
10564,2023-09-14,Fujairah,VLSFO,584.39
10565,2023-09-14,Fujairah,LSMGO,760.76
10566,2023-09-14,Fujairah,IFO380,426.06
10567,2023-09-14,Rotterdam,VLSFO,556.05
10568,2023-09-14,Rotterdam,LSMGO,707.65
10569,2023-09-14,Rotterdam,IFO380,404.47
10570,2023-09-14,Visakhapatnam,VLSFO,616.11
10571,2023-09-14,Visakhapatnam,LSMGO,857.74
10572,2023-09-14,Visakhapatnam,IFO380,446.57
10573,2023-09-14,Houston,VLSFO,548.46
10574,2023-09-14,Houston,LSMGO,688.03
10575,2023-09-14,Houston,IFO380,387.65
10576,2023-09-15,Singapore,VLSFO,583.12
10577,2023-09-15,Singapore,LSMGO,752.61
10578,2023-09-15,Singapore,IFO380,418.06
10579,2023-09-15,Fujairah,VLSFO,580.11
10580,2023-09-15,Fujairah,LSMGO,748.97
10581,2023-09-15,Fujairah,IFO380,419.75
10582,2023-09-15,Rotterdam,VLSFO,561.61
10583,2023-09-15,Rotterdam,LSMGO,711.37
10584,2023-09-15,Rotterdam,IFO380,397.99
10585,2023-09-15,Visakhapatnam,VLSFO,623.43
10586,2023-09-15,Visakhapatnam,LSMGO,867.79
10587,2023-09-15,Visakhapatnam,IFO380,451.96
10588,2023-09-15,Houston,VLSFO,539.27
10589,2023-09-15,Houston,LSMGO,651.08
10590,2023-09-15,Houston,IFO380,385.81
10591,2023-09-18,Singapore,VLSFO,593.21
10592,2023-09-18,Singapore,LSMGO,764.53
10593,2023-09-18,Singapore,IFO380,427.81
10594,2023-09-18,Fujairah,VLSFO,569.52
10595,2023-09-18,Fujairah,LSMGO,745.62
10596,2023-09-18,Fujairah,IFO380,417.65
10597,2023-09-18,Rotterdam,VLSFO,560.72
10598,2023-09-18,Rotterdam,LSMGO,697.17
10599,2023-09-18,Rotterdam,IFO380,405.79
10600,2023-09-18,Visakhapatnam,VLSFO,626.71
10601,2023-09-18,Visakhapatnam,LSMGO,865.4
10602,2023-09-18,Visakhapatnam,IFO380,447.19
10603,2023-09-18,Houston,VLSFO,542.73
10604,2023-09-18,Houston,LSMGO,662.94
10605,2023-09-18,Houston,IFO380,398.07
10606,2023-09-19,Singapore,VLSFO,582.29
10607,2023-09-19,Singapore,LSMGO,736.06
10608,2023-09-19,Singapore,IFO380,413.87
10609,2023-09-19,Fujairah,VLSFO,586.06
10610,2023-09-19,Fujairah,LSMGO,771.81
10611,2023-09-19,Fujairah,IFO380,424.48
10612,2023-09-19,Rotterdam,VLSFO,549.45
10613,2023-09-19,Rotterdam,LSMGO,689.91
10614,2023-09-19,Rotterdam,IFO380,391.92
10615,2023-09-19,Visakhapatnam,VLSFO,618.78
10616,2023-09-19,Visakhapatnam,LSMGO,851.66
10617,2023-09-19,Visakhapatnam,IFO380,439.75
10618,2023-09-19,Houston,VLSFO,546.4
10619,2023-09-19,Houston,LSMGO,672.63
10620,2023-09-19,Houston,IFO380,390.34
10621,2023-09-20,Singapore,VLSFO,582.93
10622,2023-09-20,Singapore,LSMGO,746.65
10623,2023-09-20,Singapore,IFO380,415.57
10624,2023-09-20,Fujairah,VLSFO,567.39
10625,2023-09-20,Fujairah,LSMGO,750.51
10626,2023-09-20,Fujairah,IFO380,406.65
10627,2023-09-20,Rotterdam,VLSFO,563.98
10628,2023-09-20,Rotterdam,LSMGO,729.26
10629,2023-09-20,Rotterdam,IFO380,406.34
10630,2023-09-20,Visakhapatnam,VLSFO,623.12
10631,2023-09-20,Visakhapatnam,LSMGO,855.29
10632,2023-09-20,Visakhapatnam,IFO380,447.85
10633,2023-09-20,Houston,VLSFO,552.33
10634,2023-09-20,Houston,LSMGO,672.46
10635,2023-09-20,Houston,IFO380,397.02
10636,2023-09-21,Singapore,VLSFO,586.82
10637,2023-09-21,Singapore,LSMGO,751.7
10638,2023-09-21,Singapore,IFO380,423.84
10639,2023-09-21,Fujairah,VLSFO,571.09
10640,2023-09-21,Fujairah,LSMGO,739.75
10641,2023-09-21,Fujairah,IFO380,410.97
10642,2023-09-21,Rotterdam,VLSFO,551.65
10643,2023-09-21,Rotterdam,LSMGO,683.75
10644,2023-09-21,Rotterdam,IFO380,396.8
10645,2023-09-21,Visakhapatnam,VLSFO,627.45
10646,2023-09-21,Visakhapatnam,LSMGO,852.65
10647,2023-09-21,Visakhapatnam,IFO380,446.37
10648,2023-09-21,Houston,VLSFO,553.84
10649,2023-09-21,Houston,LSMGO,672.8
10650,2023-09-21,Houston,IFO380,398.44
10651,2023-09-22,Singapore,VLSFO,579.51
10652,2023-09-22,Singapore,LSMGO,749.41
10653,2023-09-22,Singapore,IFO380,414.27
10654,2023-09-22,Fujairah,VLSFO,571.11
10655,2023-09-22,Fujairah,LSMGO,742.69
10656,2023-09-22,Fujairah,IFO380,406.9
10657,2023-09-22,Rotterdam,VLSFO,565.66
10658,2023-09-22,Rotterdam,LSMGO,705.26
10659,2023-09-22,Rotterdam,IFO380,413.33
10660,2023-09-22,Visakhapatnam,VLSFO,619.39
10661,2023-09-22,Visakhapatnam,LSMGO,872.35
10662,2023-09-22,Visakhapatnam,IFO380,447.6
10663,2023-09-22,Houston,VLSFO,542.64
10664,2023-09-22,Houston,LSMGO,680.22
10665,2023-09-22,Houston,IFO380,393.81
10666,2023-09-25,Singapore,VLSFO,588.74
10667,2023-09-25,Singapore,LSMGO,755.98
10668,2023-09-25,Singapore,IFO380,413.25
10669,2023-09-25,Fujairah,VLSFO,578.82
10670,2023-09-25,Fujairah,LSMGO,753.39
10671,2023-09-25,Fujairah,IFO380,419.6
10672,2023-09-25,Rotterdam,VLSFO,554.18
10673,2023-09-25,Rotterdam,LSMGO,696.76
10674,2023-09-25,Rotterdam,IFO380,398.52
10675,2023-09-25,Visakhapatnam,VLSFO,626.08
10676,2023-09-25,Visakhapatnam,LSMGO,864.94
10677,2023-09-25,Visakhapatnam,IFO380,452.92
10678,2023-09-25,Houston,VLSFO,541.72
10679,2023-09-25,Houston,LSMGO,659.1
10680,2023-09-25,Houston,IFO380,394.49
10681,2023-09-26,Singapore,VLSFO,585.3
10682,2023-09-26,Singapore,LSMGO,752.39
10683,2023-09-26,Singapore,IFO380,422.47
10684,2023-09-26,Fujairah,VLSFO,575.59
10685,2023-09-26,Fujairah,LSMGO,743.31
10686,2023-09-26,Fujairah,IFO380,421.4
10687,2023-09-26,Rotterdam,VLSFO,548.19
10688,2023-09-26,Rotterdam,LSMGO,688.4
10689,2023-09-26,Rotterdam,IFO380,391.98
10690,2023-09-26,Visakhapatnam,VLSFO,619.91
10691,2023-09-26,Visakhapatnam,LSMGO,857.19
10692,2023-09-26,Visakhapatnam,IFO380,444.83
10693,2023-09-26,Houston,VLSFO,550.77
10694,2023-09-26,Houston,LSMGO,679.72
10695,2023-09-26,Houston,IFO380,392.9
10696,2023-09-27,Singapore,VLSFO,581.76
10697,2023-09-27,Singapore,LSMGO,751.56
10698,2023-09-27,Singapore,IFO380,412.51
10699,2023-09-27,Fujairah,VLSFO,578.44
10700,2023-09-27,Fujairah,LSMGO,758.35
10701,2023-09-27,Fujairah,IFO380,419.85
10702,2023-09-27,Rotterdam,VLSFO,556.83
10703,2023-09-27,Rotterdam,LSMGO,699.11
10704,2023-09-27,Rotterdam,IFO380,412.14
10705,2023-09-27,Visakhapatnam,VLSFO,615.61
10706,2023-09-27,Visakhapatnam,LSMGO,850.24
10707,2023-09-27,Visakhapatnam,IFO380,433.33
10708,2023-09-27,Houston,VLSFO,545.98
10709,2023-09-27,Houston,LSMGO,668.22
10710,2023-09-27,Houston,IFO380,401.24
10711,2023-09-28,Singapore,VLSFO,580.12
10712,2023-09-28,Singapore,LSMGO,743.71
10713,2023-09-28,Singapore,IFO380,421.46
10714,2023-09-28,Fujairah,VLSFO,578.51
10715,2023-09-28,Fujairah,LSMGO,747.67
10716,2023-09-28,Fujairah,IFO380,422.91
10717,2023-09-28,Rotterdam,VLSFO,558.05
10718,2023-09-28,Rotterdam,LSMGO,700.18
10719,2023-09-28,Rotterdam,IFO380,400.0
10720,2023-09-28,Visakhapatnam,VLSFO,624.37
10721,2023-09-28,Visakhapatnam,LSMGO,869.06
10722,2023-09-28,Visakhapatnam,IFO380,453.36
10723,2023-09-28,Houston,VLSFO,543.9
10724,2023-09-28,Houston,LSMGO,664.99
10725,2023-09-28,Houston,IFO380,390.15
10726,2023-09-29,Singapore,VLSFO,582.14
10727,2023-09-29,Singapore,LSMGO,740.69
10728,2023-09-29,Singapore,IFO380,416.64
10729,2023-09-29,Fujairah,VLSFO,573.73
10730,2023-09-29,Fujairah,LSMGO,751.29
10731,2023-09-29,Fujairah,IFO380,407.11
10732,2023-09-29,Rotterdam,VLSFO,556.63
10733,2023-09-29,Rotterdam,LSMGO,698.16
10734,2023-09-29,Rotterdam,IFO380,400.21
10735,2023-09-29,Visakhapatnam,VLSFO,620.74
10736,2023-09-29,Visakhapatnam,LSMGO,849.53
10737,2023-09-29,Visakhapatnam,IFO380,451.71
10738,2023-09-29,Houston,VLSFO,544.43
10739,2023-09-29,Houston,LSMGO,658.89
10740,2023-09-29,Houston,IFO380,389.77
10741,2023-10-02,Singapore,VLSFO,585.15
10742,2023-10-02,Singapore,LSMGO,740.59
10743,2023-10-02,Singapore,IFO380,418.29
10744,2023-10-02,Fujairah,VLSFO,572.05
10745,2023-10-02,Fujairah,LSMGO,740.07
10746,2023-10-02,Fujairah,IFO380,407.34
10747,2023-10-02,Rotterdam,VLSFO,553.76
10748,2023-10-02,Rotterdam,LSMGO,687.91
10749,2023-10-02,Rotterdam,IFO380,401.25
10750,2023-10-02,Visakhapatnam,VLSFO,618.73
10751,2023-10-02,Visakhapatnam,LSMGO,856.16
10752,2023-10-02,Visakhapatnam,IFO380,444.39
10753,2023-10-02,Houston,VLSFO,552.7
10754,2023-10-02,Houston,LSMGO,674.16
10755,2023-10-02,Houston,IFO380,397.17
10756,2023-10-03,Singapore,VLSFO,589.94
10757,2023-10-03,Singapore,LSMGO,756.03
10758,2023-10-03,Singapore,IFO380,428.44
10759,2023-10-03,Fujairah,VLSFO,566.87
10760,2023-10-03,Fujairah,LSMGO,733.61
10761,2023-10-03,Fujairah,IFO380,408.77
10762,2023-10-03,Rotterdam,VLSFO,562.15
10763,2023-10-03,Rotterdam,LSMGO,713.06
10764,2023-10-03,Rotterdam,IFO380,402.98
10765,2023-10-03,Visakhapatnam,VLSFO,622.46
10766,2023-10-03,Visakhapatnam,LSMGO,852.34
10767,2023-10-03,Visakhapatnam,IFO380,455.32
10768,2023-10-03,Houston,VLSFO,540.81
10769,2023-10-03,Houston,LSMGO,657.15
10770,2023-10-03,Houston,IFO380,384.06
10771,2023-10-04,Singapore,VLSFO,593.09
10772,2023-10-04,Singapore,LSMGO,747.38
10773,2023-10-04,Singapore,IFO380,430.18
10774,2023-10-04,Fujairah,VLSFO,565.33
10775,2023-10-04,Fujairah,LSMGO,732.57
10776,2023-10-04,Fujairah,IFO380,400.8
10777,2023-10-04,Rotterdam,VLSFO,561.56
10778,2023-10-04,Rotterdam,LSMGO,710.9
10779,2023-10-04,Rotterdam,IFO380,414.76
10780,2023-10-04,Visakhapatnam,VLSFO,620.97
10781,2023-10-04,Visakhapatnam,LSMGO,855.28
10782,2023-10-04,Visakhapatnam,IFO380,451.98
10783,2023-10-04,Houston,VLSFO,548.34
10784,2023-10-04,Houston,LSMGO,676.55
10785,2023-10-04,Houston,IFO380,389.08
10786,2023-10-05,Singapore,VLSFO,581.81
10787,2023-10-05,Singapore,LSMGO,741.1
10788,2023-10-05,Singapore,IFO380,424.39
10789,2023-10-05,Fujairah,VLSFO,574.23
10790,2023-10-05,Fujairah,LSMGO,743.21
10791,2023-10-05,Fujairah,IFO380,415.43
10792,2023-10-05,Rotterdam,VLSFO,564.11
10793,2023-10-05,Rotterdam,LSMGO,710.03
10794,2023-10-05,Rotterdam,IFO380,404.06
10795,2023-10-05,Visakhapatnam,VLSFO,618.41
10796,2023-10-05,Visakhapatnam,LSMGO,848.8
10797,2023-10-05,Visakhapatnam,IFO380,447.69
10798,2023-10-05,Houston,VLSFO,550.52
10799,2023-10-05,Houston,LSMGO,674.81
10800,2023-10-05,Houston,IFO380,393.49
10801,2023-10-06,Singapore,VLSFO,590.73
10802,2023-10-06,Singapore,LSMGO,749.4
10803,2023-10-06,Singapore,IFO380,430.22
10804,2023-10-06,Fujairah,VLSFO,574.05
10805,2023-10-06,Fujairah,LSMGO,740.12
10806,2023-10-06,Fujairah,IFO380,414.67
10807,2023-10-06,Rotterdam,VLSFO,542.13
10808,2023-10-06,Rotterdam,LSMGO,693.84
10809,2023-10-06,Rotterdam,IFO380,386.76
10810,2023-10-06,Visakhapatnam,VLSFO,616.05
10811,2023-10-06,Visakhapatnam,LSMGO,857.27
10812,2023-10-06,Visakhapatnam,IFO380,446.52
10813,2023-10-06,Houston,VLSFO,551.62
10814,2023-10-06,Houston,LSMGO,667.24
10815,2023-10-06,Houston,IFO380,400.47
10816,2023-10-09,Singapore,VLSFO,588.27
10817,2023-10-09,Singapore,LSMGO,745.86
10818,2023-10-09,Singapore,IFO380,425.58
10819,2023-10-09,Fujairah,VLSFO,579.33
10820,2023-10-09,Fujairah,LSMGO,753.38
10821,2023-10-09,Fujairah,IFO380,412.14
10822,2023-10-09,Rotterdam,VLSFO,559.04
10823,2023-10-09,Rotterdam,LSMGO,702.58
10824,2023-10-09,Rotterdam,IFO380,399.45
10825,2023-10-09,Visakhapatnam,VLSFO,621.87
10826,2023-10-09,Visakhapatnam,LSMGO,859.09
10827,2023-10-09,Visakhapatnam,IFO380,450.78
10828,2023-10-09,Houston,VLSFO,550.51
10829,2023-10-09,Houston,LSMGO,667.48
10830,2023-10-09,Houston,IFO380,392.68
10831,2023-10-10,Singapore,VLSFO,588.51
10832,2023-10-10,Singapore,LSMGO,756.94
10833,2023-10-10,Singapore,IFO380,421.05
10834,2023-10-10,Fujairah,VLSFO,576.57
10835,2023-10-10,Fujairah,LSMGO,755.07
10836,2023-10-10,Fujairah,IFO380,419.97
10837,2023-10-10,Rotterdam,VLSFO,558.95
10838,2023-10-10,Rotterdam,LSMGO,690.8
10839,2023-10-10,Rotterdam,IFO380,390.47
10840,2023-10-10,Visakhapatnam,VLSFO,622.75
10841,2023-10-10,Visakhapatnam,LSMGO,858.97
10842,2023-10-10,Visakhapatnam,IFO380,446.4
10843,2023-10-10,Houston,VLSFO,542.08
10844,2023-10-10,Houston,LSMGO,662.32
10845,2023-10-10,Houston,IFO380,387.96
10846,2023-10-11,Singapore,VLSFO,588.02
10847,2023-10-11,Singapore,LSMGO,759.38
10848,2023-10-11,Singapore,IFO380,418.63
10849,2023-10-11,Fujairah,VLSFO,576.11
10850,2023-10-11,Fujairah,LSMGO,752.1
10851,2023-10-11,Fujairah,IFO380,416.51
10852,2023-10-11,Rotterdam,VLSFO,556.1
10853,2023-10-11,Rotterdam,LSMGO,710.01
10854,2023-10-11,Rotterdam,IFO380,399.47
10855,2023-10-11,Visakhapatnam,VLSFO,621.33
10856,2023-10-11,Visakhapatnam,LSMGO,846.21
10857,2023-10-11,Visakhapatnam,IFO380,447.48
10858,2023-10-11,Houston,VLSFO,543.02
10859,2023-10-11,Houston,LSMGO,671.27
10860,2023-10-11,Houston,IFO380,394.32
10861,2023-10-12,Singapore,VLSFO,572.59
10862,2023-10-12,Singapore,LSMGO,735.82
10863,2023-10-12,Singapore,IFO380,413.81
10864,2023-10-12,Fujairah,VLSFO,575.76
10865,2023-10-12,Fujairah,LSMGO,757.6
10866,2023-10-12,Fujairah,IFO380,416.87
10867,2023-10-12,Rotterdam,VLSFO,553.89
10868,2023-10-12,Rotterdam,LSMGO,698.93
10869,2023-10-12,Rotterdam,IFO380,404.29
10870,2023-10-12,Visakhapatnam,VLSFO,619.41
10871,2023-10-12,Visakhapatnam,LSMGO,853.59
10872,2023-10-12,Visakhapatnam,IFO380,444.66
10873,2023-10-12,Houston,VLSFO,547.61
10874,2023-10-12,Houston,LSMGO,677.36
10875,2023-10-12,Houston,IFO380,396.06
10876,2023-10-13,Singapore,VLSFO,582.59
10877,2023-10-13,Singapore,LSMGO,749.8
10878,2023-10-13,Singapore,IFO380,414.04
10879,2023-10-13,Fujairah,VLSFO,574.5
10880,2023-10-13,Fujairah,LSMGO,760.52
10881,2023-10-13,Fujairah,IFO380,413.12
10882,2023-10-13,Rotterdam,VLSFO,554.04
10883,2023-10-13,Rotterdam,LSMGO,686.33
10884,2023-10-13,Rotterdam,IFO380,397.85
10885,2023-10-13,Visakhapatnam,VLSFO,619.2
10886,2023-10-13,Visakhapatnam,LSMGO,847.89
10887,2023-10-13,Visakhapatnam,IFO380,442.13
10888,2023-10-13,Houston,VLSFO,548.96
10889,2023-10-13,Houston,LSMGO,668.47
10890,2023-10-13,Houston,IFO380,396.19
10891,2023-10-16,Singapore,VLSFO,593.35
10892,2023-10-16,Singapore,LSMGO,757.11
10893,2023-10-16,Singapore,IFO380,419.67
10894,2023-10-16,Fujairah,VLSFO,567.71
10895,2023-10-16,Fujairah,LSMGO,733.55
10896,2023-10-16,Fujairah,IFO380,410.5
10897,2023-10-16,Rotterdam,VLSFO,566.75
10898,2023-10-16,Rotterdam,LSMGO,708.37
10899,2023-10-16,Rotterdam,IFO380,405.42
10900,2023-10-16,Visakhapatnam,VLSFO,621.63
10901,2023-10-16,Visakhapatnam,LSMGO,859.07
10902,2023-10-16,Visakhapatnam,IFO380,442.14
10903,2023-10-16,Houston,VLSFO,549.74
10904,2023-10-16,Houston,LSMGO,674.62
10905,2023-10-16,Houston,IFO380,394.34
10906,2023-10-17,Singapore,VLSFO,585.47
10907,2023-10-17,Singapore,LSMGO,750.63
10908,2023-10-17,Singapore,IFO380,423.57
10909,2023-10-17,Fujairah,VLSFO,572.02
10910,2023-10-17,Fujairah,LSMGO,748.46
10911,2023-10-17,Fujairah,IFO380,412.59
10912,2023-10-17,Rotterdam,VLSFO,551.94
10913,2023-10-17,Rotterdam,LSMGO,682.35
10914,2023-10-17,Rotterdam,IFO380,395.09
10915,2023-10-17,Visakhapatnam,VLSFO,616.36
10916,2023-10-17,Visakhapatnam,LSMGO,867.66
10917,2023-10-17,Visakhapatnam,IFO380,444.24
10918,2023-10-17,Houston,VLSFO,538.92
10919,2023-10-17,Houston,LSMGO,657.55
10920,2023-10-17,Houston,IFO380,386.44
10921,2023-10-18,Singapore,VLSFO,590.27
10922,2023-10-18,Singapore,LSMGO,757.05
10923,2023-10-18,Singapore,IFO380,428.31
10924,2023-10-18,Fujairah,VLSFO,579.15
10925,2023-10-18,Fujairah,LSMGO,762.75
10926,2023-10-18,Fujairah,IFO380,422.84
10927,2023-10-18,Rotterdam,VLSFO,555.25
10928,2023-10-18,Rotterdam,LSMGO,698.98
10929,2023-10-18,Rotterdam,IFO380,404.44
10930,2023-10-18,Visakhapatnam,VLSFO,622.18
10931,2023-10-18,Visakhapatnam,LSMGO,863.71
10932,2023-10-18,Visakhapatnam,IFO380,450.56
10933,2023-10-18,Houston,VLSFO,551.53
10934,2023-10-18,Houston,LSMGO,660.74
10935,2023-10-18,Houston,IFO380,402.2
10936,2023-10-19,Singapore,VLSFO,580.63
10937,2023-10-19,Singapore,LSMGO,738.21
10938,2023-10-19,Singapore,IFO380,416.49
10939,2023-10-19,Fujairah,VLSFO,578.09
10940,2023-10-19,Fujairah,LSMGO,763.79
10941,2023-10-19,Fujairah,IFO380,418.43
10942,2023-10-19,Rotterdam,VLSFO,547.53
10943,2023-10-19,Rotterdam,LSMGO,691.42
10944,2023-10-19,Rotterdam,IFO380,398.76
10945,2023-10-19,Visakhapatnam,VLSFO,618.28
10946,2023-10-19,Visakhapatnam,LSMGO,851.02
10947,2023-10-19,Visakhapatnam,IFO380,441.09
10948,2023-10-19,Houston,VLSFO,540.15
10949,2023-10-19,Houston,LSMGO,657.18
10950,2023-10-19,Houston,IFO380,397.33
10951,2023-10-20,Singapore,VLSFO,586.34
10952,2023-10-20,Singapore,LSMGO,756.48
10953,2023-10-20,Singapore,IFO380,420.11
10954,2023-10-20,Fujairah,VLSFO,566.84
10955,2023-10-20,Fujairah,LSMGO,741.8
10956,2023-10-20,Fujairah,IFO380,410.81
10957,2023-10-20,Rotterdam,VLSFO,548.66
10958,2023-10-20,Rotterdam,LSMGO,691.55
10959,2023-10-20,Rotterdam,IFO380,391.26
10960,2023-10-20,Visakhapatnam,VLSFO,614.0
10961,2023-10-20,Visakhapatnam,LSMGO,858.82
10962,2023-10-20,Visakhapatnam,IFO380,440.91
10963,2023-10-20,Houston,VLSFO,539.69
10964,2023-10-20,Houston,LSMGO,654.72
10965,2023-10-20,Houston,IFO380,394.89
10966,2023-10-23,Singapore,VLSFO,583.93
10967,2023-10-23,Singapore,LSMGO,734.39
10968,2023-10-23,Singapore,IFO380,411.84
10969,2023-10-23,Fujairah,VLSFO,569.25
10970,2023-10-23,Fujairah,LSMGO,754.45
10971,2023-10-23,Fujairah,IFO380,408.3
10972,2023-10-23,Rotterdam,VLSFO,557.46
10973,2023-10-23,Rotterdam,LSMGO,701.13
10974,2023-10-23,Rotterdam,IFO380,394.67
10975,2023-10-23,Visakhapatnam,VLSFO,634.85
10976,2023-10-23,Visakhapatnam,LSMGO,886.65
10977,2023-10-23,Visakhapatnam,IFO380,452.66
10978,2023-10-23,Houston,VLSFO,543.79
10979,2023-10-23,Houston,LSMGO,663.39
10980,2023-10-23,Houston,IFO380,399.52
10981,2023-10-24,Singapore,VLSFO,591.14
10982,2023-10-24,Singapore,LSMGO,753.86
10983,2023-10-24,Singapore,IFO380,422.4
10984,2023-10-24,Fujairah,VLSFO,570.13
10985,2023-10-24,Fujairah,LSMGO,742.5
10986,2023-10-24,Fujairah,IFO380,409.75
10987,2023-10-24,Rotterdam,VLSFO,551.36
10988,2023-10-24,Rotterdam,LSMGO,700.65
10989,2023-10-24,Rotterdam,IFO380,390.85
10990,2023-10-24,Visakhapatnam,VLSFO,624.25
10991,2023-10-24,Visakhapatnam,LSMGO,868.47
10992,2023-10-24,Visakhapatnam,IFO380,447.48
10993,2023-10-24,Houston,VLSFO,547.11
10994,2023-10-24,Houston,LSMGO,677.34
10995,2023-10-24,Houston,IFO380,394.29
10996,2023-10-25,Singapore,VLSFO,595.97
10997,2023-10-25,Singapore,LSMGO,769.98
10998,2023-10-25,Singapore,IFO380,427.07
10999,2023-10-25,Fujairah,VLSFO,574.3
11000,2023-10-25,Fujairah,LSMGO,741.51
11001,2023-10-25,Fujairah,IFO380,413.32
11002,2023-10-25,Rotterdam,VLSFO,561.83
11003,2023-10-25,Rotterdam,LSMGO,710.09
11004,2023-10-25,Rotterdam,IFO380,405.58
11005,2023-10-25,Visakhapatnam,VLSFO,622.2
11006,2023-10-25,Visakhapatnam,LSMGO,859.63
11007,2023-10-25,Visakhapatnam,IFO380,445.91
11008,2023-10-25,Houston,VLSFO,549.67
11009,2023-10-25,Houston,LSMGO,675.62
11010,2023-10-25,Houston,IFO380,395.5
11011,2023-10-26,Singapore,VLSFO,582.17
11012,2023-10-26,Singapore,LSMGO,744.86
11013,2023-10-26,Singapore,IFO380,415.94
11014,2023-10-26,Fujairah,VLSFO,586.51
11015,2023-10-26,Fujairah,LSMGO,771.03
11016,2023-10-26,Fujairah,IFO380,419.19
11017,2023-10-26,Rotterdam,VLSFO,556.64
11018,2023-10-26,Rotterdam,LSMGO,689.09
11019,2023-10-26,Rotterdam,IFO380,400.1
11020,2023-10-26,Visakhapatnam,VLSFO,613.09
11021,2023-10-26,Visakhapatnam,LSMGO,855.55
11022,2023-10-26,Visakhapatnam,IFO380,443.78
11023,2023-10-26,Houston,VLSFO,543.66
11024,2023-10-26,Houston,LSMGO,672.83
11025,2023-10-26,Houston,IFO380,385.96
11026,2023-10-27,Singapore,VLSFO,591.64
11027,2023-10-27,Singapore,LSMGO,749.2
11028,2023-10-27,Singapore,IFO380,426.34
11029,2023-10-27,Fujairah,VLSFO,572.88
11030,2023-10-27,Fujairah,LSMGO,742.73
11031,2023-10-27,Fujairah,IFO380,411.06
11032,2023-10-27,Rotterdam,VLSFO,544.97
11033,2023-10-27,Rotterdam,LSMGO,670.01
11034,2023-10-27,Rotterdam,IFO380,393.77
11035,2023-10-27,Visakhapatnam,VLSFO,621.98
11036,2023-10-27,Visakhapatnam,LSMGO,854.92
11037,2023-10-27,Visakhapatnam,IFO380,439.37
11038,2023-10-27,Houston,VLSFO,549.89
11039,2023-10-27,Houston,LSMGO,672.96
11040,2023-10-27,Houston,IFO380,402.05
11041,2023-10-30,Singapore,VLSFO,580.32
11042,2023-10-30,Singapore,LSMGO,730.24
11043,2023-10-30,Singapore,IFO380,414.43
11044,2023-10-30,Fujairah,VLSFO,573.77
11045,2023-10-30,Fujairah,LSMGO,753.15
11046,2023-10-30,Fujairah,IFO380,414.61
11047,2023-10-30,Rotterdam,VLSFO,551.26
11048,2023-10-30,Rotterdam,LSMGO,694.12
11049,2023-10-30,Rotterdam,IFO380,399.7
11050,2023-10-30,Visakhapatnam,VLSFO,621.71
11051,2023-10-30,Visakhapatnam,LSMGO,857.16
11052,2023-10-30,Visakhapatnam,IFO380,452.19
11053,2023-10-30,Houston,VLSFO,560.73
11054,2023-10-30,Houston,LSMGO,699.07
11055,2023-10-30,Houston,IFO380,403.81
11056,2023-10-31,Singapore,VLSFO,576.63
11057,2023-10-31,Singapore,LSMGO,743.14
11058,2023-10-31,Singapore,IFO380,414.37
11059,2023-10-31,Fujairah,VLSFO,572.13
11060,2023-10-31,Fujairah,LSMGO,756.74
11061,2023-10-31,Fujairah,IFO380,414.71
11062,2023-10-31,Rotterdam,VLSFO,557.06
11063,2023-10-31,Rotterdam,LSMGO,694.56
11064,2023-10-31,Rotterdam,IFO380,401.67
11065,2023-10-31,Visakhapatnam,VLSFO,615.68
11066,2023-10-31,Visakhapatnam,LSMGO,865.02
11067,2023-10-31,Visakhapatnam,IFO380,442.64
11068,2023-10-31,Houston,VLSFO,551.79
11069,2023-10-31,Houston,LSMGO,684.85
11070,2023-10-31,Houston,IFO380,403.75
11071,2023-11-01,Singapore,VLSFO,587.13
11072,2023-11-01,Singapore,LSMGO,753.88
11073,2023-11-01,Singapore,IFO380,419.08
11074,2023-11-01,Fujairah,VLSFO,574.8
11075,2023-11-01,Fujairah,LSMGO,749.58
11076,2023-11-01,Fujairah,IFO380,416.73
11077,2023-11-01,Rotterdam,VLSFO,556.99
11078,2023-11-01,Rotterdam,LSMGO,686.83
11079,2023-11-01,Rotterdam,IFO380,405.81
11080,2023-11-01,Visakhapatnam,VLSFO,621.26
11081,2023-11-01,Visakhapatnam,LSMGO,848.17
11082,2023-11-01,Visakhapatnam,IFO380,445.3
11083,2023-11-01,Houston,VLSFO,546.92
11084,2023-11-01,Houston,LSMGO,663.41
11085,2023-11-01,Houston,IFO380,391.69
11086,2023-11-02,Singapore,VLSFO,578.57
11087,2023-11-02,Singapore,LSMGO,741.27
11088,2023-11-02,Singapore,IFO380,418.33
11089,2023-11-02,Fujairah,VLSFO,575.93
11090,2023-11-02,Fujairah,LSMGO,744.24
11091,2023-11-02,Fujairah,IFO380,418.33
11092,2023-11-02,Rotterdam,VLSFO,558.28
11093,2023-11-02,Rotterdam,LSMGO,688.06
11094,2023-11-02,Rotterdam,IFO380,407.2
11095,2023-11-02,Visakhapatnam,VLSFO,619.7
11096,2023-11-02,Visakhapatnam,LSMGO,857.51
11097,2023-11-02,Visakhapatnam,IFO380,442.96
11098,2023-11-02,Houston,VLSFO,547.37
11099,2023-11-02,Houston,LSMGO,678.8
11100,2023-11-02,Houston,IFO380,394.23
11101,2023-11-03,Singapore,VLSFO,590.53
11102,2023-11-03,Singapore,LSMGO,757.59
11103,2023-11-03,Singapore,IFO380,424.17
11104,2023-11-03,Fujairah,VLSFO,581.87
11105,2023-11-03,Fujairah,LSMGO,769.06
11106,2023-11-03,Fujairah,IFO380,421.27
11107,2023-11-03,Rotterdam,VLSFO,557.1
11108,2023-11-03,Rotterdam,LSMGO,703.84
11109,2023-11-03,Rotterdam,IFO380,399.2
11110,2023-11-03,Visakhapatnam,VLSFO,613.6
11111,2023-11-03,Visakhapatnam,LSMGO,846.74
11112,2023-11-03,Visakhapatnam,IFO380,452.47
11113,2023-11-03,Houston,VLSFO,547.77
11114,2023-11-03,Houston,LSMGO,663.9
11115,2023-11-03,Houston,IFO380,393.05
11116,2023-11-06,Singapore,VLSFO,584.5
11117,2023-11-06,Singapore,LSMGO,742.75
11118,2023-11-06,Singapore,IFO380,422.4
11119,2023-11-06,Fujairah,VLSFO,587.1
11120,2023-11-06,Fujairah,LSMGO,759.42
11121,2023-11-06,Fujairah,IFO380,421.64
11122,2023-11-06,Rotterdam,VLSFO,552.36
11123,2023-11-06,Rotterdam,LSMGO,683.79
11124,2023-11-06,Rotterdam,IFO380,397.92
11125,2023-11-06,Visakhapatnam,VLSFO,616.75
11126,2023-11-06,Visakhapatnam,LSMGO,849.3
11127,2023-11-06,Visakhapatnam,IFO380,442.11
11128,2023-11-06,Houston,VLSFO,539.73
11129,2023-11-06,Houston,LSMGO,664.12
11130,2023-11-06,Houston,IFO380,391.08
11131,2023-11-07,Singapore,VLSFO,597.13
11132,2023-11-07,Singapore,LSMGO,769.06
11133,2023-11-07,Singapore,IFO380,434.11
11134,2023-11-07,Fujairah,VLSFO,584.3
11135,2023-11-07,Fujairah,LSMGO,771.95
11136,2023-11-07,Fujairah,IFO380,425.47
11137,2023-11-07,Rotterdam,VLSFO,552.69
11138,2023-11-07,Rotterdam,LSMGO,684.21
11139,2023-11-07,Rotterdam,IFO380,396.45
11140,2023-11-07,Visakhapatnam,VLSFO,617.23
11141,2023-11-07,Visakhapatnam,LSMGO,847.63
11142,2023-11-07,Visakhapatnam,IFO380,447.1
11143,2023-11-07,Houston,VLSFO,548.5
11144,2023-11-07,Houston,LSMGO,666.23
11145,2023-11-07,Houston,IFO380,398.06
11146,2023-11-08,Singapore,VLSFO,587.64
11147,2023-11-08,Singapore,LSMGO,759.83
11148,2023-11-08,Singapore,IFO380,419.22
11149,2023-11-08,Fujairah,VLSFO,577.76
11150,2023-11-08,Fujairah,LSMGO,743.46
11151,2023-11-08,Fujairah,IFO380,417.04
11152,2023-11-08,Rotterdam,VLSFO,554.9
11153,2023-11-08,Rotterdam,LSMGO,699.09
11154,2023-11-08,Rotterdam,IFO380,399.5
11155,2023-11-08,Visakhapatnam,VLSFO,627.1
11156,2023-11-08,Visakhapatnam,LSMGO,859.02
11157,2023-11-08,Visakhapatnam,IFO380,456.71
11158,2023-11-08,Houston,VLSFO,545.44
11159,2023-11-08,Houston,LSMGO,674.72
11160,2023-11-08,Houston,IFO380,400.43
11161,2023-11-09,Singapore,VLSFO,591.35
11162,2023-11-09,Singapore,LSMGO,769.69
11163,2023-11-09,Singapore,IFO380,427.62
11164,2023-11-09,Fujairah,VLSFO,579.31
11165,2023-11-09,Fujairah,LSMGO,754.09
11166,2023-11-09,Fujairah,IFO380,418.04
11167,2023-11-09,Rotterdam,VLSFO,559.55
11168,2023-11-09,Rotterdam,LSMGO,699.29
11169,2023-11-09,Rotterdam,IFO380,404.42
11170,2023-11-09,Visakhapatnam,VLSFO,632.72
11171,2023-11-09,Visakhapatnam,LSMGO,882.52
11172,2023-11-09,Visakhapatnam,IFO380,463.39
11173,2023-11-09,Houston,VLSFO,547.06
11174,2023-11-09,Houston,LSMGO,678.95
11175,2023-11-09,Houston,IFO380,385.8
11176,2023-11-10,Singapore,VLSFO,584.42
11177,2023-11-10,Singapore,LSMGO,748.36
11178,2023-11-10,Singapore,IFO380,423.26
11179,2023-11-10,Fujairah,VLSFO,572.5
11180,2023-11-10,Fujairah,LSMGO,744.37
11181,2023-11-10,Fujairah,IFO380,411.37
11182,2023-11-10,Rotterdam,VLSFO,552.55
11183,2023-11-10,Rotterdam,LSMGO,688.97
11184,2023-11-10,Rotterdam,IFO380,396.42
11185,2023-11-10,Visakhapatnam,VLSFO,630.91
11186,2023-11-10,Visakhapatnam,LSMGO,880.69
11187,2023-11-10,Visakhapatnam,IFO380,456.25
11188,2023-11-10,Houston,VLSFO,544.87
11189,2023-11-10,Houston,LSMGO,679.27
11190,2023-11-10,Houston,IFO380,381.01
11191,2023-11-13,Singapore,VLSFO,587.1
11192,2023-11-13,Singapore,LSMGO,752.56
11193,2023-11-13,Singapore,IFO380,422.21
11194,2023-11-13,Fujairah,VLSFO,586.13
11195,2023-11-13,Fujairah,LSMGO,767.3
11196,2023-11-13,Fujairah,IFO380,428.4
11197,2023-11-13,Rotterdam,VLSFO,561.87
11198,2023-11-13,Rotterdam,LSMGO,707.36
11199,2023-11-13,Rotterdam,IFO380,393.19
11200,2023-11-13,Visakhapatnam,VLSFO,632.64
11201,2023-11-13,Visakhapatnam,LSMGO,877.18
11202,2023-11-13,Visakhapatnam,IFO380,452.97
11203,2023-11-13,Houston,VLSFO,549.82
11204,2023-11-13,Houston,LSMGO,666.32
11205,2023-11-13,Houston,IFO380,396.08
11206,2023-11-14,Singapore,VLSFO,591.93
11207,2023-11-14,Singapore,LSMGO,761.82
11208,2023-11-14,Singapore,IFO380,434.13
11209,2023-11-14,Fujairah,VLSFO,577.03
11210,2023-11-14,Fujairah,LSMGO,744.21
11211,2023-11-14,Fujairah,IFO380,417.83
11212,2023-11-14,Rotterdam,VLSFO,560.48
11213,2023-11-14,Rotterdam,LSMGO,706.67
11214,2023-11-14,Rotterdam,IFO380,403.08
11215,2023-11-14,Visakhapatnam,VLSFO,624.25
11216,2023-11-14,Visakhapatnam,LSMGO,864.42
11217,2023-11-14,Visakhapatnam,IFO380,445.1
11218,2023-11-14,Houston,VLSFO,546.42
11219,2023-11-14,Houston,LSMGO,675.91
11220,2023-11-14,Houston,IFO380,397.94
11221,2023-11-15,Singapore,VLSFO,586.34
11222,2023-11-15,Singapore,LSMGO,750.73
11223,2023-11-15,Singapore,IFO380,420.69
11224,2023-11-15,Fujairah,VLSFO,578.54
11225,2023-11-15,Fujairah,LSMGO,757.98
11226,2023-11-15,Fujairah,IFO380,426.19
11227,2023-11-15,Rotterdam,VLSFO,565.7
11228,2023-11-15,Rotterdam,LSMGO,717.47
11229,2023-11-15,Rotterdam,IFO380,409.61
11230,2023-11-15,Visakhapatnam,VLSFO,630.28
11231,2023-11-15,Visakhapatnam,LSMGO,874.82
11232,2023-11-15,Visakhapatnam,IFO380,453.26
11233,2023-11-15,Houston,VLSFO,548.05
11234,2023-11-15,Houston,LSMGO,676.77
11235,2023-11-15,Houston,IFO380,395.9
11236,2023-11-16,Singapore,VLSFO,588.7
11237,2023-11-16,Singapore,LSMGO,753.37
11238,2023-11-16,Singapore,IFO380,422.38
11239,2023-11-16,Fujairah,VLSFO,581.7
11240,2023-11-16,Fujairah,LSMGO,752.15
11241,2023-11-16,Fujairah,IFO380,420.67
11242,2023-11-16,Rotterdam,VLSFO,567.9
11243,2023-11-16,Rotterdam,LSMGO,718.28
11244,2023-11-16,Rotterdam,IFO380,410.42
11245,2023-11-16,Visakhapatnam,VLSFO,621.5
11246,2023-11-16,Visakhapatnam,LSMGO,846.46
11247,2023-11-16,Visakhapatnam,IFO380,444.49
11248,2023-11-16,Houston,VLSFO,543.7
11249,2023-11-16,Houston,LSMGO,670.26
11250,2023-11-16,Houston,IFO380,399.53
11251,2023-11-17,Singapore,VLSFO,591.7
11252,2023-11-17,Singapore,LSMGO,751.18
11253,2023-11-17,Singapore,IFO380,432.33
11254,2023-11-17,Fujairah,VLSFO,579.55
11255,2023-11-17,Fujairah,LSMGO,770.25
11256,2023-11-17,Fujairah,IFO380,415.18
11257,2023-11-17,Rotterdam,VLSFO,555.86
11258,2023-11-17,Rotterdam,LSMGO,687.92
11259,2023-11-17,Rotterdam,IFO380,403.75
11260,2023-11-17,Visakhapatnam,VLSFO,624.51
11261,2023-11-17,Visakhapatnam,LSMGO,859.78
11262,2023-11-17,Visakhapatnam,IFO380,453.31
11263,2023-11-17,Houston,VLSFO,550.48
11264,2023-11-17,Houston,LSMGO,679.56
11265,2023-11-17,Houston,IFO380,399.12
11266,2023-11-20,Singapore,VLSFO,591.85
11267,2023-11-20,Singapore,LSMGO,762.0
11268,2023-11-20,Singapore,IFO380,430.7
11269,2023-11-20,Fujairah,VLSFO,586.17
11270,2023-11-20,Fujairah,LSMGO,773.95
11271,2023-11-20,Fujairah,IFO380,412.89
11272,2023-11-20,Rotterdam,VLSFO,567.5
11273,2023-11-20,Rotterdam,LSMGO,720.84
11274,2023-11-20,Rotterdam,IFO380,407.07
11275,2023-11-20,Visakhapatnam,VLSFO,627.81
11276,2023-11-20,Visakhapatnam,LSMGO,856.76
11277,2023-11-20,Visakhapatnam,IFO380,460.02
11278,2023-11-20,Houston,VLSFO,565.02
11279,2023-11-20,Houston,LSMGO,694.08
11280,2023-11-20,Houston,IFO380,411.1
11281,2023-11-21,Singapore,VLSFO,596.43
11282,2023-11-21,Singapore,LSMGO,760.42
11283,2023-11-21,Singapore,IFO380,433.63
11284,2023-11-21,Fujairah,VLSFO,575.79
11285,2023-11-21,Fujairah,LSMGO,767.33
11286,2023-11-21,Fujairah,IFO380,414.05
11287,2023-11-21,Rotterdam,VLSFO,565.12
11288,2023-11-21,Rotterdam,LSMGO,711.3
11289,2023-11-21,Rotterdam,IFO380,416.41
11290,2023-11-21,Visakhapatnam,VLSFO,629.27
11291,2023-11-21,Visakhapatnam,LSMGO,867.84
11292,2023-11-21,Visakhapatnam,IFO380,450.78
11293,2023-11-21,Houston,VLSFO,561.79
11294,2023-11-21,Houston,LSMGO,689.58
11295,2023-11-21,Houston,IFO380,405.03
11296,2023-11-22,Singapore,VLSFO,591.1
11297,2023-11-22,Singapore,LSMGO,748.27
11298,2023-11-22,Singapore,IFO380,423.65
11299,2023-11-22,Fujairah,VLSFO,589.7
11300,2023-11-22,Fujairah,LSMGO,768.63
11301,2023-11-22,Fujairah,IFO380,424.96
11302,2023-11-22,Rotterdam,VLSFO,559.0
11303,2023-11-22,Rotterdam,LSMGO,699.9
11304,2023-11-22,Rotterdam,IFO380,395.16
11305,2023-11-22,Visakhapatnam,VLSFO,625.98
11306,2023-11-22,Visakhapatnam,LSMGO,873.29
11307,2023-11-22,Visakhapatnam,IFO380,446.71
11308,2023-11-22,Houston,VLSFO,556.57
11309,2023-11-22,Houston,LSMGO,680.23
11310,2023-11-22,Houston,IFO380,402.51
11311,2023-11-23,Singapore,VLSFO,591.6
11312,2023-11-23,Singapore,LSMGO,761.6
11313,2023-11-23,Singapore,IFO380,429.08
11314,2023-11-23,Fujairah,VLSFO,582.21
11315,2023-11-23,Fujairah,LSMGO,769.07
11316,2023-11-23,Fujairah,IFO380,419.84
11317,2023-11-23,Rotterdam,VLSFO,569.45
11318,2023-11-23,Rotterdam,LSMGO,708.48
11319,2023-11-23,Rotterdam,IFO380,400.84
11320,2023-11-23,Visakhapatnam,VLSFO,626.19
11321,2023-11-23,Visakhapatnam,LSMGO,874.27
11322,2023-11-23,Visakhapatnam,IFO380,452.56
11323,2023-11-23,Houston,VLSFO,543.09
11324,2023-11-23,Houston,LSMGO,657.07
11325,2023-11-23,Houston,IFO380,394.46
11326,2023-11-24,Singapore,VLSFO,584.46
11327,2023-11-24,Singapore,LSMGO,743.1
11328,2023-11-24,Singapore,IFO380,420.64
11329,2023-11-24,Fujairah,VLSFO,579.18
11330,2023-11-24,Fujairah,LSMGO,762.83
11331,2023-11-24,Fujairah,IFO380,417.27
11332,2023-11-24,Rotterdam,VLSFO,566.42
11333,2023-11-24,Rotterdam,LSMGO,710.01
11334,2023-11-24,Rotterdam,IFO380,405.93
11335,2023-11-24,Visakhapatnam,VLSFO,629.48
11336,2023-11-24,Visakhapatnam,LSMGO,863.05
11337,2023-11-24,Visakhapatnam,IFO380,454.17
11338,2023-11-24,Houston,VLSFO,552.84
11339,2023-11-24,Houston,LSMGO,678.76
11340,2023-11-24,Houston,IFO380,394.39
11341,2023-11-27,Singapore,VLSFO,590.78
11342,2023-11-27,Singapore,LSMGO,764.59
11343,2023-11-27,Singapore,IFO380,419.21
11344,2023-11-27,Fujairah,VLSFO,583.07
11345,2023-11-27,Fujairah,LSMGO,758.32
11346,2023-11-27,Fujairah,IFO380,417.74
11347,2023-11-27,Rotterdam,VLSFO,567.06
11348,2023-11-27,Rotterdam,LSMGO,717.22
11349,2023-11-27,Rotterdam,IFO380,411.37
11350,2023-11-27,Visakhapatnam,VLSFO,631.1
11351,2023-11-27,Visakhapatnam,LSMGO,870.35
11352,2023-11-27,Visakhapatnam,IFO380,453.56
11353,2023-11-27,Houston,VLSFO,553.12
11354,2023-11-27,Houston,LSMGO,684.11
11355,2023-11-27,Houston,IFO380,399.8
11356,2023-11-28,Singapore,VLSFO,595.41
11357,2023-11-28,Singapore,LSMGO,767.13
11358,2023-11-28,Singapore,IFO380,424.15
11359,2023-11-28,Fujairah,VLSFO,587.54
11360,2023-11-28,Fujairah,LSMGO,767.62
11361,2023-11-28,Fujairah,IFO380,422.1
11362,2023-11-28,Rotterdam,VLSFO,555.4
11363,2023-11-28,Rotterdam,LSMGO,690.63
11364,2023-11-28,Rotterdam,IFO380,401.02
11365,2023-11-28,Visakhapatnam,VLSFO,636.06
11366,2023-11-28,Visakhapatnam,LSMGO,891.47
11367,2023-11-28,Visakhapatnam,IFO380,456.01
11368,2023-11-28,Houston,VLSFO,561.21
11369,2023-11-28,Houston,LSMGO,684.58
11370,2023-11-28,Houston,IFO380,397.34
11371,2023-11-29,Singapore,VLSFO,601.09
11372,2023-11-29,Singapore,LSMGO,768.55
11373,2023-11-29,Singapore,IFO380,436.89
11374,2023-11-29,Fujairah,VLSFO,579.15
11375,2023-11-29,Fujairah,LSMGO,753.99
11376,2023-11-29,Fujairah,IFO380,423.58
11377,2023-11-29,Rotterdam,VLSFO,566.76
11378,2023-11-29,Rotterdam,LSMGO,726.94
11379,2023-11-29,Rotterdam,IFO380,403.63
11380,2023-11-29,Visakhapatnam,VLSFO,630.81
11381,2023-11-29,Visakhapatnam,LSMGO,876.3
11382,2023-11-29,Visakhapatnam,IFO380,446.77
11383,2023-11-29,Houston,VLSFO,548.72
11384,2023-11-29,Houston,LSMGO,681.59
11385,2023-11-29,Houston,IFO380,398.16
11386,2023-11-30,Singapore,VLSFO,591.59
11387,2023-11-30,Singapore,LSMGO,751.19
11388,2023-11-30,Singapore,IFO380,429.25
11389,2023-11-30,Fujairah,VLSFO,582.41
11390,2023-11-30,Fujairah,LSMGO,760.07
11391,2023-11-30,Fujairah,IFO380,420.56
11392,2023-11-30,Rotterdam,VLSFO,572.48
11393,2023-11-30,Rotterdam,LSMGO,718.9
11394,2023-11-30,Rotterdam,IFO380,414.33
11395,2023-11-30,Visakhapatnam,VLSFO,628.44
11396,2023-11-30,Visakhapatnam,LSMGO,858.94
11397,2023-11-30,Visakhapatnam,IFO380,452.02
11398,2023-11-30,Houston,VLSFO,552.81
11399,2023-11-30,Houston,LSMGO,669.48
11400,2023-11-30,Houston,IFO380,398.25
11401,2023-12-01,Singapore,VLSFO,599.74
11402,2023-12-01,Singapore,LSMGO,778.43
11403,2023-12-01,Singapore,IFO380,436.1
11404,2023-12-01,Fujairah,VLSFO,589.96
11405,2023-12-01,Fujairah,LSMGO,772.33
11406,2023-12-01,Fujairah,IFO380,420.65
11407,2023-12-01,Rotterdam,VLSFO,565.99
11408,2023-12-01,Rotterdam,LSMGO,702.41
11409,2023-12-01,Rotterdam,IFO380,408.77
11410,2023-12-01,Visakhapatnam,VLSFO,638.25
11411,2023-12-01,Visakhapatnam,LSMGO,876.56
11412,2023-12-01,Visakhapatnam,IFO380,475.08
11413,2023-12-01,Houston,VLSFO,560.86
11414,2023-12-01,Houston,LSMGO,693.75
11415,2023-12-01,Houston,IFO380,407.03
11416,2023-12-04,Singapore,VLSFO,600.21
11417,2023-12-04,Singapore,LSMGO,768.37
11418,2023-12-04,Singapore,IFO380,438.6
11419,2023-12-04,Fujairah,VLSFO,586.95
11420,2023-12-04,Fujairah,LSMGO,760.71
11421,2023-12-04,Fujairah,IFO380,421.82
11422,2023-12-04,Rotterdam,VLSFO,572.35
11423,2023-12-04,Rotterdam,LSMGO,717.51
11424,2023-12-04,Rotterdam,IFO380,406.82
11425,2023-12-04,Visakhapatnam,VLSFO,632.04
11426,2023-12-04,Visakhapatnam,LSMGO,872.27
11427,2023-12-04,Visakhapatnam,IFO380,455.48
11428,2023-12-04,Houston,VLSFO,560.47
11429,2023-12-04,Houston,LSMGO,694.42
11430,2023-12-04,Houston,IFO380,395.75
11431,2023-12-05,Singapore,VLSFO,602.8
11432,2023-12-05,Singapore,LSMGO,773.21
11433,2023-12-05,Singapore,IFO380,438.65
11434,2023-12-05,Fujairah,VLSFO,596.05
11435,2023-12-05,Fujairah,LSMGO,786.76
11436,2023-12-05,Fujairah,IFO380,432.59
11437,2023-12-05,Rotterdam,VLSFO,573.43
11438,2023-12-05,Rotterdam,LSMGO,723.82
11439,2023-12-05,Rotterdam,IFO380,412.23
11440,2023-12-05,Visakhapatnam,VLSFO,633.77
11441,2023-12-05,Visakhapatnam,LSMGO,874.56
11442,2023-12-05,Visakhapatnam,IFO380,456.83
11443,2023-12-05,Houston,VLSFO,561.62
11444,2023-12-05,Houston,LSMGO,675.35
11445,2023-12-05,Houston,IFO380,402.94
11446,2023-12-06,Singapore,VLSFO,600.97
11447,2023-12-06,Singapore,LSMGO,766.23
11448,2023-12-06,Singapore,IFO380,425.51
11449,2023-12-06,Fujairah,VLSFO,588.15
11450,2023-12-06,Fujairah,LSMGO,763.16
11451,2023-12-06,Fujairah,IFO380,424.41
11452,2023-12-06,Rotterdam,VLSFO,568.23
11453,2023-12-06,Rotterdam,LSMGO,704.23
11454,2023-12-06,Rotterdam,IFO380,402.46
11455,2023-12-06,Visakhapatnam,VLSFO,634.87
11456,2023-12-06,Visakhapatnam,LSMGO,868.95
11457,2023-12-06,Visakhapatnam,IFO380,465.47
11458,2023-12-06,Houston,VLSFO,568.53
11459,2023-12-06,Houston,LSMGO,698.29
11460,2023-12-06,Houston,IFO380,405.91
11461,2023-12-07,Singapore,VLSFO,598.25
11462,2023-12-07,Singapore,LSMGO,774.98
11463,2023-12-07,Singapore,IFO380,434.19
11464,2023-12-07,Fujairah,VLSFO,592.65
11465,2023-12-07,Fujairah,LSMGO,777.87
11466,2023-12-07,Fujairah,IFO380,421.03
11467,2023-12-07,Rotterdam,VLSFO,567.08
11468,2023-12-07,Rotterdam,LSMGO,698.85
11469,2023-12-07,Rotterdam,IFO380,405.99
11470,2023-12-07,Visakhapatnam,VLSFO,634.69
11471,2023-12-07,Visakhapatnam,LSMGO,874.6
11472,2023-12-07,Visakhapatnam,IFO380,465.56
11473,2023-12-07,Houston,VLSFO,557.91
11474,2023-12-07,Houston,LSMGO,687.94
11475,2023-12-07,Houston,IFO380,400.29
11476,2023-12-08,Singapore,VLSFO,604.26
11477,2023-12-08,Singapore,LSMGO,776.54
11478,2023-12-08,Singapore,IFO380,424.79
11479,2023-12-08,Fujairah,VLSFO,593.1
11480,2023-12-08,Fujairah,LSMGO,766.23
11481,2023-12-08,Fujairah,IFO380,433.01
11482,2023-12-08,Rotterdam,VLSFO,576.78
11483,2023-12-08,Rotterdam,LSMGO,718.62
11484,2023-12-08,Rotterdam,IFO380,417.45
11485,2023-12-08,Visakhapatnam,VLSFO,639.53
11486,2023-12-08,Visakhapatnam,LSMGO,887.43
11487,2023-12-08,Visakhapatnam,IFO380,468.26
11488,2023-12-08,Houston,VLSFO,570.24
11489,2023-12-08,Houston,LSMGO,703.17
11490,2023-12-08,Houston,IFO380,412.02
11491,2023-12-11,Singapore,VLSFO,603.07
11492,2023-12-11,Singapore,LSMGO,770.51
11493,2023-12-11,Singapore,IFO380,432.51
11494,2023-12-11,Fujairah,VLSFO,589.14
11495,2023-12-11,Fujairah,LSMGO,774.81
11496,2023-12-11,Fujairah,IFO380,421.64
11497,2023-12-11,Rotterdam,VLSFO,574.27
11498,2023-12-11,Rotterdam,LSMGO,723.62
11499,2023-12-11,Rotterdam,IFO380,410.01
11500,2023-12-11,Visakhapatnam,VLSFO,634.97
11501,2023-12-11,Visakhapatnam,LSMGO,876.92
11502,2023-12-11,Visakhapatnam,IFO380,459.05
11503,2023-12-11,Houston,VLSFO,562.38
11504,2023-12-11,Houston,LSMGO,691.61
11505,2023-12-11,Houston,IFO380,396.51
11506,2023-12-12,Singapore,VLSFO,608.89
11507,2023-12-12,Singapore,LSMGO,789.28
11508,2023-12-12,Singapore,IFO380,437.74
11509,2023-12-12,Fujairah,VLSFO,592.54
11510,2023-12-12,Fujairah,LSMGO,777.66
11511,2023-12-12,Fujairah,IFO380,436.43
11512,2023-12-12,Rotterdam,VLSFO,575.21
11513,2023-12-12,Rotterdam,LSMGO,731.71
11514,2023-12-12,Rotterdam,IFO380,411.56
11515,2023-12-12,Visakhapatnam,VLSFO,640.35
11516,2023-12-12,Visakhapatnam,LSMGO,882.96
11517,2023-12-12,Visakhapatnam,IFO380,456.48
11518,2023-12-12,Houston,VLSFO,559.56
11519,2023-12-12,Houston,LSMGO,675.25
11520,2023-12-12,Houston,IFO380,402.07
11521,2023-12-13,Singapore,VLSFO,605.61
11522,2023-12-13,Singapore,LSMGO,777.62
11523,2023-12-13,Singapore,IFO380,429.83
11524,2023-12-13,Fujairah,VLSFO,594.25
11525,2023-12-13,Fujairah,LSMGO,776.91
11526,2023-12-13,Fujairah,IFO380,429.64
11527,2023-12-13,Rotterdam,VLSFO,573.91
11528,2023-12-13,Rotterdam,LSMGO,730.89
11529,2023-12-13,Rotterdam,IFO380,415.4
11530,2023-12-13,Visakhapatnam,VLSFO,641.36
11531,2023-12-13,Visakhapatnam,LSMGO,877.43
11532,2023-12-13,Visakhapatnam,IFO380,461.92
11533,2023-12-13,Houston,VLSFO,561.75
11534,2023-12-13,Houston,LSMGO,695.14
11535,2023-12-13,Houston,IFO380,405.28
11536,2023-12-14,Singapore,VLSFO,605.69
11537,2023-12-14,Singapore,LSMGO,781.83
11538,2023-12-14,Singapore,IFO380,433.76
11539,2023-12-14,Fujairah,VLSFO,590.36
11540,2023-12-14,Fujairah,LSMGO,778.12
11541,2023-12-14,Fujairah,IFO380,426.9
11542,2023-12-14,Rotterdam,VLSFO,573.16
11543,2023-12-14,Rotterdam,LSMGO,708.13
11544,2023-12-14,Rotterdam,IFO380,416.39
11545,2023-12-14,Visakhapatnam,VLSFO,639.4
11546,2023-12-14,Visakhapatnam,LSMGO,883.66
11547,2023-12-14,Visakhapatnam,IFO380,466.26
11548,2023-12-14,Houston,VLSFO,550.46
11549,2023-12-14,Houston,LSMGO,669.65
11550,2023-12-14,Houston,IFO380,400.93
11551,2023-12-15,Singapore,VLSFO,598.51
11552,2023-12-15,Singapore,LSMGO,759.2
11553,2023-12-15,Singapore,IFO380,431.07
11554,2023-12-15,Fujairah,VLSFO,586.72
11555,2023-12-15,Fujairah,LSMGO,755.98
11556,2023-12-15,Fujairah,IFO380,430.76
11557,2023-12-15,Rotterdam,VLSFO,563.2
11558,2023-12-15,Rotterdam,LSMGO,702.38
11559,2023-12-15,Rotterdam,IFO380,410.82
11560,2023-12-15,Visakhapatnam,VLSFO,640.45
11561,2023-12-15,Visakhapatnam,LSMGO,888.14
11562,2023-12-15,Visakhapatnam,IFO380,466.04
11563,2023-12-15,Houston,VLSFO,553.53
11564,2023-12-15,Houston,LSMGO,671.99
11565,2023-12-15,Houston,IFO380,400.9
11566,2023-12-18,Singapore,VLSFO,608.5
11567,2023-12-18,Singapore,LSMGO,773.29
11568,2023-12-18,Singapore,IFO380,433.57
11569,2023-12-18,Fujairah,VLSFO,590.17
11570,2023-12-18,Fujairah,LSMGO,773.19
11571,2023-12-18,Fujairah,IFO380,424.26
11572,2023-12-18,Rotterdam,VLSFO,579.03
11573,2023-12-18,Rotterdam,LSMGO,721.41
11574,2023-12-18,Rotterdam,IFO380,411.15
11575,2023-12-18,Visakhapatnam,VLSFO,639.64
11576,2023-12-18,Visakhapatnam,LSMGO,881.64
11577,2023-12-18,Visakhapatnam,IFO380,463.61
11578,2023-12-18,Houston,VLSFO,567.05
11579,2023-12-18,Houston,LSMGO,691.61
11580,2023-12-18,Houston,IFO380,410.7
11581,2023-12-19,Singapore,VLSFO,603.13
11582,2023-12-19,Singapore,LSMGO,754.83
11583,2023-12-19,Singapore,IFO380,432.47
11584,2023-12-19,Fujairah,VLSFO,596.47
11585,2023-12-19,Fujairah,LSMGO,786.36
11586,2023-12-19,Fujairah,IFO380,431.84
11587,2023-12-19,Rotterdam,VLSFO,580.87
11588,2023-12-19,Rotterdam,LSMGO,731.08
11589,2023-12-19,Rotterdam,IFO380,417.52
11590,2023-12-19,Visakhapatnam,VLSFO,646.78
11591,2023-12-19,Visakhapatnam,LSMGO,900.5
11592,2023-12-19,Visakhapatnam,IFO380,457.05
11593,2023-12-19,Houston,VLSFO,568.94
11594,2023-12-19,Houston,LSMGO,700.44
11595,2023-12-19,Houston,IFO380,409.51
11596,2023-12-20,Singapore,VLSFO,611.53
11597,2023-12-20,Singapore,LSMGO,779.23
11598,2023-12-20,Singapore,IFO380,436.69
11599,2023-12-20,Fujairah,VLSFO,598.28
11600,2023-12-20,Fujairah,LSMGO,785.86
11601,2023-12-20,Fujairah,IFO380,433.27
11602,2023-12-20,Rotterdam,VLSFO,575.94
11603,2023-12-20,Rotterdam,LSMGO,713.8
11604,2023-12-20,Rotterdam,IFO380,418.28
11605,2023-12-20,Visakhapatnam,VLSFO,637.91
11606,2023-12-20,Visakhapatnam,LSMGO,875.78
11607,2023-12-20,Visakhapatnam,IFO380,454.88
11608,2023-12-20,Houston,VLSFO,566.31
11609,2023-12-20,Houston,LSMGO,700.96
11610,2023-12-20,Houston,IFO380,410.29
11611,2023-12-21,Singapore,VLSFO,603.17
11612,2023-12-21,Singapore,LSMGO,781.21
11613,2023-12-21,Singapore,IFO380,438.58
11614,2023-12-21,Fujairah,VLSFO,589.79
11615,2023-12-21,Fujairah,LSMGO,770.57
11616,2023-12-21,Fujairah,IFO380,425.05
11617,2023-12-21,Rotterdam,VLSFO,578.62
11618,2023-12-21,Rotterdam,LSMGO,726.02
11619,2023-12-21,Rotterdam,IFO380,415.31
11620,2023-12-21,Visakhapatnam,VLSFO,642.79
11621,2023-12-21,Visakhapatnam,LSMGO,881.73
11622,2023-12-21,Visakhapatnam,IFO380,463.25
11623,2023-12-21,Houston,VLSFO,565.23
11624,2023-12-21,Houston,LSMGO,692.21
11625,2023-12-21,Houston,IFO380,404.21
11626,2023-12-22,Singapore,VLSFO,606.55
11627,2023-12-22,Singapore,LSMGO,770.04
11628,2023-12-22,Singapore,IFO380,436.19
11629,2023-12-22,Fujairah,VLSFO,596.85
11630,2023-12-22,Fujairah,LSMGO,785.14
11631,2023-12-22,Fujairah,IFO380,432.01
11632,2023-12-22,Rotterdam,VLSFO,578.09
11633,2023-12-22,Rotterdam,LSMGO,730.08
11634,2023-12-22,Rotterdam,IFO380,413.74
11635,2023-12-22,Visakhapatnam,VLSFO,651.0
11636,2023-12-22,Visakhapatnam,LSMGO,891.09
11637,2023-12-22,Visakhapatnam,IFO380,470.88
11638,2023-12-22,Houston,VLSFO,563.25
11639,2023-12-22,Houston,LSMGO,707.28
11640,2023-12-22,Houston,IFO380,403.23
11641,2023-12-25,Singapore,VLSFO,608.97
11642,2023-12-25,Singapore,LSMGO,777.14
11643,2023-12-25,Singapore,IFO380,435.65
11644,2023-12-25,Fujairah,VLSFO,602.12
11645,2023-12-25,Fujairah,LSMGO,774.68
11646,2023-12-25,Fujairah,IFO380,431.24
11647,2023-12-25,Rotterdam,VLSFO,573.49
11648,2023-12-25,Rotterdam,LSMGO,717.86
11649,2023-12-25,Rotterdam,IFO380,419.26
11650,2023-12-25,Visakhapatnam,VLSFO,654.57
11651,2023-12-25,Visakhapatnam,LSMGO,903.75
11652,2023-12-25,Visakhapatnam,IFO380,469.81
11653,2023-12-25,Houston,VLSFO,566.91
11654,2023-12-25,Houston,LSMGO,701.98
11655,2023-12-25,Houston,IFO380,407.02
11656,2023-12-26,Singapore,VLSFO,603.58
11657,2023-12-26,Singapore,LSMGO,777.23
11658,2023-12-26,Singapore,IFO380,437.11
11659,2023-12-26,Fujairah,VLSFO,595.46
11660,2023-12-26,Fujairah,LSMGO,779.44
11661,2023-12-26,Fujairah,IFO380,424.8
11662,2023-12-26,Rotterdam,VLSFO,580.27
11663,2023-12-26,Rotterdam,LSMGO,731.71
11664,2023-12-26,Rotterdam,IFO380,426.1
11665,2023-12-26,Visakhapatnam,VLSFO,641.33
11666,2023-12-26,Visakhapatnam,LSMGO,877.77
11667,2023-12-26,Visakhapatnam,IFO380,458.4
11668,2023-12-26,Houston,VLSFO,572.67
11669,2023-12-26,Houston,LSMGO,711.64
11670,2023-12-26,Houston,IFO380,415.59
11671,2023-12-27,Singapore,VLSFO,616.94
11672,2023-12-27,Singapore,LSMGO,796.8
11673,2023-12-27,Singapore,IFO380,433.17
11674,2023-12-27,Fujairah,VLSFO,599.65
11675,2023-12-27,Fujairah,LSMGO,787.25
11676,2023-12-27,Fujairah,IFO380,429.01
11677,2023-12-27,Rotterdam,VLSFO,573.48
11678,2023-12-27,Rotterdam,LSMGO,718.19
11679,2023-12-27,Rotterdam,IFO380,408.56
11680,2023-12-27,Visakhapatnam,VLSFO,652.64
11681,2023-12-27,Visakhapatnam,LSMGO,904.72
11682,2023-12-27,Visakhapatnam,IFO380,463.29
11683,2023-12-27,Houston,VLSFO,567.82
11684,2023-12-27,Houston,LSMGO,688.51
11685,2023-12-27,Houston,IFO380,410.47
11686,2023-12-28,Singapore,VLSFO,618.62
11687,2023-12-28,Singapore,LSMGO,801.02
11688,2023-12-28,Singapore,IFO380,445.3
11689,2023-12-28,Fujairah,VLSFO,594.06
11690,2023-12-28,Fujairah,LSMGO,778.61
11691,2023-12-28,Fujairah,IFO380,428.93
11692,2023-12-28,Rotterdam,VLSFO,581.46
11693,2023-12-28,Rotterdam,LSMGO,732.72
11694,2023-12-28,Rotterdam,IFO380,419.17
11695,2023-12-28,Visakhapatnam,VLSFO,660.48
11696,2023-12-28,Visakhapatnam,LSMGO,907.13
11697,2023-12-28,Visakhapatnam,IFO380,478.48
11698,2023-12-28,Houston,VLSFO,575.98
11699,2023-12-28,Houston,LSMGO,703.97
11700,2023-12-28,Houston,IFO380,413.32
11701,2023-12-29,Singapore,VLSFO,610.78
11702,2023-12-29,Singapore,LSMGO,783.1
11703,2023-12-29,Singapore,IFO380,434.99
11704,2023-12-29,Fujairah,VLSFO,601.62
11705,2023-12-29,Fujairah,LSMGO,790.03
11706,2023-12-29,Fujairah,IFO380,429.89
11707,2023-12-29,Rotterdam,VLSFO,579.63
11708,2023-12-29,Rotterdam,LSMGO,734.45
11709,2023-12-29,Rotterdam,IFO380,413.97
11710,2023-12-29,Visakhapatnam,VLSFO,653.18
11711,2023-12-29,Visakhapatnam,LSMGO,907.73
11712,2023-12-29,Visakhapatnam,IFO380,463.44
11713,2023-12-29,Houston,VLSFO,560.34
11714,2023-12-29,Houston,LSMGO,687.11
11715,2023-12-29,Houston,IFO380,401.74
11716,2024-01-01,Singapore,VLSFO,619.92
11717,2024-01-01,Singapore,LSMGO,790.75
11718,2024-01-01,Singapore,IFO380,446.86
11719,2024-01-01,Fujairah,VLSFO,613.39
11720,2024-01-01,Fujairah,LSMGO,799.96
11721,2024-01-01,Fujairah,IFO380,440.04
11722,2024-01-01,Rotterdam,VLSFO,587.22
11723,2024-01-01,Rotterdam,LSMGO,731.95
11724,2024-01-01,Rotterdam,IFO380,423.62
11725,2024-01-01,Visakhapatnam,VLSFO,661.24
11726,2024-01-01,Visakhapatnam,LSMGO,913.65
11727,2024-01-01,Visakhapatnam,IFO380,480.91
11728,2024-01-01,Houston,VLSFO,571.33
11729,2024-01-01,Houston,LSMGO,688.45
11730,2024-01-01,Houston,IFO380,409.54
11731,2024-01-02,Singapore,VLSFO,620.88
11732,2024-01-02,Singapore,LSMGO,788.82
11733,2024-01-02,Singapore,IFO380,445.61
11734,2024-01-02,Fujairah,VLSFO,598.12
11735,2024-01-02,Fujairah,LSMGO,771.44
11736,2024-01-02,Fujairah,IFO380,438.11
11737,2024-01-02,Rotterdam,VLSFO,590.14
11738,2024-01-02,Rotterdam,LSMGO,727.39
11739,2024-01-02,Rotterdam,IFO380,426.21
11740,2024-01-02,Visakhapatnam,VLSFO,653.11
11741,2024-01-02,Visakhapatnam,LSMGO,894.82
11742,2024-01-02,Visakhapatnam,IFO380,473.81
11743,2024-01-02,Houston,VLSFO,578.08
11744,2024-01-02,Houston,LSMGO,711.5
11745,2024-01-02,Houston,IFO380,417.94
11746,2024-01-03,Singapore,VLSFO,622.92
11747,2024-01-03,Singapore,LSMGO,789.16
11748,2024-01-03,Singapore,IFO380,446.77
11749,2024-01-03,Fujairah,VLSFO,620.06
11750,2024-01-03,Fujairah,LSMGO,818.03
11751,2024-01-03,Fujairah,IFO380,442.2
11752,2024-01-03,Rotterdam,VLSFO,597.33
11753,2024-01-03,Rotterdam,LSMGO,756.67
11754,2024-01-03,Rotterdam,IFO380,438.69
11755,2024-01-03,Visakhapatnam,VLSFO,656.59
11756,2024-01-03,Visakhapatnam,LSMGO,902.78
11757,2024-01-03,Visakhapatnam,IFO380,474.7
11758,2024-01-03,Houston,VLSFO,579.32
11759,2024-01-03,Houston,LSMGO,724.01
11760,2024-01-03,Houston,IFO380,420.67
11761,2024-01-04,Singapore,VLSFO,625.22
11762,2024-01-04,Singapore,LSMGO,793.25
11763,2024-01-04,Singapore,IFO380,447.47
11764,2024-01-04,Fujairah,VLSFO,611.0
11765,2024-01-04,Fujairah,LSMGO,796.89
11766,2024-01-04,Fujairah,IFO380,441.92
11767,2024-01-04,Rotterdam,VLSFO,593.35
11768,2024-01-04,Rotterdam,LSMGO,749.06
11769,2024-01-04,Rotterdam,IFO380,426.38
11770,2024-01-04,Visakhapatnam,VLSFO,655.29
11771,2024-01-04,Visakhapatnam,LSMGO,908.47
11772,2024-01-04,Visakhapatnam,IFO380,470.91
11773,2024-01-04,Houston,VLSFO,577.64
11774,2024-01-04,Houston,LSMGO,701.18
11775,2024-01-04,Houston,IFO380,425.12
11776,2024-01-05,Singapore,VLSFO,623.77
11777,2024-01-05,Singapore,LSMGO,800.94
11778,2024-01-05,Singapore,IFO380,452.39
11779,2024-01-05,Fujairah,VLSFO,613.98
11780,2024-01-05,Fujairah,LSMGO,805.21
11781,2024-01-05,Fujairah,IFO380,441.03
11782,2024-01-05,Rotterdam,VLSFO,601.14
11783,2024-01-05,Rotterdam,LSMGO,750.98
11784,2024-01-05,Rotterdam,IFO380,432.36
11785,2024-01-05,Visakhapatnam,VLSFO,663.35
11786,2024-01-05,Visakhapatnam,LSMGO,913.13
11787,2024-01-05,Visakhapatnam,IFO380,474.33
11788,2024-01-05,Houston,VLSFO,577.23
11789,2024-01-05,Houston,LSMGO,710.81
11790,2024-01-05,Houston,IFO380,416.28
11791,2024-01-08,Singapore,VLSFO,621.7
11792,2024-01-08,Singapore,LSMGO,788.08
11793,2024-01-08,Singapore,IFO380,451.87
11794,2024-01-08,Fujairah,VLSFO,606.23
11795,2024-01-08,Fujairah,LSMGO,779.25
11796,2024-01-08,Fujairah,IFO380,440.12
11797,2024-01-08,Rotterdam,VLSFO,596.63
11798,2024-01-08,Rotterdam,LSMGO,745.77
11799,2024-01-08,Rotterdam,IFO380,428.78
11800,2024-01-08,Visakhapatnam,VLSFO,666.76
11801,2024-01-08,Visakhapatnam,LSMGO,920.22
11802,2024-01-08,Visakhapatnam,IFO380,483.24
11803,2024-01-08,Houston,VLSFO,575.82
11804,2024-01-08,Houston,LSMGO,714.46
11805,2024-01-08,Houston,IFO380,414.34
11806,2024-01-09,Singapore,VLSFO,627.3
11807,2024-01-09,Singapore,LSMGO,807.93
11808,2024-01-09,Singapore,IFO380,449.63
11809,2024-01-09,Fujairah,VLSFO,620.27
11810,2024-01-09,Fujairah,LSMGO,813.14
11811,2024-01-09,Fujairah,IFO380,449.24
11812,2024-01-09,Rotterdam,VLSFO,592.94
11813,2024-01-09,Rotterdam,LSMGO,748.01
11814,2024-01-09,Rotterdam,IFO380,426.27
11815,2024-01-09,Visakhapatnam,VLSFO,660.19
11816,2024-01-09,Visakhapatnam,LSMGO,901.91
11817,2024-01-09,Visakhapatnam,IFO380,468.2
11818,2024-01-09,Houston,VLSFO,581.3
11819,2024-01-09,Houston,LSMGO,715.8
11820,2024-01-09,Houston,IFO380,418.71
11821,2024-01-10,Singapore,VLSFO,617.59
11822,2024-01-10,Singapore,LSMGO,784.65
11823,2024-01-10,Singapore,IFO380,440.3
11824,2024-01-10,Fujairah,VLSFO,610.08
11825,2024-01-10,Fujairah,LSMGO,796.91
11826,2024-01-10,Fujairah,IFO380,445.2
11827,2024-01-10,Rotterdam,VLSFO,590.62
11828,2024-01-10,Rotterdam,LSMGO,735.29
11829,2024-01-10,Rotterdam,IFO380,422.9
11830,2024-01-10,Visakhapatnam,VLSFO,664.61
11831,2024-01-10,Visakhapatnam,LSMGO,920.85
11832,2024-01-10,Visakhapatnam,IFO380,472.39
11833,2024-01-10,Houston,VLSFO,578.48
11834,2024-01-10,Houston,LSMGO,714.21
11835,2024-01-10,Houston,IFO380,414.94
11836,2024-01-11,Singapore,VLSFO,625.14
11837,2024-01-11,Singapore,LSMGO,802.09
11838,2024-01-11,Singapore,IFO380,452.93
11839,2024-01-11,Fujairah,VLSFO,615.11
11840,2024-01-11,Fujairah,LSMGO,807.09
11841,2024-01-11,Fujairah,IFO380,442.88
11842,2024-01-11,Rotterdam,VLSFO,603.62
11843,2024-01-11,Rotterdam,LSMGO,755.25
11844,2024-01-11,Rotterdam,IFO380,434.72
11845,2024-01-11,Visakhapatnam,VLSFO,664.13
11846,2024-01-11,Visakhapatnam,LSMGO,915.46
11847,2024-01-11,Visakhapatnam,IFO380,481.77
11848,2024-01-11,Houston,VLSFO,587.0
11849,2024-01-11,Houston,LSMGO,723.82
11850,2024-01-11,Houston,IFO380,417.99
11851,2024-01-12,Singapore,VLSFO,627.67
11852,2024-01-12,Singapore,LSMGO,801.52
11853,2024-01-12,Singapore,IFO380,444.09
11854,2024-01-12,Fujairah,VLSFO,617.91
11855,2024-01-12,Fujairah,LSMGO,803.93
11856,2024-01-12,Fujairah,IFO380,443.69
11857,2024-01-12,Rotterdam,VLSFO,599.33
11858,2024-01-12,Rotterdam,LSMGO,762.14
11859,2024-01-12,Rotterdam,IFO380,433.75
11860,2024-01-12,Visakhapatnam,VLSFO,661.02
11861,2024-01-12,Visakhapatnam,LSMGO,909.83
11862,2024-01-12,Visakhapatnam,IFO380,474.0
11863,2024-01-12,Houston,VLSFO,587.85
11864,2024-01-12,Houston,LSMGO,733.55
11865,2024-01-12,Houston,IFO380,420.49
11866,2024-01-15,Singapore,VLSFO,623.21
11867,2024-01-15,Singapore,LSMGO,790.74
11868,2024-01-15,Singapore,IFO380,458.15
11869,2024-01-15,Fujairah,VLSFO,613.87
11870,2024-01-15,Fujairah,LSMGO,800.4
11871,2024-01-15,Fujairah,IFO380,442.44
11872,2024-01-15,Rotterdam,VLSFO,590.86
11873,2024-01-15,Rotterdam,LSMGO,723.67
11874,2024-01-15,Rotterdam,IFO380,423.93
11875,2024-01-15,Visakhapatnam,VLSFO,673.97
11876,2024-01-15,Visakhapatnam,LSMGO,924.66
11877,2024-01-15,Visakhapatnam,IFO380,488.99
11878,2024-01-15,Houston,VLSFO,578.84
11879,2024-01-15,Houston,LSMGO,708.7
11880,2024-01-15,Houston,IFO380,420.65
11881,2024-01-16,Singapore,VLSFO,634.98
11882,2024-01-16,Singapore,LSMGO,813.89
11883,2024-01-16,Singapore,IFO380,455.03
11884,2024-01-16,Fujairah,VLSFO,614.02
11885,2024-01-16,Fujairah,LSMGO,801.39
11886,2024-01-16,Fujairah,IFO380,438.65
11887,2024-01-16,Rotterdam,VLSFO,596.25
11888,2024-01-16,Rotterdam,LSMGO,748.98
11889,2024-01-16,Rotterdam,IFO380,423.55
11890,2024-01-16,Visakhapatnam,VLSFO,672.58
11891,2024-01-16,Visakhapatnam,LSMGO,926.12
11892,2024-01-16,Visakhapatnam,IFO380,486.16
11893,2024-01-16,Houston,VLSFO,582.72
11894,2024-01-16,Houston,LSMGO,709.5
11895,2024-01-16,Houston,IFO380,425.01
11896,2024-01-17,Singapore,VLSFO,618.59
11897,2024-01-17,Singapore,LSMGO,796.27
11898,2024-01-17,Singapore,IFO380,447.08
11899,2024-01-17,Fujairah,VLSFO,619.82
11900,2024-01-17,Fujairah,LSMGO,811.66
11901,2024-01-17,Fujairah,IFO380,445.42
11902,2024-01-17,Rotterdam,VLSFO,599.11
11903,2024-01-17,Rotterdam,LSMGO,752.42
11904,2024-01-17,Rotterdam,IFO380,433.6
11905,2024-01-17,Visakhapatnam,VLSFO,674.29
11906,2024-01-17,Visakhapatnam,LSMGO,938.81
11907,2024-01-17,Visakhapatnam,IFO380,484.59
11908,2024-01-17,Houston,VLSFO,579.25
11909,2024-01-17,Houston,LSMGO,720.07
11910,2024-01-17,Houston,IFO380,418.11
11911,2024-01-18,Singapore,VLSFO,639.94
11912,2024-01-18,Singapore,LSMGO,818.9
11913,2024-01-18,Singapore,IFO380,461.26
11914,2024-01-18,Fujairah,VLSFO,622.64
11915,2024-01-18,Fujairah,LSMGO,802.4
11916,2024-01-18,Fujairah,IFO380,453.5
11917,2024-01-18,Rotterdam,VLSFO,594.44
11918,2024-01-18,Rotterdam,LSMGO,751.04
11919,2024-01-18,Rotterdam,IFO380,435.31
11920,2024-01-18,Visakhapatnam,VLSFO,668.87
11921,2024-01-18,Visakhapatnam,LSMGO,928.37
11922,2024-01-18,Visakhapatnam,IFO380,478.52
11923,2024-01-18,Houston,VLSFO,584.58
11924,2024-01-18,Houston,LSMGO,715.65
11925,2024-01-18,Houston,IFO380,417.59
11926,2024-01-19,Singapore,VLSFO,632.78
11927,2024-01-19,Singapore,LSMGO,811.67
11928,2024-01-19,Singapore,IFO380,449.14
11929,2024-01-19,Fujairah,VLSFO,617.29
11930,2024-01-19,Fujairah,LSMGO,799.86
11931,2024-01-19,Fujairah,IFO380,442.08
11932,2024-01-19,Rotterdam,VLSFO,591.82
11933,2024-01-19,Rotterdam,LSMGO,748.8
11934,2024-01-19,Rotterdam,IFO380,424.76
11935,2024-01-19,Visakhapatnam,VLSFO,665.48
11936,2024-01-19,Visakhapatnam,LSMGO,909.02
11937,2024-01-19,Visakhapatnam,IFO380,484.13
11938,2024-01-19,Houston,VLSFO,586.34
11939,2024-01-19,Houston,LSMGO,716.79
11940,2024-01-19,Houston,IFO380,426.01
11941,2024-01-22,Singapore,VLSFO,631.27
11942,2024-01-22,Singapore,LSMGO,814.5
11943,2024-01-22,Singapore,IFO380,454.98
11944,2024-01-22,Fujairah,VLSFO,612.66
11945,2024-01-22,Fujairah,LSMGO,789.23
11946,2024-01-22,Fujairah,IFO380,441.28
11947,2024-01-22,Rotterdam,VLSFO,604.88
11948,2024-01-22,Rotterdam,LSMGO,751.28
11949,2024-01-22,Rotterdam,IFO380,440.19
11950,2024-01-22,Visakhapatnam,VLSFO,670.91
11951,2024-01-22,Visakhapatnam,LSMGO,914.71
11952,2024-01-22,Visakhapatnam,IFO380,478.99
11953,2024-01-22,Houston,VLSFO,590.16
11954,2024-01-22,Houston,LSMGO,725.31
11955,2024-01-22,Houston,IFO380,425.53
11956,2024-01-23,Singapore,VLSFO,638.12
11957,2024-01-23,Singapore,LSMGO,818.54
11958,2024-01-23,Singapore,IFO380,458.73
11959,2024-01-23,Fujairah,VLSFO,621.19
11960,2024-01-23,Fujairah,LSMGO,823.97
11961,2024-01-23,Fujairah,IFO380,449.47
11962,2024-01-23,Rotterdam,VLSFO,607.79
11963,2024-01-23,Rotterdam,LSMGO,759.51
11964,2024-01-23,Rotterdam,IFO380,438.13
11965,2024-01-23,Visakhapatnam,VLSFO,670.85
11966,2024-01-23,Visakhapatnam,LSMGO,934.28
11967,2024-01-23,Visakhapatnam,IFO380,483.38
11968,2024-01-23,Houston,VLSFO,591.07
11969,2024-01-23,Houston,LSMGO,724.47
11970,2024-01-23,Houston,IFO380,420.39
11971,2024-01-24,Singapore,VLSFO,632.77
11972,2024-01-24,Singapore,LSMGO,804.76
11973,2024-01-24,Singapore,IFO380,460.1
11974,2024-01-24,Fujairah,VLSFO,632.35
11975,2024-01-24,Fujairah,LSMGO,820.41
11976,2024-01-24,Fujairah,IFO380,452.24
11977,2024-01-24,Rotterdam,VLSFO,602.4
11978,2024-01-24,Rotterdam,LSMGO,751.13
11979,2024-01-24,Rotterdam,IFO380,433.36
11980,2024-01-24,Visakhapatnam,VLSFO,666.94
11981,2024-01-24,Visakhapatnam,LSMGO,916.46
11982,2024-01-24,Visakhapatnam,IFO380,480.09
11983,2024-01-24,Houston,VLSFO,587.04
11984,2024-01-24,Houston,LSMGO,721.02
11985,2024-01-24,Houston,IFO380,421.11
11986,2024-01-25,Singapore,VLSFO,634.94
11987,2024-01-25,Singapore,LSMGO,822.35
11988,2024-01-25,Singapore,IFO380,458.86
11989,2024-01-25,Fujairah,VLSFO,619.78
11990,2024-01-25,Fujairah,LSMGO,802.05
11991,2024-01-25,Fujairah,IFO380,444.5
11992,2024-01-25,Rotterdam,VLSFO,598.49
11993,2024-01-25,Rotterdam,LSMGO,756.62
11994,2024-01-25,Rotterdam,IFO380,430.17
11995,2024-01-25,Visakhapatnam,VLSFO,676.67
11996,2024-01-25,Visakhapatnam,LSMGO,939.27
11997,2024-01-25,Visakhapatnam,IFO380,489.59
11998,2024-01-25,Houston,VLSFO,590.12
11999,2024-01-25,Houston,LSMGO,717.45
12000,2024-01-25,Houston,IFO380,423.46
12001,2024-01-26,Singapore,VLSFO,629.56
12002,2024-01-26,Singapore,LSMGO,803.56
12003,2024-01-26,Singapore,IFO380,450.38
12004,2024-01-26,Fujairah,VLSFO,615.55
12005,2024-01-26,Fujairah,LSMGO,802.75
12006,2024-01-26,Fujairah,IFO380,447.21
12007,2024-01-26,Rotterdam,VLSFO,601.16
12008,2024-01-26,Rotterdam,LSMGO,752.11
12009,2024-01-26,Rotterdam,IFO380,419.78
12010,2024-01-26,Visakhapatnam,VLSFO,666.54
12011,2024-01-26,Visakhapatnam,LSMGO,922.86
12012,2024-01-26,Visakhapatnam,IFO380,485.8
12013,2024-01-26,Houston,VLSFO,593.04
12014,2024-01-26,Houston,LSMGO,726.89
12015,2024-01-26,Houston,IFO380,420.77
12016,2024-01-29,Singapore,VLSFO,631.14
12017,2024-01-29,Singapore,LSMGO,809.01
12018,2024-01-29,Singapore,IFO380,457.82
12019,2024-01-29,Fujairah,VLSFO,624.58
12020,2024-01-29,Fujairah,LSMGO,813.79
12021,2024-01-29,Fujairah,IFO380,450.33
12022,2024-01-29,Rotterdam,VLSFO,610.86
12023,2024-01-29,Rotterdam,LSMGO,758.06
12024,2024-01-29,Rotterdam,IFO380,435.49
12025,2024-01-29,Visakhapatnam,VLSFO,678.98
12026,2024-01-29,Visakhapatnam,LSMGO,945.11
12027,2024-01-29,Visakhapatnam,IFO380,488.52
12028,2024-01-29,Houston,VLSFO,591.88
12029,2024-01-29,Houston,LSMGO,731.16
12030,2024-01-29,Houston,IFO380,429.36
12031,2024-01-30,Singapore,VLSFO,637.98
12032,2024-01-30,Singapore,LSMGO,816.3
12033,2024-01-30,Singapore,IFO380,456.81
12034,2024-01-30,Fujairah,VLSFO,623.42
12035,2024-01-30,Fujairah,LSMGO,811.92
12036,2024-01-30,Fujairah,IFO380,452.3
12037,2024-01-30,Rotterdam,VLSFO,616.79
12038,2024-01-30,Rotterdam,LSMGO,785.61
12039,2024-01-30,Rotterdam,IFO380,443.22
12040,2024-01-30,Visakhapatnam,VLSFO,681.61
12041,2024-01-30,Visakhapatnam,LSMGO,944.18
12042,2024-01-30,Visakhapatnam,IFO380,489.34
12043,2024-01-30,Houston,VLSFO,597.36
12044,2024-01-30,Houston,LSMGO,737.33
12045,2024-01-30,Houston,IFO380,431.79
12046,2024-01-31,Singapore,VLSFO,634.84
12047,2024-01-31,Singapore,LSMGO,810.66
12048,2024-01-31,Singapore,IFO380,461.37
12049,2024-01-31,Fujairah,VLSFO,626.01
12050,2024-01-31,Fujairah,LSMGO,805.71
12051,2024-01-31,Fujairah,IFO380,455.72
12052,2024-01-31,Rotterdam,VLSFO,601.65
12053,2024-01-31,Rotterdam,LSMGO,745.98
12054,2024-01-31,Rotterdam,IFO380,426.05
12055,2024-01-31,Visakhapatnam,VLSFO,679.43
12056,2024-01-31,Visakhapatnam,LSMGO,940.54
12057,2024-01-31,Visakhapatnam,IFO380,491.71
12058,2024-01-31,Houston,VLSFO,588.15
12059,2024-01-31,Houston,LSMGO,723.65
12060,2024-01-31,Houston,IFO380,423.08
12061,2024-02-01,Singapore,VLSFO,637.42
12062,2024-02-01,Singapore,LSMGO,830.07
12063,2024-02-01,Singapore,IFO380,463.61
12064,2024-02-01,Fujairah,VLSFO,626.6
12065,2024-02-01,Fujairah,LSMGO,824.82
12066,2024-02-01,Fujairah,IFO380,451.89
12067,2024-02-01,Rotterdam,VLSFO,608.01
12068,2024-02-01,Rotterdam,LSMGO,766.38
12069,2024-02-01,Rotterdam,IFO380,431.72
12070,2024-02-01,Visakhapatnam,VLSFO,676.33
12071,2024-02-01,Visakhapatnam,LSMGO,936.87
12072,2024-02-01,Visakhapatnam,IFO380,489.71
12073,2024-02-01,Houston,VLSFO,591.66
12074,2024-02-01,Houston,LSMGO,721.53
12075,2024-02-01,Houston,IFO380,429.82
12076,2024-02-02,Singapore,VLSFO,641.26
12077,2024-02-02,Singapore,LSMGO,811.45
12078,2024-02-02,Singapore,IFO380,459.11
12079,2024-02-02,Fujairah,VLSFO,636.81
12080,2024-02-02,Fujairah,LSMGO,838.54
12081,2024-02-02,Fujairah,IFO380,457.12
12082,2024-02-02,Rotterdam,VLSFO,604.27
12083,2024-02-02,Rotterdam,LSMGO,753.05
12084,2024-02-02,Rotterdam,IFO380,434.96
12085,2024-02-02,Visakhapatnam,VLSFO,675.42
12086,2024-02-02,Visakhapatnam,LSMGO,940.34
12087,2024-02-02,Visakhapatnam,IFO380,486.09
12088,2024-02-02,Houston,VLSFO,592.94
12089,2024-02-02,Houston,LSMGO,713.52
12090,2024-02-02,Houston,IFO380,425.77
12091,2024-02-05,Singapore,VLSFO,641.87
12092,2024-02-05,Singapore,LSMGO,818.95
12093,2024-02-05,Singapore,IFO380,466.6
12094,2024-02-05,Fujairah,VLSFO,633.42
12095,2024-02-05,Fujairah,LSMGO,829.45
12096,2024-02-05,Fujairah,IFO380,454.47
12097,2024-02-05,Rotterdam,VLSFO,613.72
12098,2024-02-05,Rotterdam,LSMGO,778.96
12099,2024-02-05,Rotterdam,IFO380,440.84
12100,2024-02-05,Visakhapatnam,VLSFO,680.78
12101,2024-02-05,Visakhapatnam,LSMGO,929.96
12102,2024-02-05,Visakhapatnam,IFO380,488.17
12103,2024-02-05,Houston,VLSFO,603.01
12104,2024-02-05,Houston,LSMGO,740.31
12105,2024-02-05,Houston,IFO380,428.1
12106,2024-02-06,Singapore,VLSFO,636.59
12107,2024-02-06,Singapore,LSMGO,816.75
12108,2024-02-06,Singapore,IFO380,457.98
12109,2024-02-06,Fujairah,VLSFO,623.54
12110,2024-02-06,Fujairah,LSMGO,807.77
12111,2024-02-06,Fujairah,IFO380,445.92
12112,2024-02-06,Rotterdam,VLSFO,611.18
12113,2024-02-06,Rotterdam,LSMGO,759.42
12114,2024-02-06,Rotterdam,IFO380,438.42
12115,2024-02-06,Visakhapatnam,VLSFO,680.97
12116,2024-02-06,Visakhapatnam,LSMGO,946.35
12117,2024-02-06,Visakhapatnam,IFO380,493.0
12118,2024-02-06,Houston,VLSFO,592.05
12119,2024-02-06,Houston,LSMGO,726.82
12120,2024-02-06,Houston,IFO380,423.69
12121,2024-02-07,Singapore,VLSFO,639.46
12122,2024-02-07,Singapore,LSMGO,830.12
12123,2024-02-07,Singapore,IFO380,463.19
12124,2024-02-07,Fujairah,VLSFO,625.56
12125,2024-02-07,Fujairah,LSMGO,816.18
12126,2024-02-07,Fujairah,IFO380,451.15
12127,2024-02-07,Rotterdam,VLSFO,609.71
12128,2024-02-07,Rotterdam,LSMGO,747.14
12129,2024-02-07,Rotterdam,IFO380,436.63
12130,2024-02-07,Visakhapatnam,VLSFO,679.75
12131,2024-02-07,Visakhapatnam,LSMGO,953.45
12132,2024-02-07,Visakhapatnam,IFO380,486.13
12133,2024-02-07,Houston,VLSFO,593.36
12134,2024-02-07,Houston,LSMGO,720.5
12135,2024-02-07,Houston,IFO380,416.82
12136,2024-02-08,Singapore,VLSFO,650.82
12137,2024-02-08,Singapore,LSMGO,835.28
12138,2024-02-08,Singapore,IFO380,467.96
12139,2024-02-08,Fujairah,VLSFO,629.94
12140,2024-02-08,Fujairah,LSMGO,834.09
12141,2024-02-08,Fujairah,IFO380,455.2
12142,2024-02-08,Rotterdam,VLSFO,606.85
12143,2024-02-08,Rotterdam,LSMGO,759.84
12144,2024-02-08,Rotterdam,IFO380,440.12
12145,2024-02-08,Visakhapatnam,VLSFO,675.32
12146,2024-02-08,Visakhapatnam,LSMGO,932.43
12147,2024-02-08,Visakhapatnam,IFO380,488.29
12148,2024-02-08,Houston,VLSFO,588.33
12149,2024-02-08,Houston,LSMGO,727.1
12150,2024-02-08,Houston,IFO380,427.07
12151,2024-02-09,Singapore,VLSFO,652.61
12152,2024-02-09,Singapore,LSMGO,838.5
12153,2024-02-09,Singapore,IFO380,473.59
12154,2024-02-09,Fujairah,VLSFO,626.11
12155,2024-02-09,Fujairah,LSMGO,812.1
12156,2024-02-09,Fujairah,IFO380,448.46
12157,2024-02-09,Rotterdam,VLSFO,618.07
12158,2024-02-09,Rotterdam,LSMGO,763.43
12159,2024-02-09,Rotterdam,IFO380,447.0
12160,2024-02-09,Visakhapatnam,VLSFO,677.11
12161,2024-02-09,Visakhapatnam,LSMGO,935.44
12162,2024-02-09,Visakhapatnam,IFO380,485.09
12163,2024-02-09,Houston,VLSFO,584.42
12164,2024-02-09,Houston,LSMGO,702.05
12165,2024-02-09,Houston,IFO380,421.4
12166,2024-02-12,Singapore,VLSFO,645.42
12167,2024-02-12,Singapore,LSMGO,815.06
12168,2024-02-12,Singapore,IFO380,467.84
12169,2024-02-12,Fujairah,VLSFO,628.66
12170,2024-02-12,Fujairah,LSMGO,825.86
12171,2024-02-12,Fujairah,IFO380,449.79
12172,2024-02-12,Rotterdam,VLSFO,607.61
12173,2024-02-12,Rotterdam,LSMGO,775.15
12174,2024-02-12,Rotterdam,IFO380,439.87
12175,2024-02-12,Visakhapatnam,VLSFO,674.44
12176,2024-02-12,Visakhapatnam,LSMGO,931.05
12177,2024-02-12,Visakhapatnam,IFO380,476.04
12178,2024-02-12,Houston,VLSFO,597.83
12179,2024-02-12,Houston,LSMGO,744.89
12180,2024-02-12,Houston,IFO380,436.59
12181,2024-02-13,Singapore,VLSFO,653.03
12182,2024-02-13,Singapore,LSMGO,829.62
12183,2024-02-13,Singapore,IFO380,476.07
12184,2024-02-13,Fujairah,VLSFO,630.56
12185,2024-02-13,Fujairah,LSMGO,822.17
12186,2024-02-13,Fujairah,IFO380,458.53
12187,2024-02-13,Rotterdam,VLSFO,618.11
12188,2024-02-13,Rotterdam,LSMGO,783.58
12189,2024-02-13,Rotterdam,IFO380,445.58
12190,2024-02-13,Visakhapatnam,VLSFO,673.69
12191,2024-02-13,Visakhapatnam,LSMGO,929.28
12192,2024-02-13,Visakhapatnam,IFO380,488.22
12193,2024-02-13,Houston,VLSFO,597.35
12194,2024-02-13,Houston,LSMGO,738.45
12195,2024-02-13,Houston,IFO380,431.8
12196,2024-02-14,Singapore,VLSFO,646.19
12197,2024-02-14,Singapore,LSMGO,822.2
12198,2024-02-14,Singapore,IFO380,462.9
12199,2024-02-14,Fujairah,VLSFO,630.17
12200,2024-02-14,Fujairah,LSMGO,824.25
12201,2024-02-14,Fujairah,IFO380,458.37
12202,2024-02-14,Rotterdam,VLSFO,608.3
12203,2024-02-14,Rotterdam,LSMGO,765.53
12204,2024-02-14,Rotterdam,IFO380,444.4
12205,2024-02-14,Visakhapatnam,VLSFO,682.58
12206,2024-02-14,Visakhapatnam,LSMGO,958.9
12207,2024-02-14,Visakhapatnam,IFO380,493.86
12208,2024-02-14,Houston,VLSFO,597.58
12209,2024-02-14,Houston,LSMGO,736.55
12210,2024-02-14,Houston,IFO380,426.67
12211,2024-02-15,Singapore,VLSFO,643.89
12212,2024-02-15,Singapore,LSMGO,813.92
12213,2024-02-15,Singapore,IFO380,460.78
12214,2024-02-15,Fujairah,VLSFO,634.36
12215,2024-02-15,Fujairah,LSMGO,820.81
12216,2024-02-15,Fujairah,IFO380,458.84
12217,2024-02-15,Rotterdam,VLSFO,622.57
12218,2024-02-15,Rotterdam,LSMGO,791.19
12219,2024-02-15,Rotterdam,IFO380,446.34
12220,2024-02-15,Visakhapatnam,VLSFO,674.76
12221,2024-02-15,Visakhapatnam,LSMGO,946.24
12222,2024-02-15,Visakhapatnam,IFO380,481.28
12223,2024-02-15,Houston,VLSFO,597.19
12224,2024-02-15,Houston,LSMGO,732.78
12225,2024-02-15,Houston,IFO380,432.39
12226,2024-02-16,Singapore,VLSFO,642.89
12227,2024-02-16,Singapore,LSMGO,819.83
12228,2024-02-16,Singapore,IFO380,466.19
12229,2024-02-16,Fujairah,VLSFO,631.77
12230,2024-02-16,Fujairah,LSMGO,820.18
12231,2024-02-16,Fujairah,IFO380,458.8
12232,2024-02-16,Rotterdam,VLSFO,617.19
12233,2024-02-16,Rotterdam,LSMGO,771.42
12234,2024-02-16,Rotterdam,IFO380,441.94
12235,2024-02-16,Visakhapatnam,VLSFO,685.44
12236,2024-02-16,Visakhapatnam,LSMGO,954.74
12237,2024-02-16,Visakhapatnam,IFO380,500.87
12238,2024-02-16,Houston,VLSFO,597.17
12239,2024-02-16,Houston,LSMGO,730.95
12240,2024-02-16,Houston,IFO380,426.4
12241,2024-02-19,Singapore,VLSFO,648.66
12242,2024-02-19,Singapore,LSMGO,835.36
12243,2024-02-19,Singapore,IFO380,464.65
12244,2024-02-19,Fujairah,VLSFO,633.82
12245,2024-02-19,Fujairah,LSMGO,828.62
12246,2024-02-19,Fujairah,IFO380,458.53
12247,2024-02-19,Rotterdam,VLSFO,615.21
12248,2024-02-19,Rotterdam,LSMGO,768.4
12249,2024-02-19,Rotterdam,IFO380,444.78
12250,2024-02-19,Visakhapatnam,VLSFO,688.65
12251,2024-02-19,Visakhapatnam,LSMGO,950.38
12252,2024-02-19,Visakhapatnam,IFO380,491.12
12253,2024-02-19,Houston,VLSFO,608.6
12254,2024-02-19,Houston,LSMGO,739.75
12255,2024-02-19,Houston,IFO380,436.11
12256,2024-02-20,Singapore,VLSFO,644.81
12257,2024-02-20,Singapore,LSMGO,826.71
12258,2024-02-20,Singapore,IFO380,457.48
12259,2024-02-20,Fujairah,VLSFO,633.04
12260,2024-02-20,Fujairah,LSMGO,832.83
12261,2024-02-20,Fujairah,IFO380,449.93
12262,2024-02-20,Rotterdam,VLSFO,610.67
12263,2024-02-20,Rotterdam,LSMGO,765.94
12264,2024-02-20,Rotterdam,IFO380,440.42
12265,2024-02-20,Visakhapatnam,VLSFO,681.79
12266,2024-02-20,Visakhapatnam,LSMGO,941.42
12267,2024-02-20,Visakhapatnam,IFO380,495.79
12268,2024-02-20,Houston,VLSFO,602.99
12269,2024-02-20,Houston,LSMGO,734.52
12270,2024-02-20,Houston,IFO380,431.43
12271,2024-02-21,Singapore,VLSFO,648.68
12272,2024-02-21,Singapore,LSMGO,826.77
12273,2024-02-21,Singapore,IFO380,474.84
12274,2024-02-21,Fujairah,VLSFO,627.35
12275,2024-02-21,Fujairah,LSMGO,815.0
12276,2024-02-21,Fujairah,IFO380,451.44
12277,2024-02-21,Rotterdam,VLSFO,621.76
12278,2024-02-21,Rotterdam,LSMGO,791.93
12279,2024-02-21,Rotterdam,IFO380,443.23
12280,2024-02-21,Visakhapatnam,VLSFO,686.62
12281,2024-02-21,Visakhapatnam,LSMGO,953.16
12282,2024-02-21,Visakhapatnam,IFO380,490.51
12283,2024-02-21,Houston,VLSFO,599.53
12284,2024-02-21,Houston,LSMGO,739.19
12285,2024-02-21,Houston,IFO380,428.29
12286,2024-02-22,Singapore,VLSFO,642.67
12287,2024-02-22,Singapore,LSMGO,826.4
12288,2024-02-22,Singapore,IFO380,465.05
12289,2024-02-22,Fujairah,VLSFO,627.26
12290,2024-02-22,Fujairah,LSMGO,827.94
12291,2024-02-22,Fujairah,IFO380,450.79
12292,2024-02-22,Rotterdam,VLSFO,609.91
12293,2024-02-22,Rotterdam,LSMGO,771.4
12294,2024-02-22,Rotterdam,IFO380,441.4
12295,2024-02-22,Visakhapatnam,VLSFO,682.6
12296,2024-02-22,Visakhapatnam,LSMGO,945.81
12297,2024-02-22,Visakhapatnam,IFO380,490.73
12298,2024-02-22,Houston,VLSFO,600.63
12299,2024-02-22,Houston,LSMGO,737.28
12300,2024-02-22,Houston,IFO380,435.14
12301,2024-02-23,Singapore,VLSFO,645.22
12302,2024-02-23,Singapore,LSMGO,826.95
12303,2024-02-23,Singapore,IFO380,465.58
12304,2024-02-23,Fujairah,VLSFO,645.04
12305,2024-02-23,Fujairah,LSMGO,849.24
12306,2024-02-23,Fujairah,IFO380,465.59
12307,2024-02-23,Rotterdam,VLSFO,614.4
12308,2024-02-23,Rotterdam,LSMGO,768.31
12309,2024-02-23,Rotterdam,IFO380,445.66
12310,2024-02-23,Visakhapatnam,VLSFO,690.67
12311,2024-02-23,Visakhapatnam,LSMGO,957.15
12312,2024-02-23,Visakhapatnam,IFO380,503.87
12313,2024-02-23,Houston,VLSFO,601.04
12314,2024-02-23,Houston,LSMGO,741.81
12315,2024-02-23,Houston,IFO380,435.34
12316,2024-02-26,Singapore,VLSFO,647.31
12317,2024-02-26,Singapore,LSMGO,829.26
12318,2024-02-26,Singapore,IFO380,470.86
12319,2024-02-26,Fujairah,VLSFO,648.83
12320,2024-02-26,Fujairah,LSMGO,846.81
12321,2024-02-26,Fujairah,IFO380,462.64
12322,2024-02-26,Rotterdam,VLSFO,617.88
12323,2024-02-26,Rotterdam,LSMGO,782.75
12324,2024-02-26,Rotterdam,IFO380,446.69
12325,2024-02-26,Visakhapatnam,VLSFO,690.61
12326,2024-02-26,Visakhapatnam,LSMGO,952.29
12327,2024-02-26,Visakhapatnam,IFO380,494.18
12328,2024-02-26,Houston,VLSFO,596.35
12329,2024-02-26,Houston,LSMGO,736.6
12330,2024-02-26,Houston,IFO380,428.12
12331,2024-02-27,Singapore,VLSFO,650.75
12332,2024-02-27,Singapore,LSMGO,839.43
12333,2024-02-27,Singapore,IFO380,473.22
12334,2024-02-27,Fujairah,VLSFO,631.99
12335,2024-02-27,Fujairah,LSMGO,828.18
12336,2024-02-27,Fujairah,IFO380,449.77
12337,2024-02-27,Rotterdam,VLSFO,612.46
12338,2024-02-27,Rotterdam,LSMGO,757.46
12339,2024-02-27,Rotterdam,IFO380,439.57
12340,2024-02-27,Visakhapatnam,VLSFO,694.42
12341,2024-02-27,Visakhapatnam,LSMGO,968.91
12342,2024-02-27,Visakhapatnam,IFO380,496.05
12343,2024-02-27,Houston,VLSFO,608.8
12344,2024-02-27,Houston,LSMGO,747.28
12345,2024-02-27,Houston,IFO380,436.76
12346,2024-02-28,Singapore,VLSFO,642.3
12347,2024-02-28,Singapore,LSMGO,811.74
12348,2024-02-28,Singapore,IFO380,463.82
12349,2024-02-28,Fujairah,VLSFO,623.97
12350,2024-02-28,Fujairah,LSMGO,806.23
12351,2024-02-28,Fujairah,IFO380,447.48
12352,2024-02-28,Rotterdam,VLSFO,603.27
12353,2024-02-28,Rotterdam,LSMGO,746.88
12354,2024-02-28,Rotterdam,IFO380,429.33
12355,2024-02-28,Visakhapatnam,VLSFO,688.86
12356,2024-02-28,Visakhapatnam,LSMGO,959.08
12357,2024-02-28,Visakhapatnam,IFO380,499.68
12358,2024-02-28,Houston,VLSFO,609.87
12359,2024-02-28,Houston,LSMGO,763.68
12360,2024-02-28,Houston,IFO380,445.75
12361,2024-02-29,Singapore,VLSFO,647.22
12362,2024-02-29,Singapore,LSMGO,834.45
12363,2024-02-29,Singapore,IFO380,463.1
12364,2024-02-29,Fujairah,VLSFO,638.17
12365,2024-02-29,Fujairah,LSMGO,830.0
12366,2024-02-29,Fujairah,IFO380,459.75
12367,2024-02-29,Rotterdam,VLSFO,618.66
12368,2024-02-29,Rotterdam,LSMGO,772.79
12369,2024-02-29,Rotterdam,IFO380,443.35
12370,2024-02-29,Visakhapatnam,VLSFO,694.63
12371,2024-02-29,Visakhapatnam,LSMGO,962.85
12372,2024-02-29,Visakhapatnam,IFO380,508.13
12373,2024-02-29,Houston,VLSFO,601.37
12374,2024-02-29,Houston,LSMGO,738.52
12375,2024-02-29,Houston,IFO380,431.35
12376,2024-03-01,Singapore,VLSFO,647.95
12377,2024-03-01,Singapore,LSMGO,834.18
12378,2024-03-01,Singapore,IFO380,470.35
12379,2024-03-01,Fujairah,VLSFO,636.19
12380,2024-03-01,Fujairah,LSMGO,832.23
12381,2024-03-01,Fujairah,IFO380,460.22
12382,2024-03-01,Rotterdam,VLSFO,617.51
12383,2024-03-01,Rotterdam,LSMGO,772.49
12384,2024-03-01,Rotterdam,IFO380,443.9
12385,2024-03-01,Visakhapatnam,VLSFO,689.69
12386,2024-03-01,Visakhapatnam,LSMGO,962.12
12387,2024-03-01,Visakhapatnam,IFO380,497.76
12388,2024-03-01,Houston,VLSFO,606.19
12389,2024-03-01,Houston,LSMGO,739.67
12390,2024-03-01,Houston,IFO380,440.61
12391,2024-03-04,Singapore,VLSFO,643.34
12392,2024-03-04,Singapore,LSMGO,825.77
12393,2024-03-04,Singapore,IFO380,467.83
12394,2024-03-04,Fujairah,VLSFO,640.2
12395,2024-03-04,Fujairah,LSMGO,841.43
12396,2024-03-04,Fujairah,IFO380,459.73
12397,2024-03-04,Rotterdam,VLSFO,611.18
12398,2024-03-04,Rotterdam,LSMGO,762.41
12399,2024-03-04,Rotterdam,IFO380,441.87
12400,2024-03-04,Visakhapatnam,VLSFO,692.45
12401,2024-03-04,Visakhapatnam,LSMGO,943.67
12402,2024-03-04,Visakhapatnam,IFO380,495.95
12403,2024-03-04,Houston,VLSFO,609.99
12404,2024-03-04,Houston,LSMGO,756.16
12405,2024-03-04,Houston,IFO380,441.94
12406,2024-03-05,Singapore,VLSFO,653.03
12407,2024-03-05,Singapore,LSMGO,842.92
12408,2024-03-05,Singapore,IFO380,473.96
12409,2024-03-05,Fujairah,VLSFO,630.11
12410,2024-03-05,Fujairah,LSMGO,817.67
12411,2024-03-05,Fujairah,IFO380,449.26
12412,2024-03-05,Rotterdam,VLSFO,607.26
12413,2024-03-05,Rotterdam,LSMGO,761.67
12414,2024-03-05,Rotterdam,IFO380,430.38
12415,2024-03-05,Visakhapatnam,VLSFO,691.23
12416,2024-03-05,Visakhapatnam,LSMGO,951.8
12417,2024-03-05,Visakhapatnam,IFO380,494.04
12418,2024-03-05,Houston,VLSFO,603.05
12419,2024-03-05,Houston,LSMGO,736.94
12420,2024-03-05,Houston,IFO380,425.34
12421,2024-03-06,Singapore,VLSFO,646.58
12422,2024-03-06,Singapore,LSMGO,823.7
12423,2024-03-06,Singapore,IFO380,463.0
12424,2024-03-06,Fujairah,VLSFO,629.7
12425,2024-03-06,Fujairah,LSMGO,822.91
12426,2024-03-06,Fujairah,IFO380,454.75
12427,2024-03-06,Rotterdam,VLSFO,614.66
12428,2024-03-06,Rotterdam,LSMGO,775.02
12429,2024-03-06,Rotterdam,IFO380,446.75
12430,2024-03-06,Visakhapatnam,VLSFO,689.76
12431,2024-03-06,Visakhapatnam,LSMGO,955.68
12432,2024-03-06,Visakhapatnam,IFO380,499.42
12433,2024-03-06,Houston,VLSFO,608.7
12434,2024-03-06,Houston,LSMGO,757.46
12435,2024-03-06,Houston,IFO380,433.46
12436,2024-03-07,Singapore,VLSFO,655.06
12437,2024-03-07,Singapore,LSMGO,835.23
12438,2024-03-07,Singapore,IFO380,471.26
12439,2024-03-07,Fujairah,VLSFO,637.17
12440,2024-03-07,Fujairah,LSMGO,837.41
12441,2024-03-07,Fujairah,IFO380,451.07
12442,2024-03-07,Rotterdam,VLSFO,613.74
12443,2024-03-07,Rotterdam,LSMGO,769.41
12444,2024-03-07,Rotterdam,IFO380,436.72
12445,2024-03-07,Visakhapatnam,VLSFO,684.2
12446,2024-03-07,Visakhapatnam,LSMGO,941.19
12447,2024-03-07,Visakhapatnam,IFO380,495.89
12448,2024-03-07,Houston,VLSFO,607.64
12449,2024-03-07,Houston,LSMGO,742.96
12450,2024-03-07,Houston,IFO380,439.41
12451,2024-03-08,Singapore,VLSFO,655.52
12452,2024-03-08,Singapore,LSMGO,846.77
12453,2024-03-08,Singapore,IFO380,471.59
12454,2024-03-08,Fujairah,VLSFO,643.29
12455,2024-03-08,Fujairah,LSMGO,850.52
12456,2024-03-08,Fujairah,IFO380,456.02
12457,2024-03-08,Rotterdam,VLSFO,616.74
12458,2024-03-08,Rotterdam,LSMGO,784.14
12459,2024-03-08,Rotterdam,IFO380,444.17
12460,2024-03-08,Visakhapatnam,VLSFO,688.83
12461,2024-03-08,Visakhapatnam,LSMGO,962.15
12462,2024-03-08,Visakhapatnam,IFO380,495.97
12463,2024-03-08,Houston,VLSFO,603.47
12464,2024-03-08,Houston,LSMGO,741.53
12465,2024-03-08,Houston,IFO380,432.58
12466,2024-03-11,Singapore,VLSFO,652.37
12467,2024-03-11,Singapore,LSMGO,841.52
12468,2024-03-11,Singapore,IFO380,465.55
12469,2024-03-11,Fujairah,VLSFO,643.57
12470,2024-03-11,Fujairah,LSMGO,831.07
12471,2024-03-11,Fujairah,IFO380,459.62
12472,2024-03-11,Rotterdam,VLSFO,622.41
12473,2024-03-11,Rotterdam,LSMGO,788.0
12474,2024-03-11,Rotterdam,IFO380,454.29
12475,2024-03-11,Visakhapatnam,VLSFO,690.14
12476,2024-03-11,Visakhapatnam,LSMGO,958.74
12477,2024-03-11,Visakhapatnam,IFO380,499.32
12478,2024-03-11,Houston,VLSFO,606.06
12479,2024-03-11,Houston,LSMGO,728.57
12480,2024-03-11,Houston,IFO380,438.11
12481,2024-03-12,Singapore,VLSFO,652.89
12482,2024-03-12,Singapore,LSMGO,830.27
12483,2024-03-12,Singapore,IFO380,463.16
12484,2024-03-12,Fujairah,VLSFO,630.58
12485,2024-03-12,Fujairah,LSMGO,821.06
12486,2024-03-12,Fujairah,IFO380,449.06
12487,2024-03-12,Rotterdam,VLSFO,620.83
12488,2024-03-12,Rotterdam,LSMGO,781.38
12489,2024-03-12,Rotterdam,IFO380,445.58
12490,2024-03-12,Visakhapatnam,VLSFO,695.86
12491,2024-03-12,Visakhapatnam,LSMGO,961.19
12492,2024-03-12,Visakhapatnam,IFO380,507.23
12493,2024-03-12,Houston,VLSFO,617.46
12494,2024-03-12,Houston,LSMGO,763.85
12495,2024-03-12,Houston,IFO380,449.35
12496,2024-03-13,Singapore,VLSFO,660.11
12497,2024-03-13,Singapore,LSMGO,836.49
12498,2024-03-13,Singapore,IFO380,473.29
12499,2024-03-13,Fujairah,VLSFO,639.74
12500,2024-03-13,Fujairah,LSMGO,840.7
12501,2024-03-13,Fujairah,IFO380,460.49
12502,2024-03-13,Rotterdam,VLSFO,624.9
12503,2024-03-13,Rotterdam,LSMGO,771.3
12504,2024-03-13,Rotterdam,IFO380,448.13
12505,2024-03-13,Visakhapatnam,VLSFO,685.41
12506,2024-03-13,Visakhapatnam,LSMGO,958.42
12507,2024-03-13,Visakhapatnam,IFO380,496.98
12508,2024-03-13,Houston,VLSFO,610.89
12509,2024-03-13,Houston,LSMGO,755.59
12510,2024-03-13,Houston,IFO380,441.96
12511,2024-03-14,Singapore,VLSFO,648.33
12512,2024-03-14,Singapore,LSMGO,830.83
12513,2024-03-14,Singapore,IFO380,468.75
12514,2024-03-14,Fujairah,VLSFO,638.11
12515,2024-03-14,Fujairah,LSMGO,845.79
12516,2024-03-14,Fujairah,IFO380,458.36
12517,2024-03-14,Rotterdam,VLSFO,617.1
12518,2024-03-14,Rotterdam,LSMGO,777.2
12519,2024-03-14,Rotterdam,IFO380,442.72
12520,2024-03-14,Visakhapatnam,VLSFO,697.55
12521,2024-03-14,Visakhapatnam,LSMGO,967.08
12522,2024-03-14,Visakhapatnam,IFO380,503.81
12523,2024-03-14,Houston,VLSFO,608.11
12524,2024-03-14,Houston,LSMGO,741.68
12525,2024-03-14,Houston,IFO380,437.65
12526,2024-03-15,Singapore,VLSFO,644.19
12527,2024-03-15,Singapore,LSMGO,827.06
12528,2024-03-15,Singapore,IFO380,472.37
12529,2024-03-15,Fujairah,VLSFO,638.04
12530,2024-03-15,Fujairah,LSMGO,839.04
12531,2024-03-15,Fujairah,IFO380,465.05
12532,2024-03-15,Rotterdam,VLSFO,624.2
12533,2024-03-15,Rotterdam,LSMGO,783.62
12534,2024-03-15,Rotterdam,IFO380,450.91
12535,2024-03-15,Visakhapatnam,VLSFO,690.75
12536,2024-03-15,Visakhapatnam,LSMGO,965.73
12537,2024-03-15,Visakhapatnam,IFO380,505.74
12538,2024-03-15,Houston,VLSFO,610.29
12539,2024-03-15,Houston,LSMGO,738.24
12540,2024-03-15,Houston,IFO380,441.61
12541,2024-03-18,Singapore,VLSFO,654.42
12542,2024-03-18,Singapore,LSMGO,829.48
12543,2024-03-18,Singapore,IFO380,464.24
12544,2024-03-18,Fujairah,VLSFO,639.1
12545,2024-03-18,Fujairah,LSMGO,832.5
12546,2024-03-18,Fujairah,IFO380,458.06
12547,2024-03-18,Rotterdam,VLSFO,612.15
12548,2024-03-18,Rotterdam,LSMGO,769.01
12549,2024-03-18,Rotterdam,IFO380,437.08
12550,2024-03-18,Visakhapatnam,VLSFO,689.39
12551,2024-03-18,Visakhapatnam,LSMGO,940.64
12552,2024-03-18,Visakhapatnam,IFO380,504.73
12553,2024-03-18,Houston,VLSFO,608.67
12554,2024-03-18,Houston,LSMGO,754.56
12555,2024-03-18,Houston,IFO380,429.34
12556,2024-03-19,Singapore,VLSFO,649.35
12557,2024-03-19,Singapore,LSMGO,829.99
12558,2024-03-19,Singapore,IFO380,466.81
12559,2024-03-19,Fujairah,VLSFO,648.88
12560,2024-03-19,Fujairah,LSMGO,848.09
12561,2024-03-19,Fujairah,IFO380,474.17
12562,2024-03-19,Rotterdam,VLSFO,623.67
12563,2024-03-19,Rotterdam,LSMGO,776.98
12564,2024-03-19,Rotterdam,IFO380,451.88
12565,2024-03-19,Visakhapatnam,VLSFO,700.11
12566,2024-03-19,Visakhapatnam,LSMGO,966.74
12567,2024-03-19,Visakhapatnam,IFO380,508.56
12568,2024-03-19,Houston,VLSFO,604.51
12569,2024-03-19,Houston,LSMGO,736.61
12570,2024-03-19,Houston,IFO380,436.14
12571,2024-03-20,Singapore,VLSFO,655.07
12572,2024-03-20,Singapore,LSMGO,841.17
12573,2024-03-20,Singapore,IFO380,469.91
12574,2024-03-20,Fujairah,VLSFO,642.62
12575,2024-03-20,Fujairah,LSMGO,844.35
12576,2024-03-20,Fujairah,IFO380,461.1
12577,2024-03-20,Rotterdam,VLSFO,621.29
12578,2024-03-20,Rotterdam,LSMGO,779.08
12579,2024-03-20,Rotterdam,IFO380,440.87
12580,2024-03-20,Visakhapatnam,VLSFO,692.39
12581,2024-03-20,Visakhapatnam,LSMGO,953.81
12582,2024-03-20,Visakhapatnam,IFO380,500.71
12583,2024-03-20,Houston,VLSFO,601.69
12584,2024-03-20,Houston,LSMGO,732.08
12585,2024-03-20,Houston,IFO380,429.22
12586,2024-03-21,Singapore,VLSFO,653.43
12587,2024-03-21,Singapore,LSMGO,825.77
12588,2024-03-21,Singapore,IFO380,467.23
12589,2024-03-21,Fujairah,VLSFO,640.85
12590,2024-03-21,Fujairah,LSMGO,834.61
12591,2024-03-21,Fujairah,IFO380,459.39
12592,2024-03-21,Rotterdam,VLSFO,619.37
12593,2024-03-21,Rotterdam,LSMGO,774.41
12594,2024-03-21,Rotterdam,IFO380,442.26
12595,2024-03-21,Visakhapatnam,VLSFO,692.49
12596,2024-03-21,Visakhapatnam,LSMGO,973.02
12597,2024-03-21,Visakhapatnam,IFO380,492.81
12598,2024-03-21,Houston,VLSFO,610.19
12599,2024-03-21,Houston,LSMGO,746.01
12600,2024-03-21,Houston,IFO380,441.98
12601,2024-03-22,Singapore,VLSFO,653.59
12602,2024-03-22,Singapore,LSMGO,832.87
12603,2024-03-22,Singapore,IFO380,473.26
12604,2024-03-22,Fujairah,VLSFO,641.4
12605,2024-03-22,Fujairah,LSMGO,844.31
12606,2024-03-22,Fujairah,IFO380,462.41
12607,2024-03-22,Rotterdam,VLSFO,615.0
12608,2024-03-22,Rotterdam,LSMGO,780.54
12609,2024-03-22,Rotterdam,IFO380,442.81
12610,2024-03-22,Visakhapatnam,VLSFO,692.97
12611,2024-03-22,Visakhapatnam,LSMGO,952.92
12612,2024-03-22,Visakhapatnam,IFO380,501.13
12613,2024-03-22,Houston,VLSFO,613.95
12614,2024-03-22,Houston,LSMGO,747.07
12615,2024-03-22,Houston,IFO380,440.77
12616,2024-03-25,Singapore,VLSFO,644.18
12617,2024-03-25,Singapore,LSMGO,818.01
12618,2024-03-25,Singapore,IFO380,465.27
12619,2024-03-25,Fujairah,VLSFO,642.98
12620,2024-03-25,Fujairah,LSMGO,829.72
12621,2024-03-25,Fujairah,IFO380,467.03
12622,2024-03-25,Rotterdam,VLSFO,632.55
12623,2024-03-25,Rotterdam,LSMGO,774.72
12624,2024-03-25,Rotterdam,IFO380,456.7
12625,2024-03-25,Visakhapatnam,VLSFO,700.61
12626,2024-03-25,Visakhapatnam,LSMGO,973.17
12627,2024-03-25,Visakhapatnam,IFO380,500.99
12628,2024-03-25,Houston,VLSFO,605.97
12629,2024-03-25,Houston,LSMGO,756.19
12630,2024-03-25,Houston,IFO380,435.4
12631,2024-03-26,Singapore,VLSFO,651.87
12632,2024-03-26,Singapore,LSMGO,836.69
12633,2024-03-26,Singapore,IFO380,469.65
12634,2024-03-26,Fujairah,VLSFO,639.7
12635,2024-03-26,Fujairah,LSMGO,837.3
12636,2024-03-26,Fujairah,IFO380,467.04
12637,2024-03-26,Rotterdam,VLSFO,617.1
12638,2024-03-26,Rotterdam,LSMGO,788.74
12639,2024-03-26,Rotterdam,IFO380,450.7
12640,2024-03-26,Visakhapatnam,VLSFO,688.4
12641,2024-03-26,Visakhapatnam,LSMGO,951.41
12642,2024-03-26,Visakhapatnam,IFO380,492.33
12643,2024-03-26,Houston,VLSFO,608.11
12644,2024-03-26,Houston,LSMGO,750.1
12645,2024-03-26,Houston,IFO380,436.0
12646,2024-03-27,Singapore,VLSFO,656.79
12647,2024-03-27,Singapore,LSMGO,837.58
12648,2024-03-27,Singapore,IFO380,476.84
12649,2024-03-27,Fujairah,VLSFO,644.36
12650,2024-03-27,Fujairah,LSMGO,830.25
12651,2024-03-27,Fujairah,IFO380,468.78
12652,2024-03-27,Rotterdam,VLSFO,616.34
12653,2024-03-27,Rotterdam,LSMGO,776.1
12654,2024-03-27,Rotterdam,IFO380,446.29
12655,2024-03-27,Visakhapatnam,VLSFO,695.94
12656,2024-03-27,Visakhapatnam,LSMGO,957.22
12657,2024-03-27,Visakhapatnam,IFO380,493.79
12658,2024-03-27,Houston,VLSFO,603.27
12659,2024-03-27,Houston,LSMGO,741.72
12660,2024-03-27,Houston,IFO380,427.72
12661,2024-03-28,Singapore,VLSFO,655.27
12662,2024-03-28,Singapore,LSMGO,838.76
12663,2024-03-28,Singapore,IFO380,480.91
12664,2024-03-28,Fujairah,VLSFO,641.33
12665,2024-03-28,Fujairah,LSMGO,840.79
12666,2024-03-28,Fujairah,IFO380,463.42
12667,2024-03-28,Rotterdam,VLSFO,615.97
12668,2024-03-28,Rotterdam,LSMGO,772.55
12669,2024-03-28,Rotterdam,IFO380,442.28
12670,2024-03-28,Visakhapatnam,VLSFO,689.71
12671,2024-03-28,Visakhapatnam,LSMGO,950.88
12672,2024-03-28,Visakhapatnam,IFO380,500.54
12673,2024-03-28,Houston,VLSFO,610.82
12674,2024-03-28,Houston,LSMGO,770.14
12675,2024-03-28,Houston,IFO380,436.26
12676,2024-03-29,Singapore,VLSFO,648.71
12677,2024-03-29,Singapore,LSMGO,824.76
12678,2024-03-29,Singapore,IFO380,462.36
12679,2024-03-29,Fujairah,VLSFO,642.77
12680,2024-03-29,Fujairah,LSMGO,840.97
12681,2024-03-29,Fujairah,IFO380,461.92
12682,2024-03-29,Rotterdam,VLSFO,616.15
12683,2024-03-29,Rotterdam,LSMGO,767.99
12684,2024-03-29,Rotterdam,IFO380,444.95
12685,2024-03-29,Visakhapatnam,VLSFO,688.01
12686,2024-03-29,Visakhapatnam,LSMGO,951.84
12687,2024-03-29,Visakhapatnam,IFO380,493.96
12688,2024-03-29,Houston,VLSFO,606.1
12689,2024-03-29,Houston,LSMGO,747.75
12690,2024-03-29,Houston,IFO380,445.56
12691,2024-04-01,Singapore,VLSFO,657.15
12692,2024-04-01,Singapore,LSMGO,841.68
12693,2024-04-01,Singapore,IFO380,473.7
12694,2024-04-01,Fujairah,VLSFO,646.07
12695,2024-04-01,Fujairah,LSMGO,836.74
12696,2024-04-01,Fujairah,IFO380,457.24
12697,2024-04-01,Rotterdam,VLSFO,618.5
12698,2024-04-01,Rotterdam,LSMGO,776.5
12699,2024-04-01,Rotterdam,IFO380,445.73
12700,2024-04-01,Visakhapatnam,VLSFO,705.87
12701,2024-04-01,Visakhapatnam,LSMGO,973.66
12702,2024-04-01,Visakhapatnam,IFO380,509.43
12703,2024-04-01,Houston,VLSFO,610.23
12704,2024-04-01,Houston,LSMGO,755.61
12705,2024-04-01,Houston,IFO380,442.0
12706,2024-04-02,Singapore,VLSFO,652.63
12707,2024-04-02,Singapore,LSMGO,837.52
12708,2024-04-02,Singapore,IFO380,468.14
12709,2024-04-02,Fujairah,VLSFO,645.08
12710,2024-04-02,Fujairah,LSMGO,837.46
12711,2024-04-02,Fujairah,IFO380,467.26
12712,2024-04-02,Rotterdam,VLSFO,621.69
12713,2024-04-02,Rotterdam,LSMGO,790.82
12714,2024-04-02,Rotterdam,IFO380,443.76
12715,2024-04-02,Visakhapatnam,VLSFO,694.06
12716,2024-04-02,Visakhapatnam,LSMGO,959.78
12717,2024-04-02,Visakhapatnam,IFO380,497.56
12718,2024-04-02,Houston,VLSFO,609.99
12719,2024-04-02,Houston,LSMGO,751.53
12720,2024-04-02,Houston,IFO380,432.16
12721,2024-04-03,Singapore,VLSFO,652.77
12722,2024-04-03,Singapore,LSMGO,839.4
12723,2024-04-03,Singapore,IFO380,466.78
12724,2024-04-03,Fujairah,VLSFO,632.13
12725,2024-04-03,Fujairah,LSMGO,827.9
12726,2024-04-03,Fujairah,IFO380,456.55
12727,2024-04-03,Rotterdam,VLSFO,613.17
12728,2024-04-03,Rotterdam,LSMGO,766.02
12729,2024-04-03,Rotterdam,IFO380,447.66
12730,2024-04-03,Visakhapatnam,VLSFO,703.89
12731,2024-04-03,Visakhapatnam,LSMGO,969.89
12732,2024-04-03,Visakhapatnam,IFO380,504.72
12733,2024-04-03,Houston,VLSFO,610.72
12734,2024-04-03,Houston,LSMGO,738.63
12735,2024-04-03,Houston,IFO380,440.27
12736,2024-04-04,Singapore,VLSFO,650.64
12737,2024-04-04,Singapore,LSMGO,839.28
12738,2024-04-04,Singapore,IFO380,467.32
12739,2024-04-04,Fujairah,VLSFO,642.63
12740,2024-04-04,Fujairah,LSMGO,836.08
12741,2024-04-04,Fujairah,IFO380,461.1
12742,2024-04-04,Rotterdam,VLSFO,627.83
12743,2024-04-04,Rotterdam,LSMGO,784.9
12744,2024-04-04,Rotterdam,IFO380,451.99
12745,2024-04-04,Visakhapatnam,VLSFO,689.92
12746,2024-04-04,Visakhapatnam,LSMGO,951.71
12747,2024-04-04,Visakhapatnam,IFO380,493.9
12748,2024-04-04,Houston,VLSFO,604.38
12749,2024-04-04,Houston,LSMGO,751.24
12750,2024-04-04,Houston,IFO380,433.3
12751,2024-04-05,Singapore,VLSFO,651.25
12752,2024-04-05,Singapore,LSMGO,837.88
12753,2024-04-05,Singapore,IFO380,473.1
12754,2024-04-05,Fujairah,VLSFO,639.16
12755,2024-04-05,Fujairah,LSMGO,834.1
12756,2024-04-05,Fujairah,IFO380,453.31
12757,2024-04-05,Rotterdam,VLSFO,621.57
12758,2024-04-05,Rotterdam,LSMGO,773.09
12759,2024-04-05,Rotterdam,IFO380,446.92
12760,2024-04-05,Visakhapatnam,VLSFO,691.94
12761,2024-04-05,Visakhapatnam,LSMGO,959.56
12762,2024-04-05,Visakhapatnam,IFO380,504.67
12763,2024-04-05,Houston,VLSFO,610.96
12764,2024-04-05,Houston,LSMGO,749.81
12765,2024-04-05,Houston,IFO380,438.19
12766,2024-04-08,Singapore,VLSFO,654.89
12767,2024-04-08,Singapore,LSMGO,828.55
12768,2024-04-08,Singapore,IFO380,472.65
12769,2024-04-08,Fujairah,VLSFO,644.23
12770,2024-04-08,Fujairah,LSMGO,841.35
12771,2024-04-08,Fujairah,IFO380,459.6
12772,2024-04-08,Rotterdam,VLSFO,621.43
12773,2024-04-08,Rotterdam,LSMGO,776.26
12774,2024-04-08,Rotterdam,IFO380,451.76
12775,2024-04-08,Visakhapatnam,VLSFO,689.28
12776,2024-04-08,Visakhapatnam,LSMGO,957.38
12777,2024-04-08,Visakhapatnam,IFO380,494.13
12778,2024-04-08,Houston,VLSFO,606.18
12779,2024-04-08,Houston,LSMGO,747.79
12780,2024-04-08,Houston,IFO380,436.09
12781,2024-04-09,Singapore,VLSFO,655.18
12782,2024-04-09,Singapore,LSMGO,840.29
12783,2024-04-09,Singapore,IFO380,474.88
12784,2024-04-09,Fujairah,VLSFO,642.9
12785,2024-04-09,Fujairah,LSMGO,843.46
12786,2024-04-09,Fujairah,IFO380,466.17
12787,2024-04-09,Rotterdam,VLSFO,615.88
12788,2024-04-09,Rotterdam,LSMGO,768.21
12789,2024-04-09,Rotterdam,IFO380,447.75
12790,2024-04-09,Visakhapatnam,VLSFO,696.55
12791,2024-04-09,Visakhapatnam,LSMGO,961.75
12792,2024-04-09,Visakhapatnam,IFO380,501.45
12793,2024-04-09,Houston,VLSFO,603.54
12794,2024-04-09,Houston,LSMGO,756.74
12795,2024-04-09,Houston,IFO380,430.38
12796,2024-04-10,Singapore,VLSFO,647.87
12797,2024-04-10,Singapore,LSMGO,825.27
12798,2024-04-10,Singapore,IFO380,467.01
12799,2024-04-10,Fujairah,VLSFO,629.03
12800,2024-04-10,Fujairah,LSMGO,823.64
12801,2024-04-10,Fujairah,IFO380,451.38
12802,2024-04-10,Rotterdam,VLSFO,618.03
12803,2024-04-10,Rotterdam,LSMGO,782.48
12804,2024-04-10,Rotterdam,IFO380,444.21
12805,2024-04-10,Visakhapatnam,VLSFO,683.24
12806,2024-04-10,Visakhapatnam,LSMGO,937.58
12807,2024-04-10,Visakhapatnam,IFO380,483.74
12808,2024-04-10,Houston,VLSFO,607.05
12809,2024-04-10,Houston,LSMGO,735.85
12810,2024-04-10,Houston,IFO380,439.54
12811,2024-04-11,Singapore,VLSFO,663.36
12812,2024-04-11,Singapore,LSMGO,858.39
12813,2024-04-11,Singapore,IFO380,480.76
12814,2024-04-11,Fujairah,VLSFO,635.76
12815,2024-04-11,Fujairah,LSMGO,832.43
12816,2024-04-11,Fujairah,IFO380,449.42
12817,2024-04-11,Rotterdam,VLSFO,621.14
12818,2024-04-11,Rotterdam,LSMGO,784.99
12819,2024-04-11,Rotterdam,IFO380,446.21
12820,2024-04-11,Visakhapatnam,VLSFO,690.3
12821,2024-04-11,Visakhapatnam,LSMGO,964.65
12822,2024-04-11,Visakhapatnam,IFO380,500.19
12823,2024-04-11,Houston,VLSFO,603.14
12824,2024-04-11,Houston,LSMGO,743.59
12825,2024-04-11,Houston,IFO380,434.12
12826,2024-04-12,Singapore,VLSFO,656.36
12827,2024-04-12,Singapore,LSMGO,842.8
12828,2024-04-12,Singapore,IFO380,474.39
12829,2024-04-12,Fujairah,VLSFO,646.55
12830,2024-04-12,Fujairah,LSMGO,846.83
12831,2024-04-12,Fujairah,IFO380,467.16
12832,2024-04-12,Rotterdam,VLSFO,632.44
12833,2024-04-12,Rotterdam,LSMGO,785.51
12834,2024-04-12,Rotterdam,IFO380,449.31
12835,2024-04-12,Visakhapatnam,VLSFO,693.24
12836,2024-04-12,Visakhapatnam,LSMGO,961.62
12837,2024-04-12,Visakhapatnam,IFO380,496.76
12838,2024-04-12,Houston,VLSFO,614.46
12839,2024-04-12,Houston,LSMGO,761.82
12840,2024-04-12,Houston,IFO380,442.46
12841,2024-04-15,Singapore,VLSFO,660.43
12842,2024-04-15,Singapore,LSMGO,840.66
12843,2024-04-15,Singapore,IFO380,474.12
12844,2024-04-15,Fujairah,VLSFO,644.26
12845,2024-04-15,Fujairah,LSMGO,844.73
12846,2024-04-15,Fujairah,IFO380,472.11
12847,2024-04-15,Rotterdam,VLSFO,624.71
12848,2024-04-15,Rotterdam,LSMGO,781.23
12849,2024-04-15,Rotterdam,IFO380,447.81
12850,2024-04-15,Visakhapatnam,VLSFO,690.56
12851,2024-04-15,Visakhapatnam,LSMGO,952.75
12852,2024-04-15,Visakhapatnam,IFO380,492.04
12853,2024-04-15,Houston,VLSFO,606.86
12854,2024-04-15,Houston,LSMGO,741.7
12855,2024-04-15,Houston,IFO380,431.84
12856,2024-04-16,Singapore,VLSFO,650.84
12857,2024-04-16,Singapore,LSMGO,839.34
12858,2024-04-16,Singapore,IFO380,471.25
12859,2024-04-16,Fujairah,VLSFO,647.48
12860,2024-04-16,Fujairah,LSMGO,842.17
12861,2024-04-16,Fujairah,IFO380,466.25
12862,2024-04-16,Rotterdam,VLSFO,630.01
12863,2024-04-16,Rotterdam,LSMGO,780.33
12864,2024-04-16,Rotterdam,IFO380,457.74
12865,2024-04-16,Visakhapatnam,VLSFO,688.89
12866,2024-04-16,Visakhapatnam,LSMGO,954.69
12867,2024-04-16,Visakhapatnam,IFO380,497.61
12868,2024-04-16,Houston,VLSFO,611.36
12869,2024-04-16,Houston,LSMGO,748.2
12870,2024-04-16,Houston,IFO380,440.48
12871,2024-04-17,Singapore,VLSFO,654.75
12872,2024-04-17,Singapore,LSMGO,840.53
12873,2024-04-17,Singapore,IFO380,474.04
12874,2024-04-17,Fujairah,VLSFO,634.29
12875,2024-04-17,Fujairah,LSMGO,829.5
12876,2024-04-17,Fujairah,IFO380,461.73
12877,2024-04-17,Rotterdam,VLSFO,621.1
12878,2024-04-17,Rotterdam,LSMGO,782.28
12879,2024-04-17,Rotterdam,IFO380,441.95
12880,2024-04-17,Visakhapatnam,VLSFO,695.07
12881,2024-04-17,Visakhapatnam,LSMGO,968.13
12882,2024-04-17,Visakhapatnam,IFO380,496.6
12883,2024-04-17,Houston,VLSFO,621.91
12884,2024-04-17,Houston,LSMGO,756.44
12885,2024-04-17,Houston,IFO380,440.85
12886,2024-04-18,Singapore,VLSFO,649.43
12887,2024-04-18,Singapore,LSMGO,824.87
12888,2024-04-18,Singapore,IFO380,463.66
12889,2024-04-18,Fujairah,VLSFO,651.14
12890,2024-04-18,Fujairah,LSMGO,857.04
12891,2024-04-18,Fujairah,IFO380,462.21
12892,2024-04-18,Rotterdam,VLSFO,618.66
12893,2024-04-18,Rotterdam,LSMGO,769.91
12894,2024-04-18,Rotterdam,IFO380,439.85
12895,2024-04-18,Visakhapatnam,VLSFO,690.51
12896,2024-04-18,Visakhapatnam,LSMGO,947.43
12897,2024-04-18,Visakhapatnam,IFO380,502.13
12898,2024-04-18,Houston,VLSFO,618.29
12899,2024-04-18,Houston,LSMGO,753.36
12900,2024-04-18,Houston,IFO380,451.13
12901,2024-04-19,Singapore,VLSFO,654.19
12902,2024-04-19,Singapore,LSMGO,847.56
12903,2024-04-19,Singapore,IFO380,467.58
12904,2024-04-19,Fujairah,VLSFO,644.61
12905,2024-04-19,Fujairah,LSMGO,841.85
12906,2024-04-19,Fujairah,IFO380,464.32
12907,2024-04-19,Rotterdam,VLSFO,622.86
12908,2024-04-19,Rotterdam,LSMGO,772.36
12909,2024-04-19,Rotterdam,IFO380,452.94
12910,2024-04-19,Visakhapatnam,VLSFO,692.69
12911,2024-04-19,Visakhapatnam,LSMGO,950.72
12912,2024-04-19,Visakhapatnam,IFO380,501.12
12913,2024-04-19,Houston,VLSFO,603.34
12914,2024-04-19,Houston,LSMGO,739.71
12915,2024-04-19,Houston,IFO380,430.11
12916,2024-04-22,Singapore,VLSFO,661.7
12917,2024-04-22,Singapore,LSMGO,847.61
12918,2024-04-22,Singapore,IFO380,479.52
12919,2024-04-22,Fujairah,VLSFO,637.5
12920,2024-04-22,Fujairah,LSMGO,850.42
12921,2024-04-22,Fujairah,IFO380,455.52
12922,2024-04-22,Rotterdam,VLSFO,623.76
12923,2024-04-22,Rotterdam,LSMGO,786.06
12924,2024-04-22,Rotterdam,IFO380,447.56
12925,2024-04-22,Visakhapatnam,VLSFO,694.5
12926,2024-04-22,Visakhapatnam,LSMGO,947.98
12927,2024-04-22,Visakhapatnam,IFO380,497.17
12928,2024-04-22,Houston,VLSFO,613.11
12929,2024-04-22,Houston,LSMGO,748.16
12930,2024-04-22,Houston,IFO380,444.45
12931,2024-04-23,Singapore,VLSFO,646.8
12932,2024-04-23,Singapore,LSMGO,844.3
12933,2024-04-23,Singapore,IFO380,468.92
12934,2024-04-23,Fujairah,VLSFO,634.82
12935,2024-04-23,Fujairah,LSMGO,823.83
12936,2024-04-23,Fujairah,IFO380,457.02
12937,2024-04-23,Rotterdam,VLSFO,625.83
12938,2024-04-23,Rotterdam,LSMGO,788.27
12939,2024-04-23,Rotterdam,IFO380,449.28
12940,2024-04-23,Visakhapatnam,VLSFO,695.01
12941,2024-04-23,Visakhapatnam,LSMGO,964.34
12942,2024-04-23,Visakhapatnam,IFO380,503.73
12943,2024-04-23,Houston,VLSFO,605.47
12944,2024-04-23,Houston,LSMGO,739.51
12945,2024-04-23,Houston,IFO380,438.28
12946,2024-04-24,Singapore,VLSFO,639.66
12947,2024-04-24,Singapore,LSMGO,819.25
12948,2024-04-24,Singapore,IFO380,459.53
12949,2024-04-24,Fujairah,VLSFO,635.85
12950,2024-04-24,Fujairah,LSMGO,834.85
12951,2024-04-24,Fujairah,IFO380,454.36
12952,2024-04-24,Rotterdam,VLSFO,606.39
12953,2024-04-24,Rotterdam,LSMGO,756.7
12954,2024-04-24,Rotterdam,IFO380,437.71
12955,2024-04-24,Visakhapatnam,VLSFO,692.39
12956,2024-04-24,Visakhapatnam,LSMGO,950.43
12957,2024-04-24,Visakhapatnam,IFO380,497.35
12958,2024-04-24,Houston,VLSFO,611.03
12959,2024-04-24,Houston,LSMGO,750.68
12960,2024-04-24,Houston,IFO380,443.3
12961,2024-04-25,Singapore,VLSFO,646.24
12962,2024-04-25,Singapore,LSMGO,832.34
12963,2024-04-25,Singapore,IFO380,462.34
12964,2024-04-25,Fujairah,VLSFO,630.0
12965,2024-04-25,Fujairah,LSMGO,813.16
12966,2024-04-25,Fujairah,IFO380,454.35
12967,2024-04-25,Rotterdam,VLSFO,620.75
12968,2024-04-25,Rotterdam,LSMGO,775.87
12969,2024-04-25,Rotterdam,IFO380,450.25
12970,2024-04-25,Visakhapatnam,VLSFO,682.99
12971,2024-04-25,Visakhapatnam,LSMGO,954.08
12972,2024-04-25,Visakhapatnam,IFO380,493.01
12973,2024-04-25,Houston,VLSFO,607.28
12974,2024-04-25,Houston,LSMGO,755.92
12975,2024-04-25,Houston,IFO380,430.51
12976,2024-04-26,Singapore,VLSFO,650.57
12977,2024-04-26,Singapore,LSMGO,845.25
12978,2024-04-26,Singapore,IFO380,469.83
12979,2024-04-26,Fujairah,VLSFO,641.18
12980,2024-04-26,Fujairah,LSMGO,839.32
12981,2024-04-26,Fujairah,IFO380,461.93
12982,2024-04-26,Rotterdam,VLSFO,625.25
12983,2024-04-26,Rotterdam,LSMGO,796.09
12984,2024-04-26,Rotterdam,IFO380,457.42
12985,2024-04-26,Visakhapatnam,VLSFO,690.14
12986,2024-04-26,Visakhapatnam,LSMGO,953.9
12987,2024-04-26,Visakhapatnam,IFO380,491.59
12988,2024-04-26,Houston,VLSFO,605.16
12989,2024-04-26,Houston,LSMGO,741.98
12990,2024-04-26,Houston,IFO380,432.25
12991,2024-04-29,Singapore,VLSFO,651.29
12992,2024-04-29,Singapore,LSMGO,823.6
12993,2024-04-29,Singapore,IFO380,461.63
12994,2024-04-29,Fujairah,VLSFO,633.38
12995,2024-04-29,Fujairah,LSMGO,808.83
12996,2024-04-29,Fujairah,IFO380,452.46
12997,2024-04-29,Rotterdam,VLSFO,616.9
12998,2024-04-29,Rotterdam,LSMGO,780.75
12999,2024-04-29,Rotterdam,IFO380,446.97
13000,2024-04-29,Visakhapatnam,VLSFO,684.02
13001,2024-04-29,Visakhapatnam,LSMGO,940.81
13002,2024-04-29,Visakhapatnam,IFO380,495.44
13003,2024-04-29,Houston,VLSFO,606.15
13004,2024-04-29,Houston,LSMGO,735.86
13005,2024-04-29,Houston,IFO380,434.13
13006,2024-04-30,Singapore,VLSFO,649.98
13007,2024-04-30,Singapore,LSMGO,825.98
13008,2024-04-30,Singapore,IFO380,459.04
13009,2024-04-30,Fujairah,VLSFO,639.96
13010,2024-04-30,Fujairah,LSMGO,823.41
13011,2024-04-30,Fujairah,IFO380,460.13
13012,2024-04-30,Rotterdam,VLSFO,610.94
13013,2024-04-30,Rotterdam,LSMGO,777.58
13014,2024-04-30,Rotterdam,IFO380,441.64
13015,2024-04-30,Visakhapatnam,VLSFO,685.63
13016,2024-04-30,Visakhapatnam,LSMGO,949.61
13017,2024-04-30,Visakhapatnam,IFO380,492.51
13018,2024-04-30,Houston,VLSFO,606.3
13019,2024-04-30,Houston,LSMGO,741.8
13020,2024-04-30,Houston,IFO380,432.4
13021,2024-05-01,Singapore,VLSFO,664.63
13022,2024-05-01,Singapore,LSMGO,846.18
13023,2024-05-01,Singapore,IFO380,480.81
13024,2024-05-01,Fujairah,VLSFO,644.55
13025,2024-05-01,Fujairah,LSMGO,840.71
13026,2024-05-01,Fujairah,IFO380,466.56
13027,2024-05-01,Rotterdam,VLSFO,621.91
13028,2024-05-01,Rotterdam,LSMGO,781.77
13029,2024-05-01,Rotterdam,IFO380,446.95
13030,2024-05-01,Visakhapatnam,VLSFO,705.94
13031,2024-05-01,Visakhapatnam,LSMGO,978.34
13032,2024-05-01,Visakhapatnam,IFO380,511.58
13033,2024-05-01,Houston,VLSFO,597.78
13034,2024-05-01,Houston,LSMGO,732.35
13035,2024-05-01,Houston,IFO380,431.86
13036,2024-05-02,Singapore,VLSFO,649.43
13037,2024-05-02,Singapore,LSMGO,831.48
13038,2024-05-02,Singapore,IFO380,470.8
13039,2024-05-02,Fujairah,VLSFO,646.49
13040,2024-05-02,Fujairah,LSMGO,857.59
13041,2024-05-02,Fujairah,IFO380,469.38
13042,2024-05-02,Rotterdam,VLSFO,618.89
13043,2024-05-02,Rotterdam,LSMGO,774.71
13044,2024-05-02,Rotterdam,IFO380,447.71
13045,2024-05-02,Visakhapatnam,VLSFO,691.03
13046,2024-05-02,Visakhapatnam,LSMGO,953.67
13047,2024-05-02,Visakhapatnam,IFO380,499.62
13048,2024-05-02,Houston,VLSFO,610.71
13049,2024-05-02,Houston,LSMGO,746.55
13050,2024-05-02,Houston,IFO380,436.12
13051,2024-05-03,Singapore,VLSFO,653.52
13052,2024-05-03,Singapore,LSMGO,830.44
13053,2024-05-03,Singapore,IFO380,467.44
13054,2024-05-03,Fujairah,VLSFO,638.87
13055,2024-05-03,Fujairah,LSMGO,828.4
13056,2024-05-03,Fujairah,IFO380,457.77
13057,2024-05-03,Rotterdam,VLSFO,617.32
13058,2024-05-03,Rotterdam,LSMGO,771.32
13059,2024-05-03,Rotterdam,IFO380,445.85
13060,2024-05-03,Visakhapatnam,VLSFO,685.6
13061,2024-05-03,Visakhapatnam,LSMGO,948.92
13062,2024-05-03,Visakhapatnam,IFO380,495.92
13063,2024-05-03,Houston,VLSFO,604.85
13064,2024-05-03,Houston,LSMGO,735.65
13065,2024-05-03,Houston,IFO380,445.94
13066,2024-05-06,Singapore,VLSFO,653.15
13067,2024-05-06,Singapore,LSMGO,839.8
13068,2024-05-06,Singapore,IFO380,473.77
13069,2024-05-06,Fujairah,VLSFO,642.69
13070,2024-05-06,Fujairah,LSMGO,831.16
13071,2024-05-06,Fujairah,IFO380,463.62
13072,2024-05-06,Rotterdam,VLSFO,620.5
13073,2024-05-06,Rotterdam,LSMGO,778.1
13074,2024-05-06,Rotterdam,IFO380,446.37
13075,2024-05-06,Visakhapatnam,VLSFO,684.59
13076,2024-05-06,Visakhapatnam,LSMGO,950.01
13077,2024-05-06,Visakhapatnam,IFO380,490.73
13078,2024-05-06,Houston,VLSFO,597.04
13079,2024-05-06,Houston,LSMGO,741.39
13080,2024-05-06,Houston,IFO380,430.36
13081,2024-05-07,Singapore,VLSFO,642.4
13082,2024-05-07,Singapore,LSMGO,826.47
13083,2024-05-07,Singapore,IFO380,464.06
13084,2024-05-07,Fujairah,VLSFO,629.67
13085,2024-05-07,Fujairah,LSMGO,822.46
13086,2024-05-07,Fujairah,IFO380,453.91
13087,2024-05-07,Rotterdam,VLSFO,619.7
13088,2024-05-07,Rotterdam,LSMGO,776.94
13089,2024-05-07,Rotterdam,IFO380,447.05
13090,2024-05-07,Visakhapatnam,VLSFO,683.79
13091,2024-05-07,Visakhapatnam,LSMGO,955.29
13092,2024-05-07,Visakhapatnam,IFO380,487.96
13093,2024-05-07,Houston,VLSFO,608.42
13094,2024-05-07,Houston,LSMGO,746.29
13095,2024-05-07,Houston,IFO380,436.64
13096,2024-05-08,Singapore,VLSFO,650.53
13097,2024-05-08,Singapore,LSMGO,832.51
13098,2024-05-08,Singapore,IFO380,471.35
13099,2024-05-08,Fujairah,VLSFO,638.6
13100,2024-05-08,Fujairah,LSMGO,817.66
13101,2024-05-08,Fujairah,IFO380,459.42
13102,2024-05-08,Rotterdam,VLSFO,627.64
13103,2024-05-08,Rotterdam,LSMGO,788.15
13104,2024-05-08,Rotterdam,IFO380,448.83
13105,2024-05-08,Visakhapatnam,VLSFO,683.69
13106,2024-05-08,Visakhapatnam,LSMGO,943.6
13107,2024-05-08,Visakhapatnam,IFO380,495.31
13108,2024-05-08,Houston,VLSFO,602.41
13109,2024-05-08,Houston,LSMGO,740.7
13110,2024-05-08,Houston,IFO380,438.78
13111,2024-05-09,Singapore,VLSFO,648.71
13112,2024-05-09,Singapore,LSMGO,823.05
13113,2024-05-09,Singapore,IFO380,467.91
13114,2024-05-09,Fujairah,VLSFO,630.6
13115,2024-05-09,Fujairah,LSMGO,821.12
13116,2024-05-09,Fujairah,IFO380,441.88
13117,2024-05-09,Rotterdam,VLSFO,614.49
13118,2024-05-09,Rotterdam,LSMGO,770.97
13119,2024-05-09,Rotterdam,IFO380,446.68
13120,2024-05-09,Visakhapatnam,VLSFO,689.45
13121,2024-05-09,Visakhapatnam,LSMGO,956.32
13122,2024-05-09,Visakhapatnam,IFO380,504.53
13123,2024-05-09,Houston,VLSFO,603.88
13124,2024-05-09,Houston,LSMGO,743.52
13125,2024-05-09,Houston,IFO380,437.72
13126,2024-05-10,Singapore,VLSFO,653.48
13127,2024-05-10,Singapore,LSMGO,838.39
13128,2024-05-10,Singapore,IFO380,476.53
13129,2024-05-10,Fujairah,VLSFO,637.58
13130,2024-05-10,Fujairah,LSMGO,827.46
13131,2024-05-10,Fujairah,IFO380,454.62
13132,2024-05-10,Rotterdam,VLSFO,617.42
13133,2024-05-10,Rotterdam,LSMGO,779.62
13134,2024-05-10,Rotterdam,IFO380,445.37
13135,2024-05-10,Visakhapatnam,VLSFO,682.9
13136,2024-05-10,Visakhapatnam,LSMGO,945.51
13137,2024-05-10,Visakhapatnam,IFO380,491.38
13138,2024-05-10,Houston,VLSFO,605.32
13139,2024-05-10,Houston,LSMGO,743.64
13140,2024-05-10,Houston,IFO380,442.11
13141,2024-05-13,Singapore,VLSFO,650.0
13142,2024-05-13,Singapore,LSMGO,847.24
13143,2024-05-13,Singapore,IFO380,460.45
13144,2024-05-13,Fujairah,VLSFO,634.63
13145,2024-05-13,Fujairah,LSMGO,833.74
13146,2024-05-13,Fujairah,IFO380,455.67
13147,2024-05-13,Rotterdam,VLSFO,610.55
13148,2024-05-13,Rotterdam,LSMGO,757.32
13149,2024-05-13,Rotterdam,IFO380,442.25
13150,2024-05-13,Visakhapatnam,VLSFO,690.25
13151,2024-05-13,Visakhapatnam,LSMGO,964.73
13152,2024-05-13,Visakhapatnam,IFO380,499.51
13153,2024-05-13,Houston,VLSFO,602.45
13154,2024-05-13,Houston,LSMGO,740.38
13155,2024-05-13,Houston,IFO380,433.98
13156,2024-05-14,Singapore,VLSFO,644.13
13157,2024-05-14,Singapore,LSMGO,820.01
13158,2024-05-14,Singapore,IFO380,465.73
13159,2024-05-14,Fujairah,VLSFO,632.65
13160,2024-05-14,Fujairah,LSMGO,839.26
13161,2024-05-14,Fujairah,IFO380,454.07
13162,2024-05-14,Rotterdam,VLSFO,612.98
13163,2024-05-14,Rotterdam,LSMGO,768.64
13164,2024-05-14,Rotterdam,IFO380,438.22
13165,2024-05-14,Visakhapatnam,VLSFO,681.61
13166,2024-05-14,Visakhapatnam,LSMGO,938.01
13167,2024-05-14,Visakhapatnam,IFO380,490.49
13168,2024-05-14,Houston,VLSFO,606.13
13169,2024-05-14,Houston,LSMGO,738.48
13170,2024-05-14,Houston,IFO380,443.23
13171,2024-05-15,Singapore,VLSFO,650.77
13172,2024-05-15,Singapore,LSMGO,824.5
13173,2024-05-15,Singapore,IFO380,463.76
13174,2024-05-15,Fujairah,VLSFO,630.72
13175,2024-05-15,Fujairah,LSMGO,828.37
13176,2024-05-15,Fujairah,IFO380,455.44
13177,2024-05-15,Rotterdam,VLSFO,618.13
13178,2024-05-15,Rotterdam,LSMGO,783.03
13179,2024-05-15,Rotterdam,IFO380,441.8
13180,2024-05-15,Visakhapatnam,VLSFO,687.47
13181,2024-05-15,Visakhapatnam,LSMGO,955.22
13182,2024-05-15,Visakhapatnam,IFO380,496.52
13183,2024-05-15,Houston,VLSFO,606.07
13184,2024-05-15,Houston,LSMGO,742.16
13185,2024-05-15,Houston,IFO380,431.02
13186,2024-05-16,Singapore,VLSFO,643.03
13187,2024-05-16,Singapore,LSMGO,821.31
13188,2024-05-16,Singapore,IFO380,464.86
13189,2024-05-16,Fujairah,VLSFO,627.11
13190,2024-05-16,Fujairah,LSMGO,809.33
13191,2024-05-16,Fujairah,IFO380,455.5
13192,2024-05-16,Rotterdam,VLSFO,620.23
13193,2024-05-16,Rotterdam,LSMGO,782.42
13194,2024-05-16,Rotterdam,IFO380,445.69
13195,2024-05-16,Visakhapatnam,VLSFO,684.15
13196,2024-05-16,Visakhapatnam,LSMGO,955.59
13197,2024-05-16,Visakhapatnam,IFO380,493.88
13198,2024-05-16,Houston,VLSFO,596.67
13199,2024-05-16,Houston,LSMGO,733.43
13200,2024-05-16,Houston,IFO380,433.96
13201,2024-05-17,Singapore,VLSFO,642.3
13202,2024-05-17,Singapore,LSMGO,823.62
13203,2024-05-17,Singapore,IFO380,456.87
13204,2024-05-17,Fujairah,VLSFO,629.05
13205,2024-05-17,Fujairah,LSMGO,820.32
13206,2024-05-17,Fujairah,IFO380,460.05
13207,2024-05-17,Rotterdam,VLSFO,614.08
13208,2024-05-17,Rotterdam,LSMGO,772.98
13209,2024-05-17,Rotterdam,IFO380,448.06
13210,2024-05-17,Visakhapatnam,VLSFO,691.03
13211,2024-05-17,Visakhapatnam,LSMGO,937.85
13212,2024-05-17,Visakhapatnam,IFO380,496.3
13213,2024-05-17,Houston,VLSFO,605.18
13214,2024-05-17,Houston,LSMGO,740.41
13215,2024-05-17,Houston,IFO380,433.74
13216,2024-05-20,Singapore,VLSFO,645.81
13217,2024-05-20,Singapore,LSMGO,825.58
13218,2024-05-20,Singapore,IFO380,460.23
13219,2024-05-20,Fujairah,VLSFO,636.65
13220,2024-05-20,Fujairah,LSMGO,835.71
13221,2024-05-20,Fujairah,IFO380,459.65
13222,2024-05-20,Rotterdam,VLSFO,617.05
13223,2024-05-20,Rotterdam,LSMGO,793.75
13224,2024-05-20,Rotterdam,IFO380,448.7
13225,2024-05-20,Visakhapatnam,VLSFO,674.05
13226,2024-05-20,Visakhapatnam,LSMGO,945.78
13227,2024-05-20,Visakhapatnam,IFO380,478.67
13228,2024-05-20,Houston,VLSFO,599.99
13229,2024-05-20,Houston,LSMGO,727.45
13230,2024-05-20,Houston,IFO380,429.67
13231,2024-05-21,Singapore,VLSFO,639.51
13232,2024-05-21,Singapore,LSMGO,817.73
13233,2024-05-21,Singapore,IFO380,464.12
13234,2024-05-21,Fujairah,VLSFO,629.63
13235,2024-05-21,Fujairah,LSMGO,823.88
13236,2024-05-21,Fujairah,IFO380,449.69
13237,2024-05-21,Rotterdam,VLSFO,616.89
13238,2024-05-21,Rotterdam,LSMGO,769.82
13239,2024-05-21,Rotterdam,IFO380,441.05
13240,2024-05-21,Visakhapatnam,VLSFO,685.18
13241,2024-05-21,Visakhapatnam,LSMGO,942.73
13242,2024-05-21,Visakhapatnam,IFO380,492.72
13243,2024-05-21,Houston,VLSFO,601.79
13244,2024-05-21,Houston,LSMGO,737.86
13245,2024-05-21,Houston,IFO380,435.81
13246,2024-05-22,Singapore,VLSFO,641.27
13247,2024-05-22,Singapore,LSMGO,809.94
13248,2024-05-22,Singapore,IFO380,465.88
13249,2024-05-22,Fujairah,VLSFO,632.23
13250,2024-05-22,Fujairah,LSMGO,825.59
13251,2024-05-22,Fujairah,IFO380,452.33
13252,2024-05-22,Rotterdam,VLSFO,617.3
13253,2024-05-22,Rotterdam,LSMGO,776.31
13254,2024-05-22,Rotterdam,IFO380,440.61
13255,2024-05-22,Visakhapatnam,VLSFO,678.24
13256,2024-05-22,Visakhapatnam,LSMGO,942.12
13257,2024-05-22,Visakhapatnam,IFO380,485.15
13258,2024-05-22,Houston,VLSFO,601.95
13259,2024-05-22,Houston,LSMGO,730.86
13260,2024-05-22,Houston,IFO380,429.42
13261,2024-05-23,Singapore,VLSFO,651.28
13262,2024-05-23,Singapore,LSMGO,826.33
13263,2024-05-23,Singapore,IFO380,472.87
13264,2024-05-23,Fujairah,VLSFO,641.38
13265,2024-05-23,Fujairah,LSMGO,833.35
13266,2024-05-23,Fujairah,IFO380,463.08
13267,2024-05-23,Rotterdam,VLSFO,614.71
13268,2024-05-23,Rotterdam,LSMGO,771.57
13269,2024-05-23,Rotterdam,IFO380,438.65
13270,2024-05-23,Visakhapatnam,VLSFO,681.02
13271,2024-05-23,Visakhapatnam,LSMGO,940.67
13272,2024-05-23,Visakhapatnam,IFO380,488.99
13273,2024-05-23,Houston,VLSFO,592.59
13274,2024-05-23,Houston,LSMGO,732.42
13275,2024-05-23,Houston,IFO380,426.8
13276,2024-05-24,Singapore,VLSFO,647.35
13277,2024-05-24,Singapore,LSMGO,818.65
13278,2024-05-24,Singapore,IFO380,473.0
13279,2024-05-24,Fujairah,VLSFO,624.38
13280,2024-05-24,Fujairah,LSMGO,819.38
13281,2024-05-24,Fujairah,IFO380,449.11
13282,2024-05-24,Rotterdam,VLSFO,609.5
13283,2024-05-24,Rotterdam,LSMGO,767.71
13284,2024-05-24,Rotterdam,IFO380,437.63
13285,2024-05-24,Visakhapatnam,VLSFO,683.34
13286,2024-05-24,Visakhapatnam,LSMGO,942.46
13287,2024-05-24,Visakhapatnam,IFO380,487.61
13288,2024-05-24,Houston,VLSFO,603.43
13289,2024-05-24,Houston,LSMGO,740.14
13290,2024-05-24,Houston,IFO380,438.55
13291,2024-05-27,Singapore,VLSFO,644.82
13292,2024-05-27,Singapore,LSMGO,819.27
13293,2024-05-27,Singapore,IFO380,460.45
13294,2024-05-27,Fujairah,VLSFO,623.13
13295,2024-05-27,Fujairah,LSMGO,815.58
13296,2024-05-27,Fujairah,IFO380,454.57
13297,2024-05-27,Rotterdam,VLSFO,609.42
13298,2024-05-27,Rotterdam,LSMGO,772.05
13299,2024-05-27,Rotterdam,IFO380,433.27
13300,2024-05-27,Visakhapatnam,VLSFO,684.63
13301,2024-05-27,Visakhapatnam,LSMGO,940.19
13302,2024-05-27,Visakhapatnam,IFO380,488.44
13303,2024-05-27,Houston,VLSFO,594.13
13304,2024-05-27,Houston,LSMGO,735.82
13305,2024-05-27,Houston,IFO380,429.18
13306,2024-05-28,Singapore,VLSFO,637.24
13307,2024-05-28,Singapore,LSMGO,820.28
13308,2024-05-28,Singapore,IFO380,454.32
13309,2024-05-28,Fujairah,VLSFO,624.16
13310,2024-05-28,Fujairah,LSMGO,817.32
13311,2024-05-28,Fujairah,IFO380,448.47
13312,2024-05-28,Rotterdam,VLSFO,609.74
13313,2024-05-28,Rotterdam,LSMGO,766.03
13314,2024-05-28,Rotterdam,IFO380,439.16
13315,2024-05-28,Visakhapatnam,VLSFO,682.8
13316,2024-05-28,Visakhapatnam,LSMGO,933.91
13317,2024-05-28,Visakhapatnam,IFO380,504.2
13318,2024-05-28,Houston,VLSFO,592.27
13319,2024-05-28,Houston,LSMGO,742.46
13320,2024-05-28,Houston,IFO380,427.01
13321,2024-05-29,Singapore,VLSFO,651.51
13322,2024-05-29,Singapore,LSMGO,829.58
13323,2024-05-29,Singapore,IFO380,474.06
13324,2024-05-29,Fujairah,VLSFO,629.18
13325,2024-05-29,Fujairah,LSMGO,833.14
13326,2024-05-29,Fujairah,IFO380,459.4
13327,2024-05-29,Rotterdam,VLSFO,605.05
13328,2024-05-29,Rotterdam,LSMGO,749.02
13329,2024-05-29,Rotterdam,IFO380,438.28
13330,2024-05-29,Visakhapatnam,VLSFO,681.73
13331,2024-05-29,Visakhapatnam,LSMGO,940.43
13332,2024-05-29,Visakhapatnam,IFO380,489.9
13333,2024-05-29,Houston,VLSFO,593.48
13334,2024-05-29,Houston,LSMGO,735.67
13335,2024-05-29,Houston,IFO380,423.56
13336,2024-05-30,Singapore,VLSFO,642.39
13337,2024-05-30,Singapore,LSMGO,822.14
13338,2024-05-30,Singapore,IFO380,457.4
13339,2024-05-30,Fujairah,VLSFO,628.36
13340,2024-05-30,Fujairah,LSMGO,823.34
13341,2024-05-30,Fujairah,IFO380,453.33
13342,2024-05-30,Rotterdam,VLSFO,611.11
13343,2024-05-30,Rotterdam,LSMGO,759.99
13344,2024-05-30,Rotterdam,IFO380,441.28
13345,2024-05-30,Visakhapatnam,VLSFO,687.65
13346,2024-05-30,Visakhapatnam,LSMGO,946.96
13347,2024-05-30,Visakhapatnam,IFO380,498.6
13348,2024-05-30,Houston,VLSFO,597.63
13349,2024-05-30,Houston,LSMGO,731.77
13350,2024-05-30,Houston,IFO380,429.47
13351,2024-05-31,Singapore,VLSFO,645.11
13352,2024-05-31,Singapore,LSMGO,834.0
13353,2024-05-31,Singapore,IFO380,465.63
13354,2024-05-31,Fujairah,VLSFO,632.62
13355,2024-05-31,Fujairah,LSMGO,836.67
13356,2024-05-31,Fujairah,IFO380,452.56
13357,2024-05-31,Rotterdam,VLSFO,614.76
13358,2024-05-31,Rotterdam,LSMGO,768.41
13359,2024-05-31,Rotterdam,IFO380,434.3
13360,2024-05-31,Visakhapatnam,VLSFO,676.65
13361,2024-05-31,Visakhapatnam,LSMGO,922.73
13362,2024-05-31,Visakhapatnam,IFO380,488.23
13363,2024-05-31,Houston,VLSFO,602.28
13364,2024-05-31,Houston,LSMGO,761.52
13365,2024-05-31,Houston,IFO380,435.8
13366,2024-06-03,Singapore,VLSFO,642.39
13367,2024-06-03,Singapore,LSMGO,810.07
13368,2024-06-03,Singapore,IFO380,464.26
13369,2024-06-03,Fujairah,VLSFO,623.68
13370,2024-06-03,Fujairah,LSMGO,826.1
13371,2024-06-03,Fujairah,IFO380,453.92
13372,2024-06-03,Rotterdam,VLSFO,608.6
13373,2024-06-03,Rotterdam,LSMGO,757.81
13374,2024-06-03,Rotterdam,IFO380,438.53
13375,2024-06-03,Visakhapatnam,VLSFO,670.3
13376,2024-06-03,Visakhapatnam,LSMGO,927.81
13377,2024-06-03,Visakhapatnam,IFO380,481.53
13378,2024-06-03,Houston,VLSFO,583.04
13379,2024-06-03,Houston,LSMGO,720.13
13380,2024-06-03,Houston,IFO380,420.53
13381,2024-06-04,Singapore,VLSFO,639.71
13382,2024-06-04,Singapore,LSMGO,815.22
13383,2024-06-04,Singapore,IFO380,464.11
13384,2024-06-04,Fujairah,VLSFO,618.46
13385,2024-06-04,Fujairah,LSMGO,803.38
13386,2024-06-04,Fujairah,IFO380,442.24
13387,2024-06-04,Rotterdam,VLSFO,615.94
13388,2024-06-04,Rotterdam,LSMGO,753.08
13389,2024-06-04,Rotterdam,IFO380,447.27
13390,2024-06-04,Visakhapatnam,VLSFO,672.97
13391,2024-06-04,Visakhapatnam,LSMGO,926.7
13392,2024-06-04,Visakhapatnam,IFO380,480.5
13393,2024-06-04,Houston,VLSFO,591.12
13394,2024-06-04,Houston,LSMGO,719.5
13395,2024-06-04,Houston,IFO380,425.27
13396,2024-06-05,Singapore,VLSFO,626.8
13397,2024-06-05,Singapore,LSMGO,791.46
13398,2024-06-05,Singapore,IFO380,457.01
13399,2024-06-05,Fujairah,VLSFO,623.04
13400,2024-06-05,Fujairah,LSMGO,824.59
13401,2024-06-05,Fujairah,IFO380,448.79
13402,2024-06-05,Rotterdam,VLSFO,605.98
13403,2024-06-05,Rotterdam,LSMGO,764.41
13404,2024-06-05,Rotterdam,IFO380,439.46
13405,2024-06-05,Visakhapatnam,VLSFO,668.46
13406,2024-06-05,Visakhapatnam,LSMGO,930.34
13407,2024-06-05,Visakhapatnam,IFO380,488.44
13408,2024-06-05,Houston,VLSFO,591.53
13409,2024-06-05,Houston,LSMGO,721.31
13410,2024-06-05,Houston,IFO380,421.27
13411,2024-06-06,Singapore,VLSFO,640.14
13412,2024-06-06,Singapore,LSMGO,826.44
13413,2024-06-06,Singapore,IFO380,465.34
13414,2024-06-06,Fujairah,VLSFO,626.49
13415,2024-06-06,Fujairah,LSMGO,825.03
13416,2024-06-06,Fujairah,IFO380,447.51
13417,2024-06-06,Rotterdam,VLSFO,600.83
13418,2024-06-06,Rotterdam,LSMGO,759.76
13419,2024-06-06,Rotterdam,IFO380,438.03
13420,2024-06-06,Visakhapatnam,VLSFO,672.31
13421,2024-06-06,Visakhapatnam,LSMGO,923.74
13422,2024-06-06,Visakhapatnam,IFO380,480.31
13423,2024-06-06,Houston,VLSFO,592.53
13424,2024-06-06,Houston,LSMGO,725.06
13425,2024-06-06,Houston,IFO380,429.08
13426,2024-06-07,Singapore,VLSFO,631.47
13427,2024-06-07,Singapore,LSMGO,813.95
13428,2024-06-07,Singapore,IFO380,456.9
13429,2024-06-07,Fujairah,VLSFO,620.02
13430,2024-06-07,Fujairah,LSMGO,799.13
13431,2024-06-07,Fujairah,IFO380,454.87
13432,2024-06-07,Rotterdam,VLSFO,609.3
13433,2024-06-07,Rotterdam,LSMGO,767.05
13434,2024-06-07,Rotterdam,IFO380,440.95
13435,2024-06-07,Visakhapatnam,VLSFO,665.41
13436,2024-06-07,Visakhapatnam,LSMGO,911.72
13437,2024-06-07,Visakhapatnam,IFO380,486.24
13438,2024-06-07,Houston,VLSFO,600.76
13439,2024-06-07,Houston,LSMGO,734.32
13440,2024-06-07,Houston,IFO380,428.62
13441,2024-06-10,Singapore,VLSFO,641.75
13442,2024-06-10,Singapore,LSMGO,817.29
13443,2024-06-10,Singapore,IFO380,460.25
13444,2024-06-10,Fujairah,VLSFO,622.57
13445,2024-06-10,Fujairah,LSMGO,821.42
13446,2024-06-10,Fujairah,IFO380,444.89
13447,2024-06-10,Rotterdam,VLSFO,598.83
13448,2024-06-10,Rotterdam,LSMGO,755.44
13449,2024-06-10,Rotterdam,IFO380,431.29
13450,2024-06-10,Visakhapatnam,VLSFO,674.51
13451,2024-06-10,Visakhapatnam,LSMGO,932.88
13452,2024-06-10,Visakhapatnam,IFO380,485.68
13453,2024-06-10,Houston,VLSFO,597.32
13454,2024-06-10,Houston,LSMGO,734.69
13455,2024-06-10,Houston,IFO380,429.8
13456,2024-06-11,Singapore,VLSFO,638.71
13457,2024-06-11,Singapore,LSMGO,814.06
13458,2024-06-11,Singapore,IFO380,466.8
13459,2024-06-11,Fujairah,VLSFO,636.21
13460,2024-06-11,Fujairah,LSMGO,838.74
13461,2024-06-11,Fujairah,IFO380,460.71
13462,2024-06-11,Rotterdam,VLSFO,605.88
13463,2024-06-11,Rotterdam,LSMGO,754.79
13464,2024-06-11,Rotterdam,IFO380,433.88
13465,2024-06-11,Visakhapatnam,VLSFO,674.97
13466,2024-06-11,Visakhapatnam,LSMGO,936.65
13467,2024-06-11,Visakhapatnam,IFO380,484.24
13468,2024-06-11,Houston,VLSFO,590.81
13469,2024-06-11,Houston,LSMGO,722.04
13470,2024-06-11,Houston,IFO380,420.26
13471,2024-06-12,Singapore,VLSFO,638.57
13472,2024-06-12,Singapore,LSMGO,814.28
13473,2024-06-12,Singapore,IFO380,465.3
13474,2024-06-12,Fujairah,VLSFO,630.47
13475,2024-06-12,Fujairah,LSMGO,824.39
13476,2024-06-12,Fujairah,IFO380,455.71
13477,2024-06-12,Rotterdam,VLSFO,603.7
13478,2024-06-12,Rotterdam,LSMGO,768.05
13479,2024-06-12,Rotterdam,IFO380,435.45
13480,2024-06-12,Visakhapatnam,VLSFO,678.12
13481,2024-06-12,Visakhapatnam,LSMGO,926.59
13482,2024-06-12,Visakhapatnam,IFO380,488.23
13483,2024-06-12,Houston,VLSFO,586.92
13484,2024-06-12,Houston,LSMGO,719.9
13485,2024-06-12,Houston,IFO380,424.97
13486,2024-06-13,Singapore,VLSFO,624.35
13487,2024-06-13,Singapore,LSMGO,785.56
13488,2024-06-13,Singapore,IFO380,443.45
13489,2024-06-13,Fujairah,VLSFO,621.84
13490,2024-06-13,Fujairah,LSMGO,808.9
13491,2024-06-13,Fujairah,IFO380,450.25
13492,2024-06-13,Rotterdam,VLSFO,608.51
13493,2024-06-13,Rotterdam,LSMGO,760.37
13494,2024-06-13,Rotterdam,IFO380,441.65
13495,2024-06-13,Visakhapatnam,VLSFO,668.01
13496,2024-06-13,Visakhapatnam,LSMGO,918.74
13497,2024-06-13,Visakhapatnam,IFO380,483.24
13498,2024-06-13,Houston,VLSFO,593.32
13499,2024-06-13,Houston,LSMGO,711.38
13500,2024-06-13,Houston,IFO380,429.1
13501,2024-06-14,Singapore,VLSFO,628.09
13502,2024-06-14,Singapore,LSMGO,813.41
13503,2024-06-14,Singapore,IFO380,457.62
13504,2024-06-14,Fujairah,VLSFO,630.85
13505,2024-06-14,Fujairah,LSMGO,819.45
13506,2024-06-14,Fujairah,IFO380,448.65
13507,2024-06-14,Rotterdam,VLSFO,593.77
13508,2024-06-14,Rotterdam,LSMGO,747.54
13509,2024-06-14,Rotterdam,IFO380,424.3
13510,2024-06-14,Visakhapatnam,VLSFO,668.82
13511,2024-06-14,Visakhapatnam,LSMGO,932.32
13512,2024-06-14,Visakhapatnam,IFO380,485.43
13513,2024-06-14,Houston,VLSFO,594.26
13514,2024-06-14,Houston,LSMGO,739.43
13515,2024-06-14,Houston,IFO380,429.0
13516,2024-06-17,Singapore,VLSFO,617.44
13517,2024-06-17,Singapore,LSMGO,799.84
13518,2024-06-17,Singapore,IFO380,438.17
13519,2024-06-17,Fujairah,VLSFO,622.1
13520,2024-06-17,Fujairah,LSMGO,819.12
13521,2024-06-17,Fujairah,IFO380,444.42
13522,2024-06-17,Rotterdam,VLSFO,604.56
13523,2024-06-17,Rotterdam,LSMGO,750.62
13524,2024-06-17,Rotterdam,IFO380,433.54
13525,2024-06-17,Visakhapatnam,VLSFO,666.78
13526,2024-06-17,Visakhapatnam,LSMGO,914.18
13527,2024-06-17,Visakhapatnam,IFO380,483.54
13528,2024-06-17,Houston,VLSFO,587.03
13529,2024-06-17,Houston,LSMGO,714.9
13530,2024-06-17,Houston,IFO380,421.81
13531,2024-06-18,Singapore,VLSFO,635.05
13532,2024-06-18,Singapore,LSMGO,807.46
13533,2024-06-18,Singapore,IFO380,450.23
13534,2024-06-18,Fujairah,VLSFO,614.22
13535,2024-06-18,Fujairah,LSMGO,803.94
13536,2024-06-18,Fujairah,IFO380,438.92
13537,2024-06-18,Rotterdam,VLSFO,604.17
13538,2024-06-18,Rotterdam,LSMGO,749.51
13539,2024-06-18,Rotterdam,IFO380,433.82
13540,2024-06-18,Visakhapatnam,VLSFO,672.2
13541,2024-06-18,Visakhapatnam,LSMGO,930.19
13542,2024-06-18,Visakhapatnam,IFO380,485.56
13543,2024-06-18,Houston,VLSFO,575.77
13544,2024-06-18,Houston,LSMGO,710.65
13545,2024-06-18,Houston,IFO380,421.51
13546,2024-06-19,Singapore,VLSFO,635.17
13547,2024-06-19,Singapore,LSMGO,816.56
13548,2024-06-19,Singapore,IFO380,456.2
13549,2024-06-19,Fujairah,VLSFO,619.34
13550,2024-06-19,Fujairah,LSMGO,824.42
13551,2024-06-19,Fujairah,IFO380,444.72
13552,2024-06-19,Rotterdam,VLSFO,597.73
13553,2024-06-19,Rotterdam,LSMGO,757.45
13554,2024-06-19,Rotterdam,IFO380,425.26
13555,2024-06-19,Visakhapatnam,VLSFO,663.63
13556,2024-06-19,Visakhapatnam,LSMGO,926.68
13557,2024-06-19,Visakhapatnam,IFO380,478.64
13558,2024-06-19,Houston,VLSFO,589.09
13559,2024-06-19,Houston,LSMGO,718.46
13560,2024-06-19,Houston,IFO380,425.12
13561,2024-06-20,Singapore,VLSFO,627.42
13562,2024-06-20,Singapore,LSMGO,794.3
13563,2024-06-20,Singapore,IFO380,455.97
13564,2024-06-20,Fujairah,VLSFO,620.35
13565,2024-06-20,Fujairah,LSMGO,807.15
13566,2024-06-20,Fujairah,IFO380,444.87
13567,2024-06-20,Rotterdam,VLSFO,602.88
13568,2024-06-20,Rotterdam,LSMGO,754.08
13569,2024-06-20,Rotterdam,IFO380,427.29
13570,2024-06-20,Visakhapatnam,VLSFO,663.18
13571,2024-06-20,Visakhapatnam,LSMGO,919.24
13572,2024-06-20,Visakhapatnam,IFO380,482.39
13573,2024-06-20,Houston,VLSFO,586.11
13574,2024-06-20,Houston,LSMGO,723.32
13575,2024-06-20,Houston,IFO380,418.21
13576,2024-06-21,Singapore,VLSFO,625.92
13577,2024-06-21,Singapore,LSMGO,800.01
13578,2024-06-21,Singapore,IFO380,445.23
13579,2024-06-21,Fujairah,VLSFO,620.37
13580,2024-06-21,Fujairah,LSMGO,809.71
13581,2024-06-21,Fujairah,IFO380,445.89
13582,2024-06-21,Rotterdam,VLSFO,605.03
13583,2024-06-21,Rotterdam,LSMGO,761.59
13584,2024-06-21,Rotterdam,IFO380,434.47
13585,2024-06-21,Visakhapatnam,VLSFO,667.94
13586,2024-06-21,Visakhapatnam,LSMGO,914.03
13587,2024-06-21,Visakhapatnam,IFO380,486.97
13588,2024-06-21,Houston,VLSFO,592.19
13589,2024-06-21,Houston,LSMGO,743.14
13590,2024-06-21,Houston,IFO380,428.83
13591,2024-06-24,Singapore,VLSFO,633.73
13592,2024-06-24,Singapore,LSMGO,810.42
13593,2024-06-24,Singapore,IFO380,460.33
13594,2024-06-24,Fujairah,VLSFO,612.35
13595,2024-06-24,Fujairah,LSMGO,809.5
13596,2024-06-24,Fujairah,IFO380,444.13
13597,2024-06-24,Rotterdam,VLSFO,587.91
13598,2024-06-24,Rotterdam,LSMGO,744.81
13599,2024-06-24,Rotterdam,IFO380,420.63
13600,2024-06-24,Visakhapatnam,VLSFO,651.37
13601,2024-06-24,Visakhapatnam,LSMGO,892.07
13602,2024-06-24,Visakhapatnam,IFO380,463.53
13603,2024-06-24,Houston,VLSFO,579.45
13604,2024-06-24,Houston,LSMGO,707.83
13605,2024-06-24,Houston,IFO380,426.49
13606,2024-06-25,Singapore,VLSFO,621.74
13607,2024-06-25,Singapore,LSMGO,775.53
13608,2024-06-25,Singapore,IFO380,441.87
13609,2024-06-25,Fujairah,VLSFO,611.52
13610,2024-06-25,Fujairah,LSMGO,796.69
13611,2024-06-25,Fujairah,IFO380,442.54
13612,2024-06-25,Rotterdam,VLSFO,592.79
13613,2024-06-25,Rotterdam,LSMGO,737.59
13614,2024-06-25,Rotterdam,IFO380,429.95
13615,2024-06-25,Visakhapatnam,VLSFO,663.56
13616,2024-06-25,Visakhapatnam,LSMGO,919.85
13617,2024-06-25,Visakhapatnam,IFO380,477.93
13618,2024-06-25,Houston,VLSFO,578.2
13619,2024-06-25,Houston,LSMGO,709.95
13620,2024-06-25,Houston,IFO380,407.89
13621,2024-06-26,Singapore,VLSFO,630.27
13622,2024-06-26,Singapore,LSMGO,810.19
13623,2024-06-26,Singapore,IFO380,449.42
13624,2024-06-26,Fujairah,VLSFO,615.87
13625,2024-06-26,Fujairah,LSMGO,790.58
13626,2024-06-26,Fujairah,IFO380,446.33
13627,2024-06-26,Rotterdam,VLSFO,590.01
13628,2024-06-26,Rotterdam,LSMGO,738.62
13629,2024-06-26,Rotterdam,IFO380,419.95
13630,2024-06-26,Visakhapatnam,VLSFO,660.55
13631,2024-06-26,Visakhapatnam,LSMGO,914.52
13632,2024-06-26,Visakhapatnam,IFO380,477.51
13633,2024-06-26,Houston,VLSFO,586.58
13634,2024-06-26,Houston,LSMGO,722.02
13635,2024-06-26,Houston,IFO380,424.57
13636,2024-06-27,Singapore,VLSFO,622.85
13637,2024-06-27,Singapore,LSMGO,778.69
13638,2024-06-27,Singapore,IFO380,442.2
13639,2024-06-27,Fujairah,VLSFO,615.29
13640,2024-06-27,Fujairah,LSMGO,796.3
13641,2024-06-27,Fujairah,IFO380,435.61
13642,2024-06-27,Rotterdam,VLSFO,592.75
13643,2024-06-27,Rotterdam,LSMGO,743.66
13644,2024-06-27,Rotterdam,IFO380,419.58
13645,2024-06-27,Visakhapatnam,VLSFO,658.78
13646,2024-06-27,Visakhapatnam,LSMGO,900.83
13647,2024-06-27,Visakhapatnam,IFO380,479.62
13648,2024-06-27,Houston,VLSFO,581.91
13649,2024-06-27,Houston,LSMGO,724.31
13650,2024-06-27,Houston,IFO380,418.89
13651,2024-06-28,Singapore,VLSFO,626.41
13652,2024-06-28,Singapore,LSMGO,794.41
13653,2024-06-28,Singapore,IFO380,442.32
13654,2024-06-28,Fujairah,VLSFO,609.5
13655,2024-06-28,Fujairah,LSMGO,794.34
13656,2024-06-28,Fujairah,IFO380,442.75
13657,2024-06-28,Rotterdam,VLSFO,594.26
13658,2024-06-28,Rotterdam,LSMGO,741.45
13659,2024-06-28,Rotterdam,IFO380,426.43
13660,2024-06-28,Visakhapatnam,VLSFO,666.58
13661,2024-06-28,Visakhapatnam,LSMGO,931.95
13662,2024-06-28,Visakhapatnam,IFO380,477.96
13663,2024-06-28,Houston,VLSFO,583.62
13664,2024-06-28,Houston,LSMGO,717.39
13665,2024-06-28,Houston,IFO380,424.7
13666,2024-07-01,Singapore,VLSFO,628.21
13667,2024-07-01,Singapore,LSMGO,800.2
13668,2024-07-01,Singapore,IFO380,448.12
13669,2024-07-01,Fujairah,VLSFO,609.04
13670,2024-07-01,Fujairah,LSMGO,801.18
13671,2024-07-01,Fujairah,IFO380,441.37
13672,2024-07-01,Rotterdam,VLSFO,587.57
13673,2024-07-01,Rotterdam,LSMGO,741.91
13674,2024-07-01,Rotterdam,IFO380,411.87
13675,2024-07-01,Visakhapatnam,VLSFO,663.1
13676,2024-07-01,Visakhapatnam,LSMGO,918.99
13677,2024-07-01,Visakhapatnam,IFO380,476.31
13678,2024-07-01,Houston,VLSFO,577.08
13679,2024-07-01,Houston,LSMGO,704.19
13680,2024-07-01,Houston,IFO380,412.92
13681,2024-07-02,Singapore,VLSFO,624.03
13682,2024-07-02,Singapore,LSMGO,810.0
13683,2024-07-02,Singapore,IFO380,447.55
13684,2024-07-02,Fujairah,VLSFO,608.28
13685,2024-07-02,Fujairah,LSMGO,792.33
13686,2024-07-02,Fujairah,IFO380,438.95
13687,2024-07-02,Rotterdam,VLSFO,597.89
13688,2024-07-02,Rotterdam,LSMGO,745.81
13689,2024-07-02,Rotterdam,IFO380,435.7
13690,2024-07-02,Visakhapatnam,VLSFO,664.58
13691,2024-07-02,Visakhapatnam,LSMGO,933.94
13692,2024-07-02,Visakhapatnam,IFO380,478.32
13693,2024-07-02,Houston,VLSFO,572.25
13694,2024-07-02,Houston,LSMGO,707.07
13695,2024-07-02,Houston,IFO380,410.43
13696,2024-07-03,Singapore,VLSFO,622.11
13697,2024-07-03,Singapore,LSMGO,789.13
13698,2024-07-03,Singapore,IFO380,455.01
13699,2024-07-03,Fujairah,VLSFO,616.71
13700,2024-07-03,Fujairah,LSMGO,806.23
13701,2024-07-03,Fujairah,IFO380,443.38
13702,2024-07-03,Rotterdam,VLSFO,593.47
13703,2024-07-03,Rotterdam,LSMGO,755.83
13704,2024-07-03,Rotterdam,IFO380,428.78
13705,2024-07-03,Visakhapatnam,VLSFO,668.79
13706,2024-07-03,Visakhapatnam,LSMGO,925.36
13707,2024-07-03,Visakhapatnam,IFO380,489.18
13708,2024-07-03,Houston,VLSFO,580.75
13709,2024-07-03,Houston,LSMGO,705.21
13710,2024-07-03,Houston,IFO380,420.53
13711,2024-07-04,Singapore,VLSFO,621.96
13712,2024-07-04,Singapore,LSMGO,780.27
13713,2024-07-04,Singapore,IFO380,454.83
13714,2024-07-04,Fujairah,VLSFO,606.99
13715,2024-07-04,Fujairah,LSMGO,788.15
13716,2024-07-04,Fujairah,IFO380,430.36
13717,2024-07-04,Rotterdam,VLSFO,582.04
13718,2024-07-04,Rotterdam,LSMGO,739.83
13719,2024-07-04,Rotterdam,IFO380,414.31
13720,2024-07-04,Visakhapatnam,VLSFO,655.96
13721,2024-07-04,Visakhapatnam,LSMGO,898.12
13722,2024-07-04,Visakhapatnam,IFO380,475.53
13723,2024-07-04,Houston,VLSFO,575.97
13724,2024-07-04,Houston,LSMGO,707.86
13725,2024-07-04,Houston,IFO380,410.18
13726,2024-07-05,Singapore,VLSFO,628.15
13727,2024-07-05,Singapore,LSMGO,802.99
13728,2024-07-05,Singapore,IFO380,455.6
13729,2024-07-05,Fujairah,VLSFO,612.29
13730,2024-07-05,Fujairah,LSMGO,788.55
13731,2024-07-05,Fujairah,IFO380,451.67
13732,2024-07-05,Rotterdam,VLSFO,587.03
13733,2024-07-05,Rotterdam,LSMGO,745.94
13734,2024-07-05,Rotterdam,IFO380,414.95
13735,2024-07-05,Visakhapatnam,VLSFO,658.01
13736,2024-07-05,Visakhapatnam,LSMGO,907.13
13737,2024-07-05,Visakhapatnam,IFO380,476.6
13738,2024-07-05,Houston,VLSFO,588.18
13739,2024-07-05,Houston,LSMGO,731.35
13740,2024-07-05,Houston,IFO380,422.26
13741,2024-07-08,Singapore,VLSFO,614.66
13742,2024-07-08,Singapore,LSMGO,781.19
13743,2024-07-08,Singapore,IFO380,441.73
13744,2024-07-08,Fujairah,VLSFO,607.36
13745,2024-07-08,Fujairah,LSMGO,789.74
13746,2024-07-08,Fujairah,IFO380,437.28
13747,2024-07-08,Rotterdam,VLSFO,587.35
13748,2024-07-08,Rotterdam,LSMGO,731.13
13749,2024-07-08,Rotterdam,IFO380,423.82
13750,2024-07-08,Visakhapatnam,VLSFO,654.98
13751,2024-07-08,Visakhapatnam,LSMGO,897.58
13752,2024-07-08,Visakhapatnam,IFO380,465.92
13753,2024-07-08,Houston,VLSFO,573.7
13754,2024-07-08,Houston,LSMGO,709.46
13755,2024-07-08,Houston,IFO380,414.73
13756,2024-07-09,Singapore,VLSFO,616.72
13757,2024-07-09,Singapore,LSMGO,792.67
13758,2024-07-09,Singapore,IFO380,444.58
13759,2024-07-09,Fujairah,VLSFO,604.56
13760,2024-07-09,Fujairah,LSMGO,793.0
13761,2024-07-09,Fujairah,IFO380,436.77
13762,2024-07-09,Rotterdam,VLSFO,591.28
13763,2024-07-09,Rotterdam,LSMGO,746.09
13764,2024-07-09,Rotterdam,IFO380,428.17
13765,2024-07-09,Visakhapatnam,VLSFO,656.81
13766,2024-07-09,Visakhapatnam,LSMGO,903.18
13767,2024-07-09,Visakhapatnam,IFO380,470.03
13768,2024-07-09,Houston,VLSFO,571.25
13769,2024-07-09,Houston,LSMGO,707.66
13770,2024-07-09,Houston,IFO380,416.13
13771,2024-07-10,Singapore,VLSFO,629.46
13772,2024-07-10,Singapore,LSMGO,803.06
13773,2024-07-10,Singapore,IFO380,460.99
13774,2024-07-10,Fujairah,VLSFO,599.01
13775,2024-07-10,Fujairah,LSMGO,780.81
13776,2024-07-10,Fujairah,IFO380,426.25
13777,2024-07-10,Rotterdam,VLSFO,583.82
13778,2024-07-10,Rotterdam,LSMGO,730.6
13779,2024-07-10,Rotterdam,IFO380,424.02
13780,2024-07-10,Visakhapatnam,VLSFO,653.22
13781,2024-07-10,Visakhapatnam,LSMGO,905.57
13782,2024-07-10,Visakhapatnam,IFO380,464.31
13783,2024-07-10,Houston,VLSFO,574.33
13784,2024-07-10,Houston,LSMGO,699.15
13785,2024-07-10,Houston,IFO380,417.79
13786,2024-07-11,Singapore,VLSFO,623.8
13787,2024-07-11,Singapore,LSMGO,793.39
13788,2024-07-11,Singapore,IFO380,453.97
13789,2024-07-11,Fujairah,VLSFO,607.57
13790,2024-07-11,Fujairah,LSMGO,800.29
13791,2024-07-11,Fujairah,IFO380,435.73
13792,2024-07-11,Rotterdam,VLSFO,585.64
13793,2024-07-11,Rotterdam,LSMGO,722.04
13794,2024-07-11,Rotterdam,IFO380,417.81
13795,2024-07-11,Visakhapatnam,VLSFO,654.05
13796,2024-07-11,Visakhapatnam,LSMGO,911.93
13797,2024-07-11,Visakhapatnam,IFO380,472.41
13798,2024-07-11,Houston,VLSFO,573.28
13799,2024-07-11,Houston,LSMGO,710.95
13800,2024-07-11,Houston,IFO380,414.87
13801,2024-07-12,Singapore,VLSFO,613.28
13802,2024-07-12,Singapore,LSMGO,780.61
13803,2024-07-12,Singapore,IFO380,441.93
13804,2024-07-12,Fujairah,VLSFO,599.96
13805,2024-07-12,Fujairah,LSMGO,801.87
13806,2024-07-12,Fujairah,IFO380,433.93
13807,2024-07-12,Rotterdam,VLSFO,587.75
13808,2024-07-12,Rotterdam,LSMGO,733.89
13809,2024-07-12,Rotterdam,IFO380,429.81
13810,2024-07-12,Visakhapatnam,VLSFO,647.0
13811,2024-07-12,Visakhapatnam,LSMGO,894.9
13812,2024-07-12,Visakhapatnam,IFO380,459.56
13813,2024-07-12,Houston,VLSFO,574.11
13814,2024-07-12,Houston,LSMGO,705.29
13815,2024-07-12,Houston,IFO380,409.5
13816,2024-07-15,Singapore,VLSFO,617.29
13817,2024-07-15,Singapore,LSMGO,793.82
13818,2024-07-15,Singapore,IFO380,446.83
13819,2024-07-15,Fujairah,VLSFO,599.95
13820,2024-07-15,Fujairah,LSMGO,771.33
13821,2024-07-15,Fujairah,IFO380,433.42
13822,2024-07-15,Rotterdam,VLSFO,588.72
13823,2024-07-15,Rotterdam,LSMGO,739.94
13824,2024-07-15,Rotterdam,IFO380,422.88
13825,2024-07-15,Visakhapatnam,VLSFO,654.9
13826,2024-07-15,Visakhapatnam,LSMGO,900.22
13827,2024-07-15,Visakhapatnam,IFO380,475.19
13828,2024-07-15,Houston,VLSFO,578.48
13829,2024-07-15,Houston,LSMGO,704.99
13830,2024-07-15,Houston,IFO380,416.14
13831,2024-07-16,Singapore,VLSFO,611.41
13832,2024-07-16,Singapore,LSMGO,772.86
13833,2024-07-16,Singapore,IFO380,440.94
13834,2024-07-16,Fujairah,VLSFO,589.83
13835,2024-07-16,Fujairah,LSMGO,768.7
13836,2024-07-16,Fujairah,IFO380,425.21
13837,2024-07-16,Rotterdam,VLSFO,589.11
13838,2024-07-16,Rotterdam,LSMGO,747.81
13839,2024-07-16,Rotterdam,IFO380,428.24
13840,2024-07-16,Visakhapatnam,VLSFO,656.33
13841,2024-07-16,Visakhapatnam,LSMGO,919.63
13842,2024-07-16,Visakhapatnam,IFO380,471.78
13843,2024-07-16,Houston,VLSFO,570.81
13844,2024-07-16,Houston,LSMGO,690.34
13845,2024-07-16,Houston,IFO380,408.02
13846,2024-07-17,Singapore,VLSFO,617.98
13847,2024-07-17,Singapore,LSMGO,782.32
13848,2024-07-17,Singapore,IFO380,456.82
13849,2024-07-17,Fujairah,VLSFO,602.29
13850,2024-07-17,Fujairah,LSMGO,787.95
13851,2024-07-17,Fujairah,IFO380,444.77
13852,2024-07-17,Rotterdam,VLSFO,587.29
13853,2024-07-17,Rotterdam,LSMGO,742.33
13854,2024-07-17,Rotterdam,IFO380,424.16
13855,2024-07-17,Visakhapatnam,VLSFO,656.07
13856,2024-07-17,Visakhapatnam,LSMGO,914.22
13857,2024-07-17,Visakhapatnam,IFO380,474.54
13858,2024-07-17,Houston,VLSFO,569.34
13859,2024-07-17,Houston,LSMGO,689.5
13860,2024-07-17,Houston,IFO380,406.26
13861,2024-07-18,Singapore,VLSFO,617.39
13862,2024-07-18,Singapore,LSMGO,787.93
13863,2024-07-18,Singapore,IFO380,445.13
13864,2024-07-18,Fujairah,VLSFO,597.08
13865,2024-07-18,Fujairah,LSMGO,773.83
13866,2024-07-18,Fujairah,IFO380,428.79
13867,2024-07-18,Rotterdam,VLSFO,590.19
13868,2024-07-18,Rotterdam,LSMGO,720.88
13869,2024-07-18,Rotterdam,IFO380,424.88
13870,2024-07-18,Visakhapatnam,VLSFO,651.73
13871,2024-07-18,Visakhapatnam,LSMGO,893.06
13872,2024-07-18,Visakhapatnam,IFO380,472.74
13873,2024-07-18,Houston,VLSFO,565.74
13874,2024-07-18,Houston,LSMGO,703.6
13875,2024-07-18,Houston,IFO380,415.64
13876,2024-07-19,Singapore,VLSFO,617.19
13877,2024-07-19,Singapore,LSMGO,787.16
13878,2024-07-19,Singapore,IFO380,449.66
13879,2024-07-19,Fujairah,VLSFO,603.6
13880,2024-07-19,Fujairah,LSMGO,777.28
13881,2024-07-19,Fujairah,IFO380,441.95
13882,2024-07-19,Rotterdam,VLSFO,570.05
13883,2024-07-19,Rotterdam,LSMGO,709.92
13884,2024-07-19,Rotterdam,IFO380,414.34
13885,2024-07-19,Visakhapatnam,VLSFO,650.23
13886,2024-07-19,Visakhapatnam,LSMGO,887.7
13887,2024-07-19,Visakhapatnam,IFO380,470.4
13888,2024-07-19,Houston,VLSFO,573.71
13889,2024-07-19,Houston,LSMGO,707.88
13890,2024-07-19,Houston,IFO380,408.02
13891,2024-07-22,Singapore,VLSFO,613.18
13892,2024-07-22,Singapore,LSMGO,784.34
13893,2024-07-22,Singapore,IFO380,441.25
13894,2024-07-22,Fujairah,VLSFO,602.49
13895,2024-07-22,Fujairah,LSMGO,787.76
13896,2024-07-22,Fujairah,IFO380,427.34
13897,2024-07-22,Rotterdam,VLSFO,583.62
13898,2024-07-22,Rotterdam,LSMGO,750.75
13899,2024-07-22,Rotterdam,IFO380,421.87
13900,2024-07-22,Visakhapatnam,VLSFO,644.89
13901,2024-07-22,Visakhapatnam,LSMGO,895.33
13902,2024-07-22,Visakhapatnam,IFO380,464.46
13903,2024-07-22,Houston,VLSFO,571.75
13904,2024-07-22,Houston,LSMGO,709.99
13905,2024-07-22,Houston,IFO380,412.96
13906,2024-07-23,Singapore,VLSFO,621.2
13907,2024-07-23,Singapore,LSMGO,785.73
13908,2024-07-23,Singapore,IFO380,448.32
13909,2024-07-23,Fujairah,VLSFO,594.5
13910,2024-07-23,Fujairah,LSMGO,781.97
13911,2024-07-23,Fujairah,IFO380,429.82
13912,2024-07-23,Rotterdam,VLSFO,579.55
13913,2024-07-23,Rotterdam,LSMGO,732.96
13914,2024-07-23,Rotterdam,IFO380,420.26
13915,2024-07-23,Visakhapatnam,VLSFO,647.2
13916,2024-07-23,Visakhapatnam,LSMGO,897.31
13917,2024-07-23,Visakhapatnam,IFO380,460.39
13918,2024-07-23,Houston,VLSFO,576.0
13919,2024-07-23,Houston,LSMGO,704.98
13920,2024-07-23,Houston,IFO380,407.14
13921,2024-07-24,Singapore,VLSFO,606.72
13922,2024-07-24,Singapore,LSMGO,782.41
13923,2024-07-24,Singapore,IFO380,441.51
13924,2024-07-24,Fujairah,VLSFO,604.48
13925,2024-07-24,Fujairah,LSMGO,793.72
13926,2024-07-24,Fujairah,IFO380,432.36
13927,2024-07-24,Rotterdam,VLSFO,588.09
13928,2024-07-24,Rotterdam,LSMGO,725.44
13929,2024-07-24,Rotterdam,IFO380,421.27
13930,2024-07-24,Visakhapatnam,VLSFO,651.64
13931,2024-07-24,Visakhapatnam,LSMGO,907.15
13932,2024-07-24,Visakhapatnam,IFO380,464.73
13933,2024-07-24,Houston,VLSFO,563.77
13934,2024-07-24,Houston,LSMGO,694.88
13935,2024-07-24,Houston,IFO380,408.72
13936,2024-07-25,Singapore,VLSFO,616.0
13937,2024-07-25,Singapore,LSMGO,794.41
13938,2024-07-25,Singapore,IFO380,442.77
13939,2024-07-25,Fujairah,VLSFO,598.12
13940,2024-07-25,Fujairah,LSMGO,772.88
13941,2024-07-25,Fujairah,IFO380,434.8
13942,2024-07-25,Rotterdam,VLSFO,579.23
13943,2024-07-25,Rotterdam,LSMGO,733.06
13944,2024-07-25,Rotterdam,IFO380,414.68
13945,2024-07-25,Visakhapatnam,VLSFO,658.31
13946,2024-07-25,Visakhapatnam,LSMGO,909.97
13947,2024-07-25,Visakhapatnam,IFO380,471.53
13948,2024-07-25,Houston,VLSFO,563.58
13949,2024-07-25,Houston,LSMGO,683.56
13950,2024-07-25,Houston,IFO380,404.85
13951,2024-07-26,Singapore,VLSFO,612.04
13952,2024-07-26,Singapore,LSMGO,778.82
13953,2024-07-26,Singapore,IFO380,439.6
13954,2024-07-26,Fujairah,VLSFO,592.75
13955,2024-07-26,Fujairah,LSMGO,761.88
13956,2024-07-26,Fujairah,IFO380,419.5
13957,2024-07-26,Rotterdam,VLSFO,582.1
13958,2024-07-26,Rotterdam,LSMGO,729.57
13959,2024-07-26,Rotterdam,IFO380,416.05
13960,2024-07-26,Visakhapatnam,VLSFO,637.6
13961,2024-07-26,Visakhapatnam,LSMGO,877.28
13962,2024-07-26,Visakhapatnam,IFO380,455.94
13963,2024-07-26,Houston,VLSFO,571.13
13964,2024-07-26,Houston,LSMGO,708.38
13965,2024-07-26,Houston,IFO380,412.99
13966,2024-07-29,Singapore,VLSFO,602.11
13967,2024-07-29,Singapore,LSMGO,761.26
13968,2024-07-29,Singapore,IFO380,427.56
13969,2024-07-29,Fujairah,VLSFO,592.47
13970,2024-07-29,Fujairah,LSMGO,749.5
13971,2024-07-29,Fujairah,IFO380,427.18
13972,2024-07-29,Rotterdam,VLSFO,577.9
13973,2024-07-29,Rotterdam,LSMGO,724.62
13974,2024-07-29,Rotterdam,IFO380,413.64
13975,2024-07-29,Visakhapatnam,VLSFO,635.89
13976,2024-07-29,Visakhapatnam,LSMGO,879.51
13977,2024-07-29,Visakhapatnam,IFO380,460.91
13978,2024-07-29,Houston,VLSFO,562.93
13979,2024-07-29,Houston,LSMGO,704.2
13980,2024-07-29,Houston,IFO380,406.64
13981,2024-07-30,Singapore,VLSFO,607.8
13982,2024-07-30,Singapore,LSMGO,774.32
13983,2024-07-30,Singapore,IFO380,435.0
13984,2024-07-30,Fujairah,VLSFO,592.66
13985,2024-07-30,Fujairah,LSMGO,782.76
13986,2024-07-30,Fujairah,IFO380,425.73
13987,2024-07-30,Rotterdam,VLSFO,574.53
13988,2024-07-30,Rotterdam,LSMGO,726.83
13989,2024-07-30,Rotterdam,IFO380,416.39
13990,2024-07-30,Visakhapatnam,VLSFO,641.03
13991,2024-07-30,Visakhapatnam,LSMGO,873.89
13992,2024-07-30,Visakhapatnam,IFO380,462.25
13993,2024-07-30,Houston,VLSFO,558.12
13994,2024-07-30,Houston,LSMGO,679.05
13995,2024-07-30,Houston,IFO380,407.13
13996,2024-07-31,Singapore,VLSFO,604.96
13997,2024-07-31,Singapore,LSMGO,777.32
13998,2024-07-31,Singapore,IFO380,440.8
13999,2024-07-31,Fujairah,VLSFO,591.56
14000,2024-07-31,Fujairah,LSMGO,772.92
14001,2024-07-31,Fujairah,IFO380,418.51
14002,2024-07-31,Rotterdam,VLSFO,573.7
14003,2024-07-31,Rotterdam,LSMGO,726.97
14004,2024-07-31,Rotterdam,IFO380,412.19
14005,2024-07-31,Visakhapatnam,VLSFO,644.44
14006,2024-07-31,Visakhapatnam,LSMGO,880.9
14007,2024-07-31,Visakhapatnam,IFO380,465.36
14008,2024-07-31,Houston,VLSFO,563.75
14009,2024-07-31,Houston,LSMGO,682.82
14010,2024-07-31,Houston,IFO380,406.26
14011,2024-08-01,Singapore,VLSFO,613.86
14012,2024-08-01,Singapore,LSMGO,769.4
14013,2024-08-01,Singapore,IFO380,440.35
14014,2024-08-01,Fujairah,VLSFO,598.02
14015,2024-08-01,Fujairah,LSMGO,773.94
14016,2024-08-01,Fujairah,IFO380,427.73
14017,2024-08-01,Rotterdam,VLSFO,579.64
14018,2024-08-01,Rotterdam,LSMGO,721.21
14019,2024-08-01,Rotterdam,IFO380,418.42
14020,2024-08-01,Visakhapatnam,VLSFO,641.59
14021,2024-08-01,Visakhapatnam,LSMGO,883.57
14022,2024-08-01,Visakhapatnam,IFO380,461.01
14023,2024-08-01,Houston,VLSFO,564.93
14024,2024-08-01,Houston,LSMGO,695.25
14025,2024-08-01,Houston,IFO380,405.49
14026,2024-08-02,Singapore,VLSFO,605.51
14027,2024-08-02,Singapore,LSMGO,769.79
14028,2024-08-02,Singapore,IFO380,435.68
14029,2024-08-02,Fujairah,VLSFO,599.82
14030,2024-08-02,Fujairah,LSMGO,772.64
14031,2024-08-02,Fujairah,IFO380,431.58
14032,2024-08-02,Rotterdam,VLSFO,576.99
14033,2024-08-02,Rotterdam,LSMGO,736.06
14034,2024-08-02,Rotterdam,IFO380,413.63
14035,2024-08-02,Visakhapatnam,VLSFO,636.44
14036,2024-08-02,Visakhapatnam,LSMGO,887.27
14037,2024-08-02,Visakhapatnam,IFO380,454.07
14038,2024-08-02,Houston,VLSFO,562.67
14039,2024-08-02,Houston,LSMGO,697.89
14040,2024-08-02,Houston,IFO380,403.3
14041,2024-08-05,Singapore,VLSFO,608.63
14042,2024-08-05,Singapore,LSMGO,776.74
14043,2024-08-05,Singapore,IFO380,431.89
14044,2024-08-05,Fujairah,VLSFO,583.06
14045,2024-08-05,Fujairah,LSMGO,771.15
14046,2024-08-05,Fujairah,IFO380,411.44
14047,2024-08-05,Rotterdam,VLSFO,568.99
14048,2024-08-05,Rotterdam,LSMGO,704.26
14049,2024-08-05,Rotterdam,IFO380,409.25
14050,2024-08-05,Visakhapatnam,VLSFO,636.31
14051,2024-08-05,Visakhapatnam,LSMGO,883.14
14052,2024-08-05,Visakhapatnam,IFO380,459.65
14053,2024-08-05,Houston,VLSFO,561.6
14054,2024-08-05,Houston,LSMGO,686.99
14055,2024-08-05,Houston,IFO380,400.64
14056,2024-08-06,Singapore,VLSFO,603.39
14057,2024-08-06,Singapore,LSMGO,768.35
14058,2024-08-06,Singapore,IFO380,436.6
14059,2024-08-06,Fujairah,VLSFO,586.45
14060,2024-08-06,Fujairah,LSMGO,767.54
14061,2024-08-06,Fujairah,IFO380,415.68
14062,2024-08-06,Rotterdam,VLSFO,572.64
14063,2024-08-06,Rotterdam,LSMGO,729.23
14064,2024-08-06,Rotterdam,IFO380,410.77
14065,2024-08-06,Visakhapatnam,VLSFO,641.32
14066,2024-08-06,Visakhapatnam,LSMGO,887.09
14067,2024-08-06,Visakhapatnam,IFO380,457.64
14068,2024-08-06,Houston,VLSFO,562.79
14069,2024-08-06,Houston,LSMGO,687.5
14070,2024-08-06,Houston,IFO380,409.78
14071,2024-08-07,Singapore,VLSFO,604.45
14072,2024-08-07,Singapore,LSMGO,769.96
14073,2024-08-07,Singapore,IFO380,437.43
14074,2024-08-07,Fujairah,VLSFO,589.77
14075,2024-08-07,Fujairah,LSMGO,764.36
14076,2024-08-07,Fujairah,IFO380,428.39
14077,2024-08-07,Rotterdam,VLSFO,568.93
14078,2024-08-07,Rotterdam,LSMGO,722.04
14079,2024-08-07,Rotterdam,IFO380,404.66
14080,2024-08-07,Visakhapatnam,VLSFO,628.19
14081,2024-08-07,Visakhapatnam,LSMGO,865.14
14082,2024-08-07,Visakhapatnam,IFO380,454.06
14083,2024-08-07,Houston,VLSFO,559.83
14084,2024-08-07,Houston,LSMGO,675.93
14085,2024-08-07,Houston,IFO380,403.88
14086,2024-08-08,Singapore,VLSFO,602.42
14087,2024-08-08,Singapore,LSMGO,771.34
14088,2024-08-08,Singapore,IFO380,434.88
14089,2024-08-08,Fujairah,VLSFO,587.88
14090,2024-08-08,Fujairah,LSMGO,765.94
14091,2024-08-08,Fujairah,IFO380,423.4
14092,2024-08-08,Rotterdam,VLSFO,569.77
14093,2024-08-08,Rotterdam,LSMGO,717.39
14094,2024-08-08,Rotterdam,IFO380,411.86
14095,2024-08-08,Visakhapatnam,VLSFO,638.39
14096,2024-08-08,Visakhapatnam,LSMGO,882.85
14097,2024-08-08,Visakhapatnam,IFO380,464.14
14098,2024-08-08,Houston,VLSFO,555.67
14099,2024-08-08,Houston,LSMGO,686.19
14100,2024-08-08,Houston,IFO380,394.67
14101,2024-08-09,Singapore,VLSFO,598.76
14102,2024-08-09,Singapore,LSMGO,767.47
14103,2024-08-09,Singapore,IFO380,433.32
14104,2024-08-09,Fujairah,VLSFO,589.49
14105,2024-08-09,Fujairah,LSMGO,773.71
14106,2024-08-09,Fujairah,IFO380,421.77
14107,2024-08-09,Rotterdam,VLSFO,570.1
14108,2024-08-09,Rotterdam,LSMGO,704.55
14109,2024-08-09,Rotterdam,IFO380,407.3
14110,2024-08-09,Visakhapatnam,VLSFO,640.99
14111,2024-08-09,Visakhapatnam,LSMGO,882.07
14112,2024-08-09,Visakhapatnam,IFO380,459.59
14113,2024-08-09,Houston,VLSFO,557.64
14114,2024-08-09,Houston,LSMGO,673.21
14115,2024-08-09,Houston,IFO380,399.43
14116,2024-08-12,Singapore,VLSFO,599.63
14117,2024-08-12,Singapore,LSMGO,763.8
14118,2024-08-12,Singapore,IFO380,433.5
14119,2024-08-12,Fujairah,VLSFO,593.11
14120,2024-08-12,Fujairah,LSMGO,786.8
14121,2024-08-12,Fujairah,IFO380,426.8
14122,2024-08-12,Rotterdam,VLSFO,563.29
14123,2024-08-12,Rotterdam,LSMGO,710.33
14124,2024-08-12,Rotterdam,IFO380,410.82
14125,2024-08-12,Visakhapatnam,VLSFO,631.19
14126,2024-08-12,Visakhapatnam,LSMGO,870.77
14127,2024-08-12,Visakhapatnam,IFO380,448.03
14128,2024-08-12,Houston,VLSFO,554.84
14129,2024-08-12,Houston,LSMGO,685.52
14130,2024-08-12,Houston,IFO380,398.69
14131,2024-08-13,Singapore,VLSFO,600.59
14132,2024-08-13,Singapore,LSMGO,766.68
14133,2024-08-13,Singapore,IFO380,440.12
14134,2024-08-13,Fujairah,VLSFO,585.78
14135,2024-08-13,Fujairah,LSMGO,755.79
14136,2024-08-13,Fujairah,IFO380,425.28
14137,2024-08-13,Rotterdam,VLSFO,558.81
14138,2024-08-13,Rotterdam,LSMGO,696.62
14139,2024-08-13,Rotterdam,IFO380,393.87
14140,2024-08-13,Visakhapatnam,VLSFO,638.91
14141,2024-08-13,Visakhapatnam,LSMGO,883.68
14142,2024-08-13,Visakhapatnam,IFO380,460.28
14143,2024-08-13,Houston,VLSFO,554.36
14144,2024-08-13,Houston,LSMGO,695.22
14145,2024-08-13,Houston,IFO380,394.33
14146,2024-08-14,Singapore,VLSFO,597.03
14147,2024-08-14,Singapore,LSMGO,766.74
14148,2024-08-14,Singapore,IFO380,426.67
14149,2024-08-14,Fujairah,VLSFO,584.37
14150,2024-08-14,Fujairah,LSMGO,752.8
14151,2024-08-14,Fujairah,IFO380,420.41
14152,2024-08-14,Rotterdam,VLSFO,567.92
14153,2024-08-14,Rotterdam,LSMGO,714.24
14154,2024-08-14,Rotterdam,IFO380,410.5
14155,2024-08-14,Visakhapatnam,VLSFO,631.7
14156,2024-08-14,Visakhapatnam,LSMGO,871.0
14157,2024-08-14,Visakhapatnam,IFO380,453.82
14158,2024-08-14,Houston,VLSFO,557.08
14159,2024-08-14,Houston,LSMGO,690.08
14160,2024-08-14,Houston,IFO380,402.53
14161,2024-08-15,Singapore,VLSFO,602.15
14162,2024-08-15,Singapore,LSMGO,767.59
14163,2024-08-15,Singapore,IFO380,428.89
14164,2024-08-15,Fujairah,VLSFO,585.15
14165,2024-08-15,Fujairah,LSMGO,763.71
14166,2024-08-15,Fujairah,IFO380,415.52
14167,2024-08-15,Rotterdam,VLSFO,569.27
14168,2024-08-15,Rotterdam,LSMGO,716.38
14169,2024-08-15,Rotterdam,IFO380,405.77
14170,2024-08-15,Visakhapatnam,VLSFO,630.46
14171,2024-08-15,Visakhapatnam,LSMGO,871.37
14172,2024-08-15,Visakhapatnam,IFO380,454.14
14173,2024-08-15,Houston,VLSFO,561.14
14174,2024-08-15,Houston,LSMGO,697.2
14175,2024-08-15,Houston,IFO380,404.32
14176,2024-08-16,Singapore,VLSFO,604.83
14177,2024-08-16,Singapore,LSMGO,771.6
14178,2024-08-16,Singapore,IFO380,439.47
14179,2024-08-16,Fujairah,VLSFO,594.78
14180,2024-08-16,Fujairah,LSMGO,785.3
14181,2024-08-16,Fujairah,IFO380,422.12
14182,2024-08-16,Rotterdam,VLSFO,565.73
14183,2024-08-16,Rotterdam,LSMGO,715.9
14184,2024-08-16,Rotterdam,IFO380,409.0
14185,2024-08-16,Visakhapatnam,VLSFO,634.23
14186,2024-08-16,Visakhapatnam,LSMGO,876.68
14187,2024-08-16,Visakhapatnam,IFO380,451.53
14188,2024-08-16,Houston,VLSFO,557.7
14189,2024-08-16,Houston,LSMGO,690.19
14190,2024-08-16,Houston,IFO380,396.54
14191,2024-08-19,Singapore,VLSFO,600.72
14192,2024-08-19,Singapore,LSMGO,763.26
14193,2024-08-19,Singapore,IFO380,430.23
14194,2024-08-19,Fujairah,VLSFO,580.63
14195,2024-08-19,Fujairah,LSMGO,766.98
14196,2024-08-19,Fujairah,IFO380,411.25
14197,2024-08-19,Rotterdam,VLSFO,565.31
14198,2024-08-19,Rotterdam,LSMGO,713.99
14199,2024-08-19,Rotterdam,IFO380,406.32
14200,2024-08-19,Visakhapatnam,VLSFO,638.16
14201,2024-08-19,Visakhapatnam,LSMGO,877.46
14202,2024-08-19,Visakhapatnam,IFO380,465.75
14203,2024-08-19,Houston,VLSFO,555.37
14204,2024-08-19,Houston,LSMGO,691.17
14205,2024-08-19,Houston,IFO380,393.53
14206,2024-08-20,Singapore,VLSFO,595.07
14207,2024-08-20,Singapore,LSMGO,762.72
14208,2024-08-20,Singapore,IFO380,432.91
14209,2024-08-20,Fujairah,VLSFO,588.9
14210,2024-08-20,Fujairah,LSMGO,756.68
14211,2024-08-20,Fujairah,IFO380,429.02
14212,2024-08-20,Rotterdam,VLSFO,570.1
14213,2024-08-20,Rotterdam,LSMGO,717.17
14214,2024-08-20,Rotterdam,IFO380,413.4
14215,2024-08-20,Visakhapatnam,VLSFO,625.68
14216,2024-08-20,Visakhapatnam,LSMGO,861.71
14217,2024-08-20,Visakhapatnam,IFO380,449.2
14218,2024-08-20,Houston,VLSFO,560.93
14219,2024-08-20,Houston,LSMGO,702.09
14220,2024-08-20,Houston,IFO380,404.96
14221,2024-08-21,Singapore,VLSFO,601.59
14222,2024-08-21,Singapore,LSMGO,768.98
14223,2024-08-21,Singapore,IFO380,429.24
14224,2024-08-21,Fujairah,VLSFO,577.36
14225,2024-08-21,Fujairah,LSMGO,756.42
14226,2024-08-21,Fujairah,IFO380,418.31
14227,2024-08-21,Rotterdam,VLSFO,566.35
14228,2024-08-21,Rotterdam,LSMGO,713.19
14229,2024-08-21,Rotterdam,IFO380,407.57
14230,2024-08-21,Visakhapatnam,VLSFO,620.01
14231,2024-08-21,Visakhapatnam,LSMGO,855.39
14232,2024-08-21,Visakhapatnam,IFO380,445.85
14233,2024-08-21,Houston,VLSFO,543.73
14234,2024-08-21,Houston,LSMGO,663.45
14235,2024-08-21,Houston,IFO380,390.01
14236,2024-08-22,Singapore,VLSFO,595.81
14237,2024-08-22,Singapore,LSMGO,761.45
14238,2024-08-22,Singapore,IFO380,436.67
14239,2024-08-22,Fujairah,VLSFO,586.84
14240,2024-08-22,Fujairah,LSMGO,755.95
14241,2024-08-22,Fujairah,IFO380,424.74
14242,2024-08-22,Rotterdam,VLSFO,560.78
14243,2024-08-22,Rotterdam,LSMGO,711.62
14244,2024-08-22,Rotterdam,IFO380,405.01
14245,2024-08-22,Visakhapatnam,VLSFO,624.53
14246,2024-08-22,Visakhapatnam,LSMGO,879.07
14247,2024-08-22,Visakhapatnam,IFO380,452.99
14248,2024-08-22,Houston,VLSFO,557.37
14249,2024-08-22,Houston,LSMGO,682.4
14250,2024-08-22,Houston,IFO380,403.29
14251,2024-08-23,Singapore,VLSFO,596.6
14252,2024-08-23,Singapore,LSMGO,757.86
14253,2024-08-23,Singapore,IFO380,438.52
14254,2024-08-23,Fujairah,VLSFO,599.67
14255,2024-08-23,Fujairah,LSMGO,787.54
14256,2024-08-23,Fujairah,IFO380,424.08
14257,2024-08-23,Rotterdam,VLSFO,564.94
14258,2024-08-23,Rotterdam,LSMGO,715.83
14259,2024-08-23,Rotterdam,IFO380,403.62
14260,2024-08-23,Visakhapatnam,VLSFO,633.88
14261,2024-08-23,Visakhapatnam,LSMGO,874.18
14262,2024-08-23,Visakhapatnam,IFO380,455.17
14263,2024-08-23,Houston,VLSFO,560.8
14264,2024-08-23,Houston,LSMGO,689.66
14265,2024-08-23,Houston,IFO380,392.25
14266,2024-08-26,Singapore,VLSFO,600.83
14267,2024-08-26,Singapore,LSMGO,769.23
14268,2024-08-26,Singapore,IFO380,429.45
14269,2024-08-26,Fujairah,VLSFO,575.89
14270,2024-08-26,Fujairah,LSMGO,754.11
14271,2024-08-26,Fujairah,IFO380,416.42
14272,2024-08-26,Rotterdam,VLSFO,575.34
14273,2024-08-26,Rotterdam,LSMGO,713.97
14274,2024-08-26,Rotterdam,IFO380,417.97
14275,2024-08-26,Visakhapatnam,VLSFO,624.92
14276,2024-08-26,Visakhapatnam,LSMGO,869.86
14277,2024-08-26,Visakhapatnam,IFO380,445.65
14278,2024-08-26,Houston,VLSFO,548.04
14279,2024-08-26,Houston,LSMGO,665.66
14280,2024-08-26,Houston,IFO380,390.57
14281,2024-08-27,Singapore,VLSFO,596.7
14282,2024-08-27,Singapore,LSMGO,756.64
14283,2024-08-27,Singapore,IFO380,434.15
14284,2024-08-27,Fujairah,VLSFO,580.43
14285,2024-08-27,Fujairah,LSMGO,751.77
14286,2024-08-27,Fujairah,IFO380,423.1
14287,2024-08-27,Rotterdam,VLSFO,563.21
14288,2024-08-27,Rotterdam,LSMGO,714.22
14289,2024-08-27,Rotterdam,IFO380,412.66
14290,2024-08-27,Visakhapatnam,VLSFO,627.44
14291,2024-08-27,Visakhapatnam,LSMGO,864.26
14292,2024-08-27,Visakhapatnam,IFO380,455.33
14293,2024-08-27,Houston,VLSFO,548.96
14294,2024-08-27,Houston,LSMGO,667.28
14295,2024-08-27,Houston,IFO380,394.9
14296,2024-08-28,Singapore,VLSFO,590.41
14297,2024-08-28,Singapore,LSMGO,759.22
14298,2024-08-28,Singapore,IFO380,427.92
14299,2024-08-28,Fujairah,VLSFO,577.87
14300,2024-08-28,Fujairah,LSMGO,751.06
14301,2024-08-28,Fujairah,IFO380,417.22
14302,2024-08-28,Rotterdam,VLSFO,573.89
14303,2024-08-28,Rotterdam,LSMGO,719.21
14304,2024-08-28,Rotterdam,IFO380,409.39
14305,2024-08-28,Visakhapatnam,VLSFO,620.59
14306,2024-08-28,Visakhapatnam,LSMGO,853.62
14307,2024-08-28,Visakhapatnam,IFO380,446.3
14308,2024-08-28,Houston,VLSFO,558.18
14309,2024-08-28,Houston,LSMGO,682.24
14310,2024-08-28,Houston,IFO380,407.38
14311,2024-08-29,Singapore,VLSFO,578.05
14312,2024-08-29,Singapore,LSMGO,744.7
14313,2024-08-29,Singapore,IFO380,417.38
14314,2024-08-29,Fujairah,VLSFO,581.57
14315,2024-08-29,Fujairah,LSMGO,770.56
14316,2024-08-29,Fujairah,IFO380,421.43
14317,2024-08-29,Rotterdam,VLSFO,568.4
14318,2024-08-29,Rotterdam,LSMGO,721.04
14319,2024-08-29,Rotterdam,IFO380,408.71
14320,2024-08-29,Visakhapatnam,VLSFO,636.34
14321,2024-08-29,Visakhapatnam,LSMGO,880.94
14322,2024-08-29,Visakhapatnam,IFO380,459.96
14323,2024-08-29,Houston,VLSFO,548.11
14324,2024-08-29,Houston,LSMGO,660.35
14325,2024-08-29,Houston,IFO380,402.12
14326,2024-08-30,Singapore,VLSFO,588.53
14327,2024-08-30,Singapore,LSMGO,748.11
14328,2024-08-30,Singapore,IFO380,427.86
14329,2024-08-30,Fujairah,VLSFO,592.59
14330,2024-08-30,Fujairah,LSMGO,774.24
14331,2024-08-30,Fujairah,IFO380,424.61
14332,2024-08-30,Rotterdam,VLSFO,562.32
14333,2024-08-30,Rotterdam,LSMGO,706.93
14334,2024-08-30,Rotterdam,IFO380,409.5
14335,2024-08-30,Visakhapatnam,VLSFO,626.7
14336,2024-08-30,Visakhapatnam,LSMGO,858.76
14337,2024-08-30,Visakhapatnam,IFO380,450.3
14338,2024-08-30,Houston,VLSFO,552.92
14339,2024-08-30,Houston,LSMGO,667.05
14340,2024-08-30,Houston,IFO380,399.83
14341,2024-09-02,Singapore,VLSFO,597.73
14342,2024-09-02,Singapore,LSMGO,761.1
14343,2024-09-02,Singapore,IFO380,431.21
14344,2024-09-02,Fujairah,VLSFO,580.55
14345,2024-09-02,Fujairah,LSMGO,747.1
14346,2024-09-02,Fujairah,IFO380,413.41
14347,2024-09-02,Rotterdam,VLSFO,564.6
14348,2024-09-02,Rotterdam,LSMGO,715.83
14349,2024-09-02,Rotterdam,IFO380,408.7
14350,2024-09-02,Visakhapatnam,VLSFO,625.05
14351,2024-09-02,Visakhapatnam,LSMGO,857.8
14352,2024-09-02,Visakhapatnam,IFO380,455.48
14353,2024-09-02,Houston,VLSFO,549.44
14354,2024-09-02,Houston,LSMGO,673.8
14355,2024-09-02,Houston,IFO380,392.94
14356,2024-09-03,Singapore,VLSFO,587.3
14357,2024-09-03,Singapore,LSMGO,749.12
14358,2024-09-03,Singapore,IFO380,420.02
14359,2024-09-03,Fujairah,VLSFO,575.0
14360,2024-09-03,Fujairah,LSMGO,740.13
14361,2024-09-03,Fujairah,IFO380,411.99
14362,2024-09-03,Rotterdam,VLSFO,554.4
14363,2024-09-03,Rotterdam,LSMGO,697.37
14364,2024-09-03,Rotterdam,IFO380,398.02
14365,2024-09-03,Visakhapatnam,VLSFO,616.65
14366,2024-09-03,Visakhapatnam,LSMGO,850.52
14367,2024-09-03,Visakhapatnam,IFO380,441.08
14368,2024-09-03,Houston,VLSFO,549.98
14369,2024-09-03,Houston,LSMGO,673.51
14370,2024-09-03,Houston,IFO380,399.22
14371,2024-09-04,Singapore,VLSFO,596.3
14372,2024-09-04,Singapore,LSMGO,764.17
14373,2024-09-04,Singapore,IFO380,426.8
14374,2024-09-04,Fujairah,VLSFO,588.42
14375,2024-09-04,Fujairah,LSMGO,774.44
14376,2024-09-04,Fujairah,IFO380,423.63
14377,2024-09-04,Rotterdam,VLSFO,561.64
14378,2024-09-04,Rotterdam,LSMGO,702.78
14379,2024-09-04,Rotterdam,IFO380,404.71
14380,2024-09-04,Visakhapatnam,VLSFO,617.8
14381,2024-09-04,Visakhapatnam,LSMGO,853.19
14382,2024-09-04,Visakhapatnam,IFO380,446.05
14383,2024-09-04,Houston,VLSFO,545.49
14384,2024-09-04,Houston,LSMGO,670.84
14385,2024-09-04,Houston,IFO380,395.25
14386,2024-09-05,Singapore,VLSFO,589.47
14387,2024-09-05,Singapore,LSMGO,745.36
14388,2024-09-05,Singapore,IFO380,426.25
14389,2024-09-05,Fujairah,VLSFO,571.6
14390,2024-09-05,Fujairah,LSMGO,740.95
14391,2024-09-05,Fujairah,IFO380,418.25
14392,2024-09-05,Rotterdam,VLSFO,563.19
14393,2024-09-05,Rotterdam,LSMGO,717.51
14394,2024-09-05,Rotterdam,IFO380,407.08
14395,2024-09-05,Visakhapatnam,VLSFO,629.75
14396,2024-09-05,Visakhapatnam,LSMGO,868.5
14397,2024-09-05,Visakhapatnam,IFO380,452.41
14398,2024-09-05,Houston,VLSFO,545.21
14399,2024-09-05,Houston,LSMGO,677.0
14400,2024-09-05,Houston,IFO380,397.4
14401,2024-09-06,Singapore,VLSFO,590.03
14402,2024-09-06,Singapore,LSMGO,749.41
14403,2024-09-06,Singapore,IFO380,421.94
14404,2024-09-06,Fujairah,VLSFO,571.92
14405,2024-09-06,Fujairah,LSMGO,752.69
14406,2024-09-06,Fujairah,IFO380,417.63
14407,2024-09-06,Rotterdam,VLSFO,559.29
14408,2024-09-06,Rotterdam,LSMGO,709.52
14409,2024-09-06,Rotterdam,IFO380,399.55
14410,2024-09-06,Visakhapatnam,VLSFO,624.3
14411,2024-09-06,Visakhapatnam,LSMGO,861.17
14412,2024-09-06,Visakhapatnam,IFO380,451.81
14413,2024-09-06,Houston,VLSFO,543.57
14414,2024-09-06,Houston,LSMGO,667.63
14415,2024-09-06,Houston,IFO380,396.99
14416,2024-09-09,Singapore,VLSFO,595.78
14417,2024-09-09,Singapore,LSMGO,767.87
14418,2024-09-09,Singapore,IFO380,428.06
14419,2024-09-09,Fujairah,VLSFO,581.94
14420,2024-09-09,Fujairah,LSMGO,764.28
14421,2024-09-09,Fujairah,IFO380,413.21
14422,2024-09-09,Rotterdam,VLSFO,553.54
14423,2024-09-09,Rotterdam,LSMGO,687.49
14424,2024-09-09,Rotterdam,IFO380,403.62
14425,2024-09-09,Visakhapatnam,VLSFO,629.48
14426,2024-09-09,Visakhapatnam,LSMGO,878.13
14427,2024-09-09,Visakhapatnam,IFO380,447.84
14428,2024-09-09,Houston,VLSFO,549.7
14429,2024-09-09,Houston,LSMGO,682.43
14430,2024-09-09,Houston,IFO380,396.09
14431,2024-09-10,Singapore,VLSFO,592.34
14432,2024-09-10,Singapore,LSMGO,764.88
14433,2024-09-10,Singapore,IFO380,421.33
14434,2024-09-10,Fujairah,VLSFO,575.7
14435,2024-09-10,Fujairah,LSMGO,764.38
14436,2024-09-10,Fujairah,IFO380,423.74
14437,2024-09-10,Rotterdam,VLSFO,554.26
14438,2024-09-10,Rotterdam,LSMGO,694.01
14439,2024-09-10,Rotterdam,IFO380,389.84
14440,2024-09-10,Visakhapatnam,VLSFO,627.16
14441,2024-09-10,Visakhapatnam,LSMGO,866.25
14442,2024-09-10,Visakhapatnam,IFO380,454.65
14443,2024-09-10,Houston,VLSFO,535.74
14444,2024-09-10,Houston,LSMGO,664.47
14445,2024-09-10,Houston,IFO380,384.18
14446,2024-09-11,Singapore,VLSFO,588.36
14447,2024-09-11,Singapore,LSMGO,750.85
14448,2024-09-11,Singapore,IFO380,416.05
14449,2024-09-11,Fujairah,VLSFO,575.42
14450,2024-09-11,Fujairah,LSMGO,741.82
14451,2024-09-11,Fujairah,IFO380,428.11
14452,2024-09-11,Rotterdam,VLSFO,561.58
14453,2024-09-11,Rotterdam,LSMGO,706.87
14454,2024-09-11,Rotterdam,IFO380,400.55
14455,2024-09-11,Visakhapatnam,VLSFO,615.44
14456,2024-09-11,Visakhapatnam,LSMGO,857.16
14457,2024-09-11,Visakhapatnam,IFO380,442.24
14458,2024-09-11,Houston,VLSFO,549.42
14459,2024-09-11,Houston,LSMGO,679.94
14460,2024-09-11,Houston,IFO380,398.68
14461,2024-09-12,Singapore,VLSFO,588.54
14462,2024-09-12,Singapore,LSMGO,753.24
14463,2024-09-12,Singapore,IFO380,429.69
14464,2024-09-12,Fujairah,VLSFO,569.85
14465,2024-09-12,Fujairah,LSMGO,749.22
14466,2024-09-12,Fujairah,IFO380,410.93
14467,2024-09-12,Rotterdam,VLSFO,562.72
14468,2024-09-12,Rotterdam,LSMGO,699.58
14469,2024-09-12,Rotterdam,IFO380,397.5
14470,2024-09-12,Visakhapatnam,VLSFO,620.44
14471,2024-09-12,Visakhapatnam,LSMGO,851.32
14472,2024-09-12,Visakhapatnam,IFO380,447.32
14473,2024-09-12,Houston,VLSFO,553.57
14474,2024-09-12,Houston,LSMGO,681.28
14475,2024-09-12,Houston,IFO380,401.34
14476,2024-09-13,Singapore,VLSFO,589.19
14477,2024-09-13,Singapore,LSMGO,750.33
14478,2024-09-13,Singapore,IFO380,423.47
14479,2024-09-13,Fujairah,VLSFO,569.96
14480,2024-09-13,Fujairah,LSMGO,747.59
14481,2024-09-13,Fujairah,IFO380,403.52
14482,2024-09-13,Rotterdam,VLSFO,557.08
14483,2024-09-13,Rotterdam,LSMGO,706.21
14484,2024-09-13,Rotterdam,IFO380,399.0
14485,2024-09-13,Visakhapatnam,VLSFO,630.9
14486,2024-09-13,Visakhapatnam,LSMGO,873.5
14487,2024-09-13,Visakhapatnam,IFO380,456.55
14488,2024-09-13,Houston,VLSFO,550.22
14489,2024-09-13,Houston,LSMGO,670.6
14490,2024-09-13,Houston,IFO380,392.6
14491,2024-09-16,Singapore,VLSFO,585.48
14492,2024-09-16,Singapore,LSMGO,740.95
14493,2024-09-16,Singapore,IFO380,417.0
14494,2024-09-16,Fujairah,VLSFO,575.34
14495,2024-09-16,Fujairah,LSMGO,757.65
14496,2024-09-16,Fujairah,IFO380,417.32
14497,2024-09-16,Rotterdam,VLSFO,564.38
14498,2024-09-16,Rotterdam,LSMGO,706.62
14499,2024-09-16,Rotterdam,IFO380,408.76
14500,2024-09-16,Visakhapatnam,VLSFO,620.72
14501,2024-09-16,Visakhapatnam,LSMGO,851.01
14502,2024-09-16,Visakhapatnam,IFO380,448.03
14503,2024-09-16,Houston,VLSFO,545.85
14504,2024-09-16,Houston,LSMGO,672.02
14505,2024-09-16,Houston,IFO380,391.26
14506,2024-09-17,Singapore,VLSFO,577.97
14507,2024-09-17,Singapore,LSMGO,743.69
14508,2024-09-17,Singapore,IFO380,416.11
14509,2024-09-17,Fujairah,VLSFO,571.43
14510,2024-09-17,Fujairah,LSMGO,746.42
14511,2024-09-17,Fujairah,IFO380,409.48
14512,2024-09-17,Rotterdam,VLSFO,559.39
14513,2024-09-17,Rotterdam,LSMGO,708.78
14514,2024-09-17,Rotterdam,IFO380,401.2
14515,2024-09-17,Visakhapatnam,VLSFO,628.92
14516,2024-09-17,Visakhapatnam,LSMGO,867.93
14517,2024-09-17,Visakhapatnam,IFO380,452.22
14518,2024-09-17,Houston,VLSFO,547.13
14519,2024-09-17,Houston,LSMGO,664.9
14520,2024-09-17,Houston,IFO380,398.98
14521,2024-09-18,Singapore,VLSFO,586.85
14522,2024-09-18,Singapore,LSMGO,758.47
14523,2024-09-18,Singapore,IFO380,422.15
14524,2024-09-18,Fujairah,VLSFO,584.09
14525,2024-09-18,Fujairah,LSMGO,755.52
14526,2024-09-18,Fujairah,IFO380,428.38
14527,2024-09-18,Rotterdam,VLSFO,558.39
14528,2024-09-18,Rotterdam,LSMGO,704.89
14529,2024-09-18,Rotterdam,IFO380,401.2
14530,2024-09-18,Visakhapatnam,VLSFO,616.63
14531,2024-09-18,Visakhapatnam,LSMGO,854.84
14532,2024-09-18,Visakhapatnam,IFO380,436.53
14533,2024-09-18,Houston,VLSFO,541.7
14534,2024-09-18,Houston,LSMGO,671.65
14535,2024-09-18,Houston,IFO380,394.16
14536,2024-09-19,Singapore,VLSFO,586.45
14537,2024-09-19,Singapore,LSMGO,745.81
14538,2024-09-19,Singapore,IFO380,426.01
14539,2024-09-19,Fujairah,VLSFO,575.92
14540,2024-09-19,Fujairah,LSMGO,758.6
14541,2024-09-19,Fujairah,IFO380,411.0
14542,2024-09-19,Rotterdam,VLSFO,563.36
14543,2024-09-19,Rotterdam,LSMGO,716.88
14544,2024-09-19,Rotterdam,IFO380,400.98
14545,2024-09-19,Visakhapatnam,VLSFO,626.03
14546,2024-09-19,Visakhapatnam,LSMGO,855.21
14547,2024-09-19,Visakhapatnam,IFO380,454.31
14548,2024-09-19,Houston,VLSFO,543.71
14549,2024-09-19,Houston,LSMGO,659.9
14550,2024-09-19,Houston,IFO380,389.49
14551,2024-09-20,Singapore,VLSFO,583.94
14552,2024-09-20,Singapore,LSMGO,752.08
14553,2024-09-20,Singapore,IFO380,426.41
14554,2024-09-20,Fujairah,VLSFO,571.7
14555,2024-09-20,Fujairah,LSMGO,750.08
14556,2024-09-20,Fujairah,IFO380,412.91
14557,2024-09-20,Rotterdam,VLSFO,567.91
14558,2024-09-20,Rotterdam,LSMGO,720.1
14559,2024-09-20,Rotterdam,IFO380,410.57
14560,2024-09-20,Visakhapatnam,VLSFO,627.91
14561,2024-09-20,Visakhapatnam,LSMGO,861.56
14562,2024-09-20,Visakhapatnam,IFO380,459.58
14563,2024-09-20,Houston,VLSFO,549.39
14564,2024-09-20,Houston,LSMGO,683.6
14565,2024-09-20,Houston,IFO380,395.75
14566,2024-09-23,Singapore,VLSFO,585.62
14567,2024-09-23,Singapore,LSMGO,740.32
14568,2024-09-23,Singapore,IFO380,421.41
14569,2024-09-23,Fujairah,VLSFO,576.36
14570,2024-09-23,Fujairah,LSMGO,737.8
14571,2024-09-23,Fujairah,IFO380,414.35
14572,2024-09-23,Rotterdam,VLSFO,555.45
14573,2024-09-23,Rotterdam,LSMGO,707.43
14574,2024-09-23,Rotterdam,IFO380,398.86
14575,2024-09-23,Visakhapatnam,VLSFO,631.65
14576,2024-09-23,Visakhapatnam,LSMGO,866.6
14577,2024-09-23,Visakhapatnam,IFO380,452.62
14578,2024-09-23,Houston,VLSFO,540.28
14579,2024-09-23,Houston,LSMGO,663.77
14580,2024-09-23,Houston,IFO380,391.64
14581,2024-09-24,Singapore,VLSFO,592.79
14582,2024-09-24,Singapore,LSMGO,762.48
14583,2024-09-24,Singapore,IFO380,428.5
14584,2024-09-24,Fujairah,VLSFO,577.75
14585,2024-09-24,Fujairah,LSMGO,759.87
14586,2024-09-24,Fujairah,IFO380,419.45
14587,2024-09-24,Rotterdam,VLSFO,554.21
14588,2024-09-24,Rotterdam,LSMGO,689.17
14589,2024-09-24,Rotterdam,IFO380,399.78
14590,2024-09-24,Visakhapatnam,VLSFO,623.43
14591,2024-09-24,Visakhapatnam,LSMGO,861.83
14592,2024-09-24,Visakhapatnam,IFO380,453.97
14593,2024-09-24,Houston,VLSFO,546.97
14594,2024-09-24,Houston,LSMGO,677.31
14595,2024-09-24,Houston,IFO380,394.38
14596,2024-09-25,Singapore,VLSFO,587.68
14597,2024-09-25,Singapore,LSMGO,761.06
14598,2024-09-25,Singapore,IFO380,423.42
14599,2024-09-25,Fujairah,VLSFO,571.48
14600,2024-09-25,Fujairah,LSMGO,741.45
14601,2024-09-25,Fujairah,IFO380,411.43
14602,2024-09-25,Rotterdam,VLSFO,555.11
14603,2024-09-25,Rotterdam,LSMGO,694.65
14604,2024-09-25,Rotterdam,IFO380,398.92
14605,2024-09-25,Visakhapatnam,VLSFO,624.58
14606,2024-09-25,Visakhapatnam,LSMGO,855.72
14607,2024-09-25,Visakhapatnam,IFO380,450.11
14608,2024-09-25,Houston,VLSFO,539.4
14609,2024-09-25,Houston,LSMGO,667.03
14610,2024-09-25,Houston,IFO380,388.3
14611,2024-09-26,Singapore,VLSFO,580.49
14612,2024-09-26,Singapore,LSMGO,751.88
14613,2024-09-26,Singapore,IFO380,415.65
14614,2024-09-26,Fujairah,VLSFO,567.33
14615,2024-09-26,Fujairah,LSMGO,744.17
14616,2024-09-26,Fujairah,IFO380,413.38
14617,2024-09-26,Rotterdam,VLSFO,556.53
14618,2024-09-26,Rotterdam,LSMGO,697.5
14619,2024-09-26,Rotterdam,IFO380,403.3
14620,2024-09-26,Visakhapatnam,VLSFO,617.14
14621,2024-09-26,Visakhapatnam,LSMGO,854.35
14622,2024-09-26,Visakhapatnam,IFO380,441.45
14623,2024-09-26,Houston,VLSFO,552.81
14624,2024-09-26,Houston,LSMGO,678.47
14625,2024-09-26,Houston,IFO380,398.56
14626,2024-09-27,Singapore,VLSFO,584.2
14627,2024-09-27,Singapore,LSMGO,739.31
14628,2024-09-27,Singapore,IFO380,423.45
14629,2024-09-27,Fujairah,VLSFO,570.65
14630,2024-09-27,Fujairah,LSMGO,732.07
14631,2024-09-27,Fujairah,IFO380,404.38
14632,2024-09-27,Rotterdam,VLSFO,550.35
14633,2024-09-27,Rotterdam,LSMGO,691.26
14634,2024-09-27,Rotterdam,IFO380,398.69
14635,2024-09-27,Visakhapatnam,VLSFO,617.54
14636,2024-09-27,Visakhapatnam,LSMGO,862.97
14637,2024-09-27,Visakhapatnam,IFO380,441.18
14638,2024-09-27,Houston,VLSFO,541.76
14639,2024-09-27,Houston,LSMGO,658.62
14640,2024-09-27,Houston,IFO380,391.39
14641,2024-09-30,Singapore,VLSFO,585.01
14642,2024-09-30,Singapore,LSMGO,747.15
14643,2024-09-30,Singapore,IFO380,422.27
14644,2024-09-30,Fujairah,VLSFO,575.11
14645,2024-09-30,Fujairah,LSMGO,752.62
14646,2024-09-30,Fujairah,IFO380,410.22
14647,2024-09-30,Rotterdam,VLSFO,546.17
14648,2024-09-30,Rotterdam,LSMGO,684.85
14649,2024-09-30,Rotterdam,IFO380,392.99
14650,2024-09-30,Visakhapatnam,VLSFO,625.32
14651,2024-09-30,Visakhapatnam,LSMGO,869.18
14652,2024-09-30,Visakhapatnam,IFO380,450.73
14653,2024-09-30,Houston,VLSFO,543.28
14654,2024-09-30,Houston,LSMGO,677.81
14655,2024-09-30,Houston,IFO380,393.51
14656,2024-10-01,Singapore,VLSFO,588.27
14657,2024-10-01,Singapore,LSMGO,748.49
14658,2024-10-01,Singapore,IFO380,420.38
14659,2024-10-01,Fujairah,VLSFO,572.75
14660,2024-10-01,Fujairah,LSMGO,743.18
14661,2024-10-01,Fujairah,IFO380,407.69
14662,2024-10-01,Rotterdam,VLSFO,563.54
14663,2024-10-01,Rotterdam,LSMGO,711.51
14664,2024-10-01,Rotterdam,IFO380,405.32
14665,2024-10-01,Visakhapatnam,VLSFO,613.84
14666,2024-10-01,Visakhapatnam,LSMGO,856.22
14667,2024-10-01,Visakhapatnam,IFO380,443.09
14668,2024-10-01,Houston,VLSFO,546.76
14669,2024-10-01,Houston,LSMGO,670.73
14670,2024-10-01,Houston,IFO380,398.2
14671,2024-10-02,Singapore,VLSFO,586.14
14672,2024-10-02,Singapore,LSMGO,748.3
14673,2024-10-02,Singapore,IFO380,421.41
14674,2024-10-02,Fujairah,VLSFO,567.47
14675,2024-10-02,Fujairah,LSMGO,748.97
14676,2024-10-02,Fujairah,IFO380,406.07
14677,2024-10-02,Rotterdam,VLSFO,555.48
14678,2024-10-02,Rotterdam,LSMGO,689.55
14679,2024-10-02,Rotterdam,IFO380,401.71
14680,2024-10-02,Visakhapatnam,VLSFO,620.15
14681,2024-10-02,Visakhapatnam,LSMGO,858.27
14682,2024-10-02,Visakhapatnam,IFO380,451.7
14683,2024-10-02,Houston,VLSFO,547.12
14684,2024-10-02,Houston,LSMGO,672.06
14685,2024-10-02,Houston,IFO380,396.33
14686,2024-10-03,Singapore,VLSFO,586.33
14687,2024-10-03,Singapore,LSMGO,761.15
14688,2024-10-03,Singapore,IFO380,417.14
14689,2024-10-03,Fujairah,VLSFO,567.44
14690,2024-10-03,Fujairah,LSMGO,732.03
14691,2024-10-03,Fujairah,IFO380,411.96
14692,2024-10-03,Rotterdam,VLSFO,549.89
14693,2024-10-03,Rotterdam,LSMGO,694.88
14694,2024-10-03,Rotterdam,IFO380,403.89
14695,2024-10-03,Visakhapatnam,VLSFO,618.5
14696,2024-10-03,Visakhapatnam,LSMGO,854.66
14697,2024-10-03,Visakhapatnam,IFO380,437.54
14698,2024-10-03,Houston,VLSFO,546.05
14699,2024-10-03,Houston,LSMGO,665.87
14700,2024-10-03,Houston,IFO380,388.07
14701,2024-10-04,Singapore,VLSFO,585.48
14702,2024-10-04,Singapore,LSMGO,744.15
14703,2024-10-04,Singapore,IFO380,420.37
14704,2024-10-04,Fujairah,VLSFO,570.69
14705,2024-10-04,Fujairah,LSMGO,741.19
14706,2024-10-04,Fujairah,IFO380,410.73
14707,2024-10-04,Rotterdam,VLSFO,553.47
14708,2024-10-04,Rotterdam,LSMGO,690.23
14709,2024-10-04,Rotterdam,IFO380,399.99
14710,2024-10-04,Visakhapatnam,VLSFO,616.76
14711,2024-10-04,Visakhapatnam,LSMGO,852.11
14712,2024-10-04,Visakhapatnam,IFO380,451.2
14713,2024-10-04,Houston,VLSFO,542.41
14714,2024-10-04,Houston,LSMGO,673.63
14715,2024-10-04,Houston,IFO380,397.63
14716,2024-10-07,Singapore,VLSFO,587.8
14717,2024-10-07,Singapore,LSMGO,737.65
14718,2024-10-07,Singapore,IFO380,429.0
14719,2024-10-07,Fujairah,VLSFO,569.8
14720,2024-10-07,Fujairah,LSMGO,745.76
14721,2024-10-07,Fujairah,IFO380,404.82
14722,2024-10-07,Rotterdam,VLSFO,551.51
14723,2024-10-07,Rotterdam,LSMGO,699.06
14724,2024-10-07,Rotterdam,IFO380,394.9
14725,2024-10-07,Visakhapatnam,VLSFO,610.62
14726,2024-10-07,Visakhapatnam,LSMGO,851.88
14727,2024-10-07,Visakhapatnam,IFO380,440.76
14728,2024-10-07,Houston,VLSFO,530.49
14729,2024-10-07,Houston,LSMGO,646.74
14730,2024-10-07,Houston,IFO380,382.64
14731,2024-10-08,Singapore,VLSFO,584.72
14732,2024-10-08,Singapore,LSMGO,742.95
14733,2024-10-08,Singapore,IFO380,420.63
14734,2024-10-08,Fujairah,VLSFO,574.31
14735,2024-10-08,Fujairah,LSMGO,745.69
14736,2024-10-08,Fujairah,IFO380,414.28
14737,2024-10-08,Rotterdam,VLSFO,553.35
14738,2024-10-08,Rotterdam,LSMGO,696.65
14739,2024-10-08,Rotterdam,IFO380,391.09
14740,2024-10-08,Visakhapatnam,VLSFO,625.98
14741,2024-10-08,Visakhapatnam,LSMGO,862.06
14742,2024-10-08,Visakhapatnam,IFO380,450.43
14743,2024-10-08,Houston,VLSFO,550.57
14744,2024-10-08,Houston,LSMGO,667.24
14745,2024-10-08,Houston,IFO380,397.65
14746,2024-10-09,Singapore,VLSFO,575.75
14747,2024-10-09,Singapore,LSMGO,741.62
14748,2024-10-09,Singapore,IFO380,412.67
14749,2024-10-09,Fujairah,VLSFO,567.33
14750,2024-10-09,Fujairah,LSMGO,745.22
14751,2024-10-09,Fujairah,IFO380,410.53
14752,2024-10-09,Rotterdam,VLSFO,564.75
14753,2024-10-09,Rotterdam,LSMGO,720.81
14754,2024-10-09,Rotterdam,IFO380,398.51
14755,2024-10-09,Visakhapatnam,VLSFO,619.49
14756,2024-10-09,Visakhapatnam,LSMGO,848.52
14757,2024-10-09,Visakhapatnam,IFO380,452.18
14758,2024-10-09,Houston,VLSFO,545.03
14759,2024-10-09,Houston,LSMGO,681.2
14760,2024-10-09,Houston,IFO380,390.96
14761,2024-10-10,Singapore,VLSFO,587.37
14762,2024-10-10,Singapore,LSMGO,751.21
14763,2024-10-10,Singapore,IFO380,426.17
14764,2024-10-10,Fujairah,VLSFO,578.07
14765,2024-10-10,Fujairah,LSMGO,770.03
14766,2024-10-10,Fujairah,IFO380,417.78
14767,2024-10-10,Rotterdam,VLSFO,559.22
14768,2024-10-10,Rotterdam,LSMGO,703.55
14769,2024-10-10,Rotterdam,IFO380,403.3
14770,2024-10-10,Visakhapatnam,VLSFO,628.42
14771,2024-10-10,Visakhapatnam,LSMGO,874.71
14772,2024-10-10,Visakhapatnam,IFO380,458.8
14773,2024-10-10,Houston,VLSFO,549.76
14774,2024-10-10,Houston,LSMGO,683.37
14775,2024-10-10,Houston,IFO380,390.95
14776,2024-10-11,Singapore,VLSFO,582.07
14777,2024-10-11,Singapore,LSMGO,735.0
14778,2024-10-11,Singapore,IFO380,420.08
14779,2024-10-11,Fujairah,VLSFO,580.62
14780,2024-10-11,Fujairah,LSMGO,743.52
14781,2024-10-11,Fujairah,IFO380,419.62
14782,2024-10-11,Rotterdam,VLSFO,561.83
14783,2024-10-11,Rotterdam,LSMGO,708.88
14784,2024-10-11,Rotterdam,IFO380,410.03
14785,2024-10-11,Visakhapatnam,VLSFO,615.65
14786,2024-10-11,Visakhapatnam,LSMGO,848.87
14787,2024-10-11,Visakhapatnam,IFO380,442.61
14788,2024-10-11,Houston,VLSFO,545.16
14789,2024-10-11,Houston,LSMGO,673.02
14790,2024-10-11,Houston,IFO380,387.64
14791,2024-10-14,Singapore,VLSFO,588.77
14792,2024-10-14,Singapore,LSMGO,769.06
14793,2024-10-14,Singapore,IFO380,429.81
14794,2024-10-14,Fujairah,VLSFO,574.86
14795,2024-10-14,Fujairah,LSMGO,756.48
14796,2024-10-14,Fujairah,IFO380,415.0
14797,2024-10-14,Rotterdam,VLSFO,551.44
14798,2024-10-14,Rotterdam,LSMGO,697.0
14799,2024-10-14,Rotterdam,IFO380,396.36
14800,2024-10-14,Visakhapatnam,VLSFO,623.98
14801,2024-10-14,Visakhapatnam,LSMGO,864.05
14802,2024-10-14,Visakhapatnam,IFO380,452.64
14803,2024-10-14,Houston,VLSFO,547.11
14804,2024-10-14,Houston,LSMGO,671.87
14805,2024-10-14,Houston,IFO380,396.43
14806,2024-10-15,Singapore,VLSFO,580.34
14807,2024-10-15,Singapore,LSMGO,721.2
14808,2024-10-15,Singapore,IFO380,417.33
14809,2024-10-15,Fujairah,VLSFO,573.98
14810,2024-10-15,Fujairah,LSMGO,748.31
14811,2024-10-15,Fujairah,IFO380,419.77
14812,2024-10-15,Rotterdam,VLSFO,564.43
14813,2024-10-15,Rotterdam,LSMGO,709.0
14814,2024-10-15,Rotterdam,IFO380,401.54
14815,2024-10-15,Visakhapatnam,VLSFO,619.55
14816,2024-10-15,Visakhapatnam,LSMGO,852.22
14817,2024-10-15,Visakhapatnam,IFO380,447.01
14818,2024-10-15,Houston,VLSFO,546.18
14819,2024-10-15,Houston,LSMGO,671.41
14820,2024-10-15,Houston,IFO380,396.82
14821,2024-10-16,Singapore,VLSFO,589.29
14822,2024-10-16,Singapore,LSMGO,754.37
14823,2024-10-16,Singapore,IFO380,419.29
14824,2024-10-16,Fujairah,VLSFO,577.73
14825,2024-10-16,Fujairah,LSMGO,750.09
14826,2024-10-16,Fujairah,IFO380,416.14
14827,2024-10-16,Rotterdam,VLSFO,554.29
14828,2024-10-16,Rotterdam,LSMGO,687.98
14829,2024-10-16,Rotterdam,IFO380,397.12
14830,2024-10-16,Visakhapatnam,VLSFO,610.48
14831,2024-10-16,Visakhapatnam,LSMGO,842.7
14832,2024-10-16,Visakhapatnam,IFO380,442.55
14833,2024-10-16,Houston,VLSFO,543.56
14834,2024-10-16,Houston,LSMGO,654.2
14835,2024-10-16,Houston,IFO380,385.86
14836,2024-10-17,Singapore,VLSFO,582.88
14837,2024-10-17,Singapore,LSMGO,742.48
14838,2024-10-17,Singapore,IFO380,430.02
14839,2024-10-17,Fujairah,VLSFO,570.77
14840,2024-10-17,Fujairah,LSMGO,745.94
14841,2024-10-17,Fujairah,IFO380,416.99
14842,2024-10-17,Rotterdam,VLSFO,556.98
14843,2024-10-17,Rotterdam,LSMGO,685.12
14844,2024-10-17,Rotterdam,IFO380,399.99
14845,2024-10-17,Visakhapatnam,VLSFO,614.03
14846,2024-10-17,Visakhapatnam,LSMGO,855.23
14847,2024-10-17,Visakhapatnam,IFO380,441.35
14848,2024-10-17,Houston,VLSFO,545.2
14849,2024-10-17,Houston,LSMGO,669.99
14850,2024-10-17,Houston,IFO380,395.85
14851,2024-10-18,Singapore,VLSFO,591.32
14852,2024-10-18,Singapore,LSMGO,748.89
14853,2024-10-18,Singapore,IFO380,419.79
14854,2024-10-18,Fujairah,VLSFO,579.24
14855,2024-10-18,Fujairah,LSMGO,753.58
14856,2024-10-18,Fujairah,IFO380,415.34
14857,2024-10-18,Rotterdam,VLSFO,551.91
14858,2024-10-18,Rotterdam,LSMGO,679.94
14859,2024-10-18,Rotterdam,IFO380,399.52
14860,2024-10-18,Visakhapatnam,VLSFO,620.32
14861,2024-10-18,Visakhapatnam,LSMGO,854.46
14862,2024-10-18,Visakhapatnam,IFO380,450.53
14863,2024-10-18,Houston,VLSFO,544.46
14864,2024-10-18,Houston,LSMGO,676.97
14865,2024-10-18,Houston,IFO380,396.52
14866,2024-10-21,Singapore,VLSFO,583.89
14867,2024-10-21,Singapore,LSMGO,745.48
14868,2024-10-21,Singapore,IFO380,415.11
14869,2024-10-21,Fujairah,VLSFO,585.83
14870,2024-10-21,Fujairah,LSMGO,761.25
14871,2024-10-21,Fujairah,IFO380,428.88
14872,2024-10-21,Rotterdam,VLSFO,556.74
14873,2024-10-21,Rotterdam,LSMGO,695.46
14874,2024-10-21,Rotterdam,IFO380,403.39
14875,2024-10-21,Visakhapatnam,VLSFO,618.46
14876,2024-10-21,Visakhapatnam,LSMGO,858.73
14877,2024-10-21,Visakhapatnam,IFO380,440.72
14878,2024-10-21,Houston,VLSFO,544.85
14879,2024-10-21,Houston,LSMGO,665.44
14880,2024-10-21,Houston,IFO380,391.39
14881,2024-10-22,Singapore,VLSFO,582.17
14882,2024-10-22,Singapore,LSMGO,743.89
14883,2024-10-22,Singapore,IFO380,418.52
14884,2024-10-22,Fujairah,VLSFO,575.02
14885,2024-10-22,Fujairah,LSMGO,754.3
14886,2024-10-22,Fujairah,IFO380,409.21
14887,2024-10-22,Rotterdam,VLSFO,555.02
14888,2024-10-22,Rotterdam,LSMGO,698.89
14889,2024-10-22,Rotterdam,IFO380,399.55
14890,2024-10-22,Visakhapatnam,VLSFO,623.22
14891,2024-10-22,Visakhapatnam,LSMGO,864.52
14892,2024-10-22,Visakhapatnam,IFO380,452.46
14893,2024-10-22,Houston,VLSFO,543.98
14894,2024-10-22,Houston,LSMGO,658.9
14895,2024-10-22,Houston,IFO380,396.92
14896,2024-10-23,Singapore,VLSFO,582.62
14897,2024-10-23,Singapore,LSMGO,744.23
14898,2024-10-23,Singapore,IFO380,421.46
14899,2024-10-23,Fujairah,VLSFO,571.1
14900,2024-10-23,Fujairah,LSMGO,739.04
14901,2024-10-23,Fujairah,IFO380,414.1
14902,2024-10-23,Rotterdam,VLSFO,554.9
14903,2024-10-23,Rotterdam,LSMGO,703.61
14904,2024-10-23,Rotterdam,IFO380,398.77
14905,2024-10-23,Visakhapatnam,VLSFO,617.84
14906,2024-10-23,Visakhapatnam,LSMGO,856.04
14907,2024-10-23,Visakhapatnam,IFO380,449.74
14908,2024-10-23,Houston,VLSFO,540.24
14909,2024-10-23,Houston,LSMGO,655.03
14910,2024-10-23,Houston,IFO380,387.34
14911,2024-10-24,Singapore,VLSFO,597.87
14912,2024-10-24,Singapore,LSMGO,765.1
14913,2024-10-24,Singapore,IFO380,432.38
14914,2024-10-24,Fujairah,VLSFO,574.8
14915,2024-10-24,Fujairah,LSMGO,764.71
14916,2024-10-24,Fujairah,IFO380,414.85
14917,2024-10-24,Rotterdam,VLSFO,557.09
14918,2024-10-24,Rotterdam,LSMGO,692.02
14919,2024-10-24,Rotterdam,IFO380,395.37
14920,2024-10-24,Visakhapatnam,VLSFO,623.32
14921,2024-10-24,Visakhapatnam,LSMGO,858.18
14922,2024-10-24,Visakhapatnam,IFO380,444.53
14923,2024-10-24,Houston,VLSFO,546.78
14924,2024-10-24,Houston,LSMGO,670.41
14925,2024-10-24,Houston,IFO380,392.3
14926,2024-10-25,Singapore,VLSFO,592.94
14927,2024-10-25,Singapore,LSMGO,773.06
14928,2024-10-25,Singapore,IFO380,434.69
14929,2024-10-25,Fujairah,VLSFO,573.18
14930,2024-10-25,Fujairah,LSMGO,743.88
14931,2024-10-25,Fujairah,IFO380,415.12
14932,2024-10-25,Rotterdam,VLSFO,550.86
14933,2024-10-25,Rotterdam,LSMGO,690.19
14934,2024-10-25,Rotterdam,IFO380,402.21
14935,2024-10-25,Visakhapatnam,VLSFO,622.26
14936,2024-10-25,Visakhapatnam,LSMGO,863.06
14937,2024-10-25,Visakhapatnam,IFO380,451.54
14938,2024-10-25,Houston,VLSFO,541.74
14939,2024-10-25,Houston,LSMGO,669.47
14940,2024-10-25,Houston,IFO380,394.57
14941,2024-10-28,Singapore,VLSFO,581.45
14942,2024-10-28,Singapore,LSMGO,760.91
14943,2024-10-28,Singapore,IFO380,420.3
14944,2024-10-28,Fujairah,VLSFO,581.4
14945,2024-10-28,Fujairah,LSMGO,753.09
14946,2024-10-28,Fujairah,IFO380,414.22
14947,2024-10-28,Rotterdam,VLSFO,557.7
14948,2024-10-28,Rotterdam,LSMGO,701.43
14949,2024-10-28,Rotterdam,IFO380,398.04
14950,2024-10-28,Visakhapatnam,VLSFO,625.38
14951,2024-10-28,Visakhapatnam,LSMGO,862.76
14952,2024-10-28,Visakhapatnam,IFO380,446.73
14953,2024-10-28,Houston,VLSFO,531.78
14954,2024-10-28,Houston,LSMGO,652.54
14955,2024-10-28,Houston,IFO380,378.4
14956,2024-10-29,Singapore,VLSFO,594.98
14957,2024-10-29,Singapore,LSMGO,762.48
14958,2024-10-29,Singapore,IFO380,423.13
14959,2024-10-29,Fujairah,VLSFO,583.46
14960,2024-10-29,Fujairah,LSMGO,766.98
14961,2024-10-29,Fujairah,IFO380,418.57
14962,2024-10-29,Rotterdam,VLSFO,552.98
14963,2024-10-29,Rotterdam,LSMGO,683.03
14964,2024-10-29,Rotterdam,IFO380,391.0
14965,2024-10-29,Visakhapatnam,VLSFO,611.66
14966,2024-10-29,Visakhapatnam,LSMGO,845.91
14967,2024-10-29,Visakhapatnam,IFO380,441.09
14968,2024-10-29,Houston,VLSFO,553.0
14969,2024-10-29,Houston,LSMGO,686.69
14970,2024-10-29,Houston,IFO380,396.41
14971,2024-10-30,Singapore,VLSFO,580.48
14972,2024-10-30,Singapore,LSMGO,750.06
14973,2024-10-30,Singapore,IFO380,411.97
14974,2024-10-30,Fujairah,VLSFO,575.97
14975,2024-10-30,Fujairah,LSMGO,740.49
14976,2024-10-30,Fujairah,IFO380,410.97
14977,2024-10-30,Rotterdam,VLSFO,551.26
14978,2024-10-30,Rotterdam,LSMGO,690.8
14979,2024-10-30,Rotterdam,IFO380,405.72
14980,2024-10-30,Visakhapatnam,VLSFO,619.16
14981,2024-10-30,Visakhapatnam,LSMGO,862.76
14982,2024-10-30,Visakhapatnam,IFO380,448.72
14983,2024-10-30,Houston,VLSFO,549.03
14984,2024-10-30,Houston,LSMGO,677.7
14985,2024-10-30,Houston,IFO380,395.66
14986,2024-10-31,Singapore,VLSFO,583.59
14987,2024-10-31,Singapore,LSMGO,739.36
14988,2024-10-31,Singapore,IFO380,415.7
14989,2024-10-31,Fujairah,VLSFO,577.57
14990,2024-10-31,Fujairah,LSMGO,753.36
14991,2024-10-31,Fujairah,IFO380,410.11
14992,2024-10-31,Rotterdam,VLSFO,556.8
14993,2024-10-31,Rotterdam,LSMGO,695.47
14994,2024-10-31,Rotterdam,IFO380,399.6
14995,2024-10-31,Visakhapatnam,VLSFO,623.87
14996,2024-10-31,Visakhapatnam,LSMGO,854.76
14997,2024-10-31,Visakhapatnam,IFO380,446.83
14998,2024-10-31,Houston,VLSFO,550.55
14999,2024-10-31,Houston,LSMGO,672.5
15000,2024-10-31,Houston,IFO380,392.74
15001,2024-11-01,Singapore,VLSFO,592.93
15002,2024-11-01,Singapore,LSMGO,762.96
15003,2024-11-01,Singapore,IFO380,425.56
15004,2024-11-01,Fujairah,VLSFO,571.26
15005,2024-11-01,Fujairah,LSMGO,743.83
15006,2024-11-01,Fujairah,IFO380,416.77
15007,2024-11-01,Rotterdam,VLSFO,549.35
15008,2024-11-01,Rotterdam,LSMGO,686.64
15009,2024-11-01,Rotterdam,IFO380,398.34
15010,2024-11-01,Visakhapatnam,VLSFO,615.37
15011,2024-11-01,Visakhapatnam,LSMGO,846.21
15012,2024-11-01,Visakhapatnam,IFO380,444.94
15013,2024-11-01,Houston,VLSFO,547.28
15014,2024-11-01,Houston,LSMGO,674.63
15015,2024-11-01,Houston,IFO380,392.4
15016,2024-11-04,Singapore,VLSFO,585.59
15017,2024-11-04,Singapore,LSMGO,754.65
15018,2024-11-04,Singapore,IFO380,419.25
15019,2024-11-04,Fujairah,VLSFO,571.61
15020,2024-11-04,Fujairah,LSMGO,738.73
15021,2024-11-04,Fujairah,IFO380,417.42
15022,2024-11-04,Rotterdam,VLSFO,549.92
15023,2024-11-04,Rotterdam,LSMGO,691.85
15024,2024-11-04,Rotterdam,IFO380,389.6
15025,2024-11-04,Visakhapatnam,VLSFO,630.79
15026,2024-11-04,Visakhapatnam,LSMGO,872.59
15027,2024-11-04,Visakhapatnam,IFO380,452.38
15028,2024-11-04,Houston,VLSFO,553.17
15029,2024-11-04,Houston,LSMGO,677.3
15030,2024-11-04,Houston,IFO380,388.86
15031,2024-11-05,Singapore,VLSFO,596.91
15032,2024-11-05,Singapore,LSMGO,760.54
15033,2024-11-05,Singapore,IFO380,426.47
15034,2024-11-05,Fujairah,VLSFO,569.79
15035,2024-11-05,Fujairah,LSMGO,746.38
15036,2024-11-05,Fujairah,IFO380,403.12
15037,2024-11-05,Rotterdam,VLSFO,564.47
15038,2024-11-05,Rotterdam,LSMGO,709.26
15039,2024-11-05,Rotterdam,IFO380,413.67
15040,2024-11-05,Visakhapatnam,VLSFO,619.11
15041,2024-11-05,Visakhapatnam,LSMGO,864.24
15042,2024-11-05,Visakhapatnam,IFO380,446.08
15043,2024-11-05,Houston,VLSFO,555.62
15044,2024-11-05,Houston,LSMGO,689.39
15045,2024-11-05,Houston,IFO380,394.16
15046,2024-11-06,Singapore,VLSFO,589.89
15047,2024-11-06,Singapore,LSMGO,762.51
15048,2024-11-06,Singapore,IFO380,431.04
15049,2024-11-06,Fujairah,VLSFO,586.13
15050,2024-11-06,Fujairah,LSMGO,768.05
15051,2024-11-06,Fujairah,IFO380,421.16
15052,2024-11-06,Rotterdam,VLSFO,557.03
15053,2024-11-06,Rotterdam,LSMGO,697.09
15054,2024-11-06,Rotterdam,IFO380,393.86
15055,2024-11-06,Visakhapatnam,VLSFO,617.01
15056,2024-11-06,Visakhapatnam,LSMGO,837.65
15057,2024-11-06,Visakhapatnam,IFO380,447.21
15058,2024-11-06,Houston,VLSFO,548.26
15059,2024-11-06,Houston,LSMGO,661.07
15060,2024-11-06,Houston,IFO380,394.64
15061,2024-11-07,Singapore,VLSFO,590.21
15062,2024-11-07,Singapore,LSMGO,766.51
15063,2024-11-07,Singapore,IFO380,430.83
15064,2024-11-07,Fujairah,VLSFO,572.98
15065,2024-11-07,Fujairah,LSMGO,745.61
15066,2024-11-07,Fujairah,IFO380,409.52
15067,2024-11-07,Rotterdam,VLSFO,560.75
15068,2024-11-07,Rotterdam,LSMGO,700.36
15069,2024-11-07,Rotterdam,IFO380,403.61
15070,2024-11-07,Visakhapatnam,VLSFO,626.58
15071,2024-11-07,Visakhapatnam,LSMGO,868.47
15072,2024-11-07,Visakhapatnam,IFO380,454.29
15073,2024-11-07,Houston,VLSFO,541.56
15074,2024-11-07,Houston,LSMGO,679.18
15075,2024-11-07,Houston,IFO380,389.61
15076,2024-11-08,Singapore,VLSFO,590.46
15077,2024-11-08,Singapore,LSMGO,766.76
15078,2024-11-08,Singapore,IFO380,429.98
15079,2024-11-08,Fujairah,VLSFO,574.73
15080,2024-11-08,Fujairah,LSMGO,739.71
15081,2024-11-08,Fujairah,IFO380,405.5
15082,2024-11-08,Rotterdam,VLSFO,564.0
15083,2024-11-08,Rotterdam,LSMGO,716.93
15084,2024-11-08,Rotterdam,IFO380,404.09
15085,2024-11-08,Visakhapatnam,VLSFO,624.07
15086,2024-11-08,Visakhapatnam,LSMGO,870.34
15087,2024-11-08,Visakhapatnam,IFO380,449.59
15088,2024-11-08,Houston,VLSFO,553.53
15089,2024-11-08,Houston,LSMGO,671.87
15090,2024-11-08,Houston,IFO380,401.55
15091,2024-11-11,Singapore,VLSFO,590.91
15092,2024-11-11,Singapore,LSMGO,747.04
15093,2024-11-11,Singapore,IFO380,426.6
15094,2024-11-11,Fujairah,VLSFO,583.98
15095,2024-11-11,Fujairah,LSMGO,765.0
15096,2024-11-11,Fujairah,IFO380,414.18
15097,2024-11-11,Rotterdam,VLSFO,565.81
15098,2024-11-11,Rotterdam,LSMGO,713.25
15099,2024-11-11,Rotterdam,IFO380,405.46
15100,2024-11-11,Visakhapatnam,VLSFO,626.3
15101,2024-11-11,Visakhapatnam,LSMGO,868.78
15102,2024-11-11,Visakhapatnam,IFO380,449.81
15103,2024-11-11,Houston,VLSFO,554.23
15104,2024-11-11,Houston,LSMGO,681.0
15105,2024-11-11,Houston,IFO380,400.67
15106,2024-11-12,Singapore,VLSFO,591.76
15107,2024-11-12,Singapore,LSMGO,755.61
15108,2024-11-12,Singapore,IFO380,428.53
15109,2024-11-12,Fujairah,VLSFO,574.93
15110,2024-11-12,Fujairah,LSMGO,747.77
15111,2024-11-12,Fujairah,IFO380,419.13
15112,2024-11-12,Rotterdam,VLSFO,574.0
15113,2024-11-12,Rotterdam,LSMGO,722.55
15114,2024-11-12,Rotterdam,IFO380,421.39
15115,2024-11-12,Visakhapatnam,VLSFO,629.32
15116,2024-11-12,Visakhapatnam,LSMGO,869.4
15117,2024-11-12,Visakhapatnam,IFO380,453.07
15118,2024-11-12,Houston,VLSFO,551.12
15119,2024-11-12,Houston,LSMGO,671.43
15120,2024-11-12,Houston,IFO380,398.57
15121,2024-11-13,Singapore,VLSFO,589.69
15122,2024-11-13,Singapore,LSMGO,756.57
15123,2024-11-13,Singapore,IFO380,425.22
15124,2024-11-13,Fujairah,VLSFO,577.42
15125,2024-11-13,Fujairah,LSMGO,750.05
15126,2024-11-13,Fujairah,IFO380,409.78
15127,2024-11-13,Rotterdam,VLSFO,566.52
15128,2024-11-13,Rotterdam,LSMGO,716.07
15129,2024-11-13,Rotterdam,IFO380,409.03
15130,2024-11-13,Visakhapatnam,VLSFO,611.41
15131,2024-11-13,Visakhapatnam,LSMGO,840.23
15132,2024-11-13,Visakhapatnam,IFO380,442.5
15133,2024-11-13,Houston,VLSFO,558.0
15134,2024-11-13,Houston,LSMGO,687.72
15135,2024-11-13,Houston,IFO380,407.25
15136,2024-11-14,Singapore,VLSFO,595.1
15137,2024-11-14,Singapore,LSMGO,766.37
15138,2024-11-14,Singapore,IFO380,421.98
15139,2024-11-14,Fujairah,VLSFO,581.04
15140,2024-11-14,Fujairah,LSMGO,758.56
15141,2024-11-14,Fujairah,IFO380,409.94
15142,2024-11-14,Rotterdam,VLSFO,566.29
15143,2024-11-14,Rotterdam,LSMGO,714.12
15144,2024-11-14,Rotterdam,IFO380,408.31
15145,2024-11-14,Visakhapatnam,VLSFO,617.05
15146,2024-11-14,Visakhapatnam,LSMGO,855.9
15147,2024-11-14,Visakhapatnam,IFO380,443.64
15148,2024-11-14,Houston,VLSFO,550.2
15149,2024-11-14,Houston,LSMGO,673.45
15150,2024-11-14,Houston,IFO380,393.25
15151,2024-11-15,Singapore,VLSFO,595.74
15152,2024-11-15,Singapore,LSMGO,767.73
15153,2024-11-15,Singapore,IFO380,418.56
15154,2024-11-15,Fujairah,VLSFO,581.01
15155,2024-11-15,Fujairah,LSMGO,751.63
15156,2024-11-15,Fujairah,IFO380,416.54
15157,2024-11-15,Rotterdam,VLSFO,561.22
15158,2024-11-15,Rotterdam,LSMGO,699.67
15159,2024-11-15,Rotterdam,IFO380,404.97
15160,2024-11-15,Visakhapatnam,VLSFO,634.81
15161,2024-11-15,Visakhapatnam,LSMGO,878.95
15162,2024-11-15,Visakhapatnam,IFO380,454.4
15163,2024-11-15,Houston,VLSFO,550.2
15164,2024-11-15,Houston,LSMGO,672.7
15165,2024-11-15,Houston,IFO380,391.21
15166,2024-11-18,Singapore,VLSFO,602.71
15167,2024-11-18,Singapore,LSMGO,772.55
15168,2024-11-18,Singapore,IFO380,436.51
15169,2024-11-18,Fujairah,VLSFO,590.88
15170,2024-11-18,Fujairah,LSMGO,775.08
15171,2024-11-18,Fujairah,IFO380,424.29
15172,2024-11-18,Rotterdam,VLSFO,561.35
15173,2024-11-18,Rotterdam,LSMGO,716.33
15174,2024-11-18,Rotterdam,IFO380,401.21
15175,2024-11-18,Visakhapatnam,VLSFO,624.31
15176,2024-11-18,Visakhapatnam,LSMGO,863.88
15177,2024-11-18,Visakhapatnam,IFO380,451.74
15178,2024-11-18,Houston,VLSFO,546.09
15179,2024-11-18,Houston,LSMGO,665.6
15180,2024-11-18,Houston,IFO380,390.49
15181,2024-11-19,Singapore,VLSFO,596.79
15182,2024-11-19,Singapore,LSMGO,755.27
15183,2024-11-19,Singapore,IFO380,427.95
15184,2024-11-19,Fujairah,VLSFO,577.93
15185,2024-11-19,Fujairah,LSMGO,763.7
15186,2024-11-19,Fujairah,IFO380,416.42
15187,2024-11-19,Rotterdam,VLSFO,564.85
15188,2024-11-19,Rotterdam,LSMGO,719.24
15189,2024-11-19,Rotterdam,IFO380,413.48
15190,2024-11-19,Visakhapatnam,VLSFO,630.21
15191,2024-11-19,Visakhapatnam,LSMGO,868.5
15192,2024-11-19,Visakhapatnam,IFO380,454.18
15193,2024-11-19,Houston,VLSFO,548.0
15194,2024-11-19,Houston,LSMGO,681.98
15195,2024-11-19,Houston,IFO380,396.32
15196,2024-11-20,Singapore,VLSFO,591.63
15197,2024-11-20,Singapore,LSMGO,754.82
15198,2024-11-20,Singapore,IFO380,430.09
15199,2024-11-20,Fujairah,VLSFO,581.3
15200,2024-11-20,Fujairah,LSMGO,765.03
15201,2024-11-20,Fujairah,IFO380,419.54
15202,2024-11-20,Rotterdam,VLSFO,569.25
15203,2024-11-20,Rotterdam,LSMGO,702.05
15204,2024-11-20,Rotterdam,IFO380,404.86
15205,2024-11-20,Visakhapatnam,VLSFO,630.34
15206,2024-11-20,Visakhapatnam,LSMGO,873.16
15207,2024-11-20,Visakhapatnam,IFO380,447.89
15208,2024-11-20,Houston,VLSFO,547.22
15209,2024-11-20,Houston,LSMGO,673.38
15210,2024-11-20,Houston,IFO380,397.41
15211,2024-11-21,Singapore,VLSFO,599.92
15212,2024-11-21,Singapore,LSMGO,759.18
15213,2024-11-21,Singapore,IFO380,429.87
15214,2024-11-21,Fujairah,VLSFO,570.82
15215,2024-11-21,Fujairah,LSMGO,745.38
15216,2024-11-21,Fujairah,IFO380,413.52
15217,2024-11-21,Rotterdam,VLSFO,571.76
15218,2024-11-21,Rotterdam,LSMGO,710.28
15219,2024-11-21,Rotterdam,IFO380,415.4
15220,2024-11-21,Visakhapatnam,VLSFO,631.71
15221,2024-11-21,Visakhapatnam,LSMGO,866.56
15222,2024-11-21,Visakhapatnam,IFO380,452.07
15223,2024-11-21,Houston,VLSFO,557.18
15224,2024-11-21,Houston,LSMGO,686.8
15225,2024-11-21,Houston,IFO380,401.52
15226,2024-11-22,Singapore,VLSFO,593.33
15227,2024-11-22,Singapore,LSMGO,765.3
15228,2024-11-22,Singapore,IFO380,432.34
15229,2024-11-22,Fujairah,VLSFO,581.73
15230,2024-11-22,Fujairah,LSMGO,757.77
15231,2024-11-22,Fujairah,IFO380,418.26
15232,2024-11-22,Rotterdam,VLSFO,565.62
15233,2024-11-22,Rotterdam,LSMGO,699.06
15234,2024-11-22,Rotterdam,IFO380,412.59
15235,2024-11-22,Visakhapatnam,VLSFO,624.7
15236,2024-11-22,Visakhapatnam,LSMGO,850.73
15237,2024-11-22,Visakhapatnam,IFO380,453.48
15238,2024-11-22,Houston,VLSFO,561.25
15239,2024-11-22,Houston,LSMGO,693.25
15240,2024-11-22,Houston,IFO380,400.27
15241,2024-11-25,Singapore,VLSFO,592.46
15242,2024-11-25,Singapore,LSMGO,767.54
15243,2024-11-25,Singapore,IFO380,427.32
15244,2024-11-25,Fujairah,VLSFO,587.82
15245,2024-11-25,Fujairah,LSMGO,763.14
15246,2024-11-25,Fujairah,IFO380,418.86
15247,2024-11-25,Rotterdam,VLSFO,571.95
15248,2024-11-25,Rotterdam,LSMGO,734.07
15249,2024-11-25,Rotterdam,IFO380,410.65
15250,2024-11-25,Visakhapatnam,VLSFO,638.12
15251,2024-11-25,Visakhapatnam,LSMGO,889.1
15252,2024-11-25,Visakhapatnam,IFO380,461.73
15253,2024-11-25,Houston,VLSFO,551.31
15254,2024-11-25,Houston,LSMGO,686.94
15255,2024-11-25,Houston,IFO380,394.56
15256,2024-11-26,Singapore,VLSFO,597.5
15257,2024-11-26,Singapore,LSMGO,766.83
15258,2024-11-26,Singapore,IFO380,426.16
15259,2024-11-26,Fujairah,VLSFO,584.57
15260,2024-11-26,Fujairah,LSMGO,758.24
15261,2024-11-26,Fujairah,IFO380,421.55
15262,2024-11-26,Rotterdam,VLSFO,565.12
15263,2024-11-26,Rotterdam,LSMGO,708.06
15264,2024-11-26,Rotterdam,IFO380,401.65
15265,2024-11-26,Visakhapatnam,VLSFO,628.97
15266,2024-11-26,Visakhapatnam,LSMGO,877.14
15267,2024-11-26,Visakhapatnam,IFO380,457.57
15268,2024-11-26,Houston,VLSFO,553.87
15269,2024-11-26,Houston,LSMGO,671.56
15270,2024-11-26,Houston,IFO380,398.67
15271,2024-11-27,Singapore,VLSFO,596.73
15272,2024-11-27,Singapore,LSMGO,774.53
15273,2024-11-27,Singapore,IFO380,422.78
15274,2024-11-27,Fujairah,VLSFO,576.49
15275,2024-11-27,Fujairah,LSMGO,755.4
15276,2024-11-27,Fujairah,IFO380,417.21
15277,2024-11-27,Rotterdam,VLSFO,569.47
15278,2024-11-27,Rotterdam,LSMGO,710.54
15279,2024-11-27,Rotterdam,IFO380,411.7
15280,2024-11-27,Visakhapatnam,VLSFO,634.22
15281,2024-11-27,Visakhapatnam,LSMGO,872.87
15282,2024-11-27,Visakhapatnam,IFO380,460.8
15283,2024-11-27,Houston,VLSFO,558.46
15284,2024-11-27,Houston,LSMGO,683.28
15285,2024-11-27,Houston,IFO380,398.42
15286,2024-11-28,Singapore,VLSFO,595.98
15287,2024-11-28,Singapore,LSMGO,757.64
15288,2024-11-28,Singapore,IFO380,430.0
15289,2024-11-28,Fujairah,VLSFO,585.91
15290,2024-11-28,Fujairah,LSMGO,754.93
15291,2024-11-28,Fujairah,IFO380,416.18
15292,2024-11-28,Rotterdam,VLSFO,568.53
15293,2024-11-28,Rotterdam,LSMGO,707.5
15294,2024-11-28,Rotterdam,IFO380,407.99
15295,2024-11-28,Visakhapatnam,VLSFO,633.81
15296,2024-11-28,Visakhapatnam,LSMGO,872.49
15297,2024-11-28,Visakhapatnam,IFO380,462.11
15298,2024-11-28,Houston,VLSFO,557.48
15299,2024-11-28,Houston,LSMGO,683.66
15300,2024-11-28,Houston,IFO380,399.81
15301,2024-11-29,Singapore,VLSFO,592.0
15302,2024-11-29,Singapore,LSMGO,756.17
15303,2024-11-29,Singapore,IFO380,418.11
15304,2024-11-29,Fujairah,VLSFO,585.7
15305,2024-11-29,Fujairah,LSMGO,756.75
15306,2024-11-29,Fujairah,IFO380,420.24
15307,2024-11-29,Rotterdam,VLSFO,570.39
15308,2024-11-29,Rotterdam,LSMGO,721.29
15309,2024-11-29,Rotterdam,IFO380,408.61
15310,2024-11-29,Visakhapatnam,VLSFO,638.8
15311,2024-11-29,Visakhapatnam,LSMGO,878.95
15312,2024-11-29,Visakhapatnam,IFO380,468.04
15313,2024-11-29,Houston,VLSFO,567.81
15314,2024-11-29,Houston,LSMGO,691.39
15315,2024-11-29,Houston,IFO380,402.18
15316,2024-12-02,Singapore,VLSFO,602.1
15317,2024-12-02,Singapore,LSMGO,774.13
15318,2024-12-02,Singapore,IFO380,432.69
15319,2024-12-02,Fujairah,VLSFO,588.85
15320,2024-12-02,Fujairah,LSMGO,765.38
15321,2024-12-02,Fujairah,IFO380,420.55
15322,2024-12-02,Rotterdam,VLSFO,562.26
15323,2024-12-02,Rotterdam,LSMGO,718.0
15324,2024-12-02,Rotterdam,IFO380,404.26
15325,2024-12-02,Visakhapatnam,VLSFO,632.68
15326,2024-12-02,Visakhapatnam,LSMGO,858.08
15327,2024-12-02,Visakhapatnam,IFO380,455.62
15328,2024-12-02,Houston,VLSFO,555.07
15329,2024-12-02,Houston,LSMGO,674.4
15330,2024-12-02,Houston,IFO380,394.88
15331,2024-12-03,Singapore,VLSFO,597.03
15332,2024-12-03,Singapore,LSMGO,771.02
15333,2024-12-03,Singapore,IFO380,432.09
15334,2024-12-03,Fujairah,VLSFO,579.47
15335,2024-12-03,Fujairah,LSMGO,749.36
15336,2024-12-03,Fujairah,IFO380,413.59
15337,2024-12-03,Rotterdam,VLSFO,562.99
15338,2024-12-03,Rotterdam,LSMGO,701.26
15339,2024-12-03,Rotterdam,IFO380,402.95
15340,2024-12-03,Visakhapatnam,VLSFO,634.26
15341,2024-12-03,Visakhapatnam,LSMGO,874.68
15342,2024-12-03,Visakhapatnam,IFO380,456.98
15343,2024-12-03,Houston,VLSFO,558.95
15344,2024-12-03,Houston,LSMGO,688.5
15345,2024-12-03,Houston,IFO380,396.58
15346,2024-12-04,Singapore,VLSFO,593.19
15347,2024-12-04,Singapore,LSMGO,749.56
15348,2024-12-04,Singapore,IFO380,423.77
15349,2024-12-04,Fujairah,VLSFO,590.84
15350,2024-12-04,Fujairah,LSMGO,773.39
15351,2024-12-04,Fujairah,IFO380,420.39
15352,2024-12-04,Rotterdam,VLSFO,563.62
15353,2024-12-04,Rotterdam,LSMGO,709.99
15354,2024-12-04,Rotterdam,IFO380,412.89
15355,2024-12-04,Visakhapatnam,VLSFO,639.07
15356,2024-12-04,Visakhapatnam,LSMGO,888.62
15357,2024-12-04,Visakhapatnam,IFO380,459.68
15358,2024-12-04,Houston,VLSFO,563.57
15359,2024-12-04,Houston,LSMGO,700.2
15360,2024-12-04,Houston,IFO380,403.86
15361,2024-12-05,Singapore,VLSFO,609.88
15362,2024-12-05,Singapore,LSMGO,780.35
15363,2024-12-05,Singapore,IFO380,438.35
15364,2024-12-05,Fujairah,VLSFO,589.82
15365,2024-12-05,Fujairah,LSMGO,774.27
15366,2024-12-05,Fujairah,IFO380,422.2
15367,2024-12-05,Rotterdam,VLSFO,571.57
15368,2024-12-05,Rotterdam,LSMGO,702.19
15369,2024-12-05,Rotterdam,IFO380,411.41
15370,2024-12-05,Visakhapatnam,VLSFO,643.75
15371,2024-12-05,Visakhapatnam,LSMGO,882.05
15372,2024-12-05,Visakhapatnam,IFO380,466.28
15373,2024-12-05,Houston,VLSFO,552.71
15374,2024-12-05,Houston,LSMGO,687.17
15375,2024-12-05,Houston,IFO380,393.76
15376,2024-12-06,Singapore,VLSFO,601.26
15377,2024-12-06,Singapore,LSMGO,774.49
15378,2024-12-06,Singapore,IFO380,430.89
15379,2024-12-06,Fujairah,VLSFO,580.94
15380,2024-12-06,Fujairah,LSMGO,753.63
15381,2024-12-06,Fujairah,IFO380,420.31
15382,2024-12-06,Rotterdam,VLSFO,572.7
15383,2024-12-06,Rotterdam,LSMGO,721.54
15384,2024-12-06,Rotterdam,IFO380,405.78
15385,2024-12-06,Visakhapatnam,VLSFO,636.82
15386,2024-12-06,Visakhapatnam,LSMGO,871.33
15387,2024-12-06,Visakhapatnam,IFO380,457.31
15388,2024-12-06,Houston,VLSFO,553.94
15389,2024-12-06,Houston,LSMGO,690.42
15390,2024-12-06,Houston,IFO380,400.14
15391,2024-12-09,Singapore,VLSFO,604.26
15392,2024-12-09,Singapore,LSMGO,771.7
15393,2024-12-09,Singapore,IFO380,438.97
15394,2024-12-09,Fujairah,VLSFO,594.15
15395,2024-12-09,Fujairah,LSMGO,778.48
15396,2024-12-09,Fujairah,IFO380,426.66
15397,2024-12-09,Rotterdam,VLSFO,561.7
15398,2024-12-09,Rotterdam,LSMGO,718.1
15399,2024-12-09,Rotterdam,IFO380,400.9
15400,2024-12-09,Visakhapatnam,VLSFO,642.34
15401,2024-12-09,Visakhapatnam,LSMGO,896.17
15402,2024-12-09,Visakhapatnam,IFO380,464.33
15403,2024-12-09,Houston,VLSFO,563.31
15404,2024-12-09,Houston,LSMGO,696.44
15405,2024-12-09,Houston,IFO380,407.07
15406,2024-12-10,Singapore,VLSFO,603.45
15407,2024-12-10,Singapore,LSMGO,758.97
15408,2024-12-10,Singapore,IFO380,439.25
15409,2024-12-10,Fujairah,VLSFO,588.83
15410,2024-12-10,Fujairah,LSMGO,773.03
15411,2024-12-10,Fujairah,IFO380,424.8
15412,2024-12-10,Rotterdam,VLSFO,577.4
15413,2024-12-10,Rotterdam,LSMGO,733.85
15414,2024-12-10,Rotterdam,IFO380,418.79
15415,2024-12-10,Visakhapatnam,VLSFO,635.68
15416,2024-12-10,Visakhapatnam,LSMGO,884.62
15417,2024-12-10,Visakhapatnam,IFO380,457.28
15418,2024-12-10,Houston,VLSFO,560.61
15419,2024-12-10,Houston,LSMGO,699.59
15420,2024-12-10,Houston,IFO380,406.47
15421,2024-12-11,Singapore,VLSFO,600.67
15422,2024-12-11,Singapore,LSMGO,753.47
15423,2024-12-11,Singapore,IFO380,440.06
15424,2024-12-11,Fujairah,VLSFO,586.53
15425,2024-12-11,Fujairah,LSMGO,768.29
15426,2024-12-11,Fujairah,IFO380,424.47
15427,2024-12-11,Rotterdam,VLSFO,583.39
15428,2024-12-11,Rotterdam,LSMGO,726.67
15429,2024-12-11,Rotterdam,IFO380,432.74
15430,2024-12-11,Visakhapatnam,VLSFO,636.12
15431,2024-12-11,Visakhapatnam,LSMGO,880.51
15432,2024-12-11,Visakhapatnam,IFO380,449.94
15433,2024-12-11,Houston,VLSFO,560.98
15434,2024-12-11,Houston,LSMGO,697.84
15435,2024-12-11,Houston,IFO380,405.64
15436,2024-12-12,Singapore,VLSFO,592.93
15437,2024-12-12,Singapore,LSMGO,761.84
15438,2024-12-12,Singapore,IFO380,424.82
15439,2024-12-12,Fujairah,VLSFO,595.7
15440,2024-12-12,Fujairah,LSMGO,785.92
15441,2024-12-12,Fujairah,IFO380,428.49
15442,2024-12-12,Rotterdam,VLSFO,569.35
15443,2024-12-12,Rotterdam,LSMGO,714.7
15444,2024-12-12,Rotterdam,IFO380,412.59
15445,2024-12-12,Visakhapatnam,VLSFO,644.41
15446,2024-12-12,Visakhapatnam,LSMGO,888.78
15447,2024-12-12,Visakhapatnam,IFO380,461.25
15448,2024-12-12,Houston,VLSFO,562.84
15449,2024-12-12,Houston,LSMGO,678.12
15450,2024-12-12,Houston,IFO380,403.23
15451,2024-12-13,Singapore,VLSFO,603.43
15452,2024-12-13,Singapore,LSMGO,779.0
15453,2024-12-13,Singapore,IFO380,435.6
15454,2024-12-13,Fujairah,VLSFO,586.44
15455,2024-12-13,Fujairah,LSMGO,756.91
15456,2024-12-13,Fujairah,IFO380,422.52
15457,2024-12-13,Rotterdam,VLSFO,569.26
15458,2024-12-13,Rotterdam,LSMGO,701.85
15459,2024-12-13,Rotterdam,IFO380,410.14
15460,2024-12-13,Visakhapatnam,VLSFO,645.18
15461,2024-12-13,Visakhapatnam,LSMGO,881.47
15462,2024-12-13,Visakhapatnam,IFO380,470.36
15463,2024-12-13,Houston,VLSFO,555.48
15464,2024-12-13,Houston,LSMGO,690.37
15465,2024-12-13,Houston,IFO380,397.8
15466,2024-12-16,Singapore,VLSFO,603.99
15467,2024-12-16,Singapore,LSMGO,779.91
15468,2024-12-16,Singapore,IFO380,429.28
15469,2024-12-16,Fujairah,VLSFO,598.56
15470,2024-12-16,Fujairah,LSMGO,782.47
15471,2024-12-16,Fujairah,IFO380,427.13
15472,2024-12-16,Rotterdam,VLSFO,575.03
15473,2024-12-16,Rotterdam,LSMGO,721.48
15474,2024-12-16,Rotterdam,IFO380,417.46
15475,2024-12-16,Visakhapatnam,VLSFO,644.23
15476,2024-12-16,Visakhapatnam,LSMGO,885.88
15477,2024-12-16,Visakhapatnam,IFO380,457.59
15478,2024-12-16,Houston,VLSFO,557.73
15479,2024-12-16,Houston,LSMGO,680.02
15480,2024-12-16,Houston,IFO380,398.34
15481,2024-12-17,Singapore,VLSFO,600.48
15482,2024-12-17,Singapore,LSMGO,763.78
15483,2024-12-17,Singapore,IFO380,440.25
15484,2024-12-17,Fujairah,VLSFO,596.8
15485,2024-12-17,Fujairah,LSMGO,780.93
15486,2024-12-17,Fujairah,IFO380,432.86
15487,2024-12-17,Rotterdam,VLSFO,586.56
15488,2024-12-17,Rotterdam,LSMGO,747.34
15489,2024-12-17,Rotterdam,IFO380,419.82
15490,2024-12-17,Visakhapatnam,VLSFO,647.03
15491,2024-12-17,Visakhapatnam,LSMGO,883.75
15492,2024-12-17,Visakhapatnam,IFO380,467.14
15493,2024-12-17,Houston,VLSFO,563.75
15494,2024-12-17,Houston,LSMGO,678.18
15495,2024-12-17,Houston,IFO380,408.13
15496,2024-12-18,Singapore,VLSFO,605.51
15497,2024-12-18,Singapore,LSMGO,778.33
15498,2024-12-18,Singapore,IFO380,434.62
15499,2024-12-18,Fujairah,VLSFO,589.85
15500,2024-12-18,Fujairah,LSMGO,776.51
15501,2024-12-18,Fujairah,IFO380,429.66
15502,2024-12-18,Rotterdam,VLSFO,572.27
15503,2024-12-18,Rotterdam,LSMGO,720.72
15504,2024-12-18,Rotterdam,IFO380,413.64
15505,2024-12-18,Visakhapatnam,VLSFO,648.13
15506,2024-12-18,Visakhapatnam,LSMGO,908.91
15507,2024-12-18,Visakhapatnam,IFO380,466.33
15508,2024-12-18,Houston,VLSFO,573.91
15509,2024-12-18,Houston,LSMGO,708.44
15510,2024-12-18,Houston,IFO380,410.49
15511,2024-12-19,Singapore,VLSFO,605.45
15512,2024-12-19,Singapore,LSMGO,778.47
15513,2024-12-19,Singapore,IFO380,441.07
15514,2024-12-19,Fujairah,VLSFO,600.6
15515,2024-12-19,Fujairah,LSMGO,786.71
15516,2024-12-19,Fujairah,IFO380,427.74
15517,2024-12-19,Rotterdam,VLSFO,569.04
15518,2024-12-19,Rotterdam,LSMGO,713.29
15519,2024-12-19,Rotterdam,IFO380,406.45
15520,2024-12-19,Visakhapatnam,VLSFO,642.47
15521,2024-12-19,Visakhapatnam,LSMGO,890.78
15522,2024-12-19,Visakhapatnam,IFO380,458.19
15523,2024-12-19,Houston,VLSFO,567.25
15524,2024-12-19,Houston,LSMGO,691.82
15525,2024-12-19,Houston,IFO380,405.26
15526,2024-12-20,Singapore,VLSFO,614.99
15527,2024-12-20,Singapore,LSMGO,780.63
15528,2024-12-20,Singapore,IFO380,448.09
15529,2024-12-20,Fujairah,VLSFO,595.63
15530,2024-12-20,Fujairah,LSMGO,767.85
15531,2024-12-20,Fujairah,IFO380,429.42
15532,2024-12-20,Rotterdam,VLSFO,577.18
15533,2024-12-20,Rotterdam,LSMGO,729.47
15534,2024-12-20,Rotterdam,IFO380,421.85
15535,2024-12-20,Visakhapatnam,VLSFO,645.12
15536,2024-12-20,Visakhapatnam,LSMGO,890.55
15537,2024-12-20,Visakhapatnam,IFO380,463.41
15538,2024-12-20,Houston,VLSFO,564.46
15539,2024-12-20,Houston,LSMGO,685.76
15540,2024-12-20,Houston,IFO380,408.65
15541,2024-12-23,Singapore,VLSFO,609.43
15542,2024-12-23,Singapore,LSMGO,776.33
15543,2024-12-23,Singapore,IFO380,445.29
15544,2024-12-23,Fujairah,VLSFO,597.71
15545,2024-12-23,Fujairah,LSMGO,776.58
15546,2024-12-23,Fujairah,IFO380,427.06
15547,2024-12-23,Rotterdam,VLSFO,575.29
15548,2024-12-23,Rotterdam,LSMGO,726.17
15549,2024-12-23,Rotterdam,IFO380,411.6
15550,2024-12-23,Visakhapatnam,VLSFO,655.5
15551,2024-12-23,Visakhapatnam,LSMGO,907.38
15552,2024-12-23,Visakhapatnam,IFO380,474.76
15553,2024-12-23,Houston,VLSFO,567.61
15554,2024-12-23,Houston,LSMGO,703.29
15555,2024-12-23,Houston,IFO380,412.69
15556,2024-12-24,Singapore,VLSFO,614.14
15557,2024-12-24,Singapore,LSMGO,789.78
15558,2024-12-24,Singapore,IFO380,444.42
15559,2024-12-24,Fujairah,VLSFO,597.84
15560,2024-12-24,Fujairah,LSMGO,781.07
15561,2024-12-24,Fujairah,IFO380,427.23
15562,2024-12-24,Rotterdam,VLSFO,583.76
15563,2024-12-24,Rotterdam,LSMGO,727.82
15564,2024-12-24,Rotterdam,IFO380,427.4
15565,2024-12-24,Visakhapatnam,VLSFO,633.86
15566,2024-12-24,Visakhapatnam,LSMGO,874.73
15567,2024-12-24,Visakhapatnam,IFO380,451.29
15568,2024-12-24,Houston,VLSFO,563.88
15569,2024-12-24,Houston,LSMGO,685.0
15570,2024-12-24,Houston,IFO380,407.45
15571,2024-12-25,Singapore,VLSFO,612.56
15572,2024-12-25,Singapore,LSMGO,790.46
15573,2024-12-25,Singapore,IFO380,440.54
15574,2024-12-25,Fujairah,VLSFO,590.52
15575,2024-12-25,Fujairah,LSMGO,784.74
15576,2024-12-25,Fujairah,IFO380,427.95
15577,2024-12-25,Rotterdam,VLSFO,576.56
15578,2024-12-25,Rotterdam,LSMGO,723.14
15579,2024-12-25,Rotterdam,IFO380,410.53
15580,2024-12-25,Visakhapatnam,VLSFO,642.49
15581,2024-12-25,Visakhapatnam,LSMGO,880.63
15582,2024-12-25,Visakhapatnam,IFO380,468.72
15583,2024-12-25,Houston,VLSFO,569.82
15584,2024-12-25,Houston,LSMGO,699.6
15585,2024-12-25,Houston,IFO380,408.21
15586,2024-12-26,Singapore,VLSFO,598.68
15587,2024-12-26,Singapore,LSMGO,779.47
15588,2024-12-26,Singapore,IFO380,432.92
15589,2024-12-26,Fujairah,VLSFO,592.83
15590,2024-12-26,Fujairah,LSMGO,780.51
15591,2024-12-26,Fujairah,IFO380,423.28
15592,2024-12-26,Rotterdam,VLSFO,581.53
15593,2024-12-26,Rotterdam,LSMGO,729.82
15594,2024-12-26,Rotterdam,IFO380,419.05
15595,2024-12-26,Visakhapatnam,VLSFO,657.21
15596,2024-12-26,Visakhapatnam,LSMGO,907.51
15597,2024-12-26,Visakhapatnam,IFO380,477.43
15598,2024-12-26,Houston,VLSFO,566.72
15599,2024-12-26,Houston,LSMGO,689.03
15600,2024-12-26,Houston,IFO380,420.19
15601,2024-12-27,Singapore,VLSFO,612.36
15602,2024-12-27,Singapore,LSMGO,774.48
15603,2024-12-27,Singapore,IFO380,443.8
15604,2024-12-27,Fujairah,VLSFO,602.7
15605,2024-12-27,Fujairah,LSMGO,796.87
15606,2024-12-27,Fujairah,IFO380,437.84
15607,2024-12-27,Rotterdam,VLSFO,571.85
15608,2024-12-27,Rotterdam,LSMGO,725.07
15609,2024-12-27,Rotterdam,IFO380,419.07
15610,2024-12-27,Visakhapatnam,VLSFO,646.05
15611,2024-12-27,Visakhapatnam,LSMGO,904.15
15612,2024-12-27,Visakhapatnam,IFO380,466.92
15613,2024-12-27,Houston,VLSFO,567.78
15614,2024-12-27,Houston,LSMGO,704.44
15615,2024-12-27,Houston,IFO380,403.4
15616,2024-12-30,Singapore,VLSFO,612.33
15617,2024-12-30,Singapore,LSMGO,788.19
15618,2024-12-30,Singapore,IFO380,439.54
15619,2024-12-30,Fujairah,VLSFO,590.7
15620,2024-12-30,Fujairah,LSMGO,771.68
15621,2024-12-30,Fujairah,IFO380,421.77
15622,2024-12-30,Rotterdam,VLSFO,580.7
15623,2024-12-30,Rotterdam,LSMGO,735.2
15624,2024-12-30,Rotterdam,IFO380,413.75
15625,2024-12-30,Visakhapatnam,VLSFO,655.9
15626,2024-12-30,Visakhapatnam,LSMGO,902.08
15627,2024-12-30,Visakhapatnam,IFO380,471.77
15628,2024-12-30,Houston,VLSFO,560.86
15629,2024-12-30,Houston,LSMGO,695.46
15630,2024-12-30,Houston,IFO380,397.07
15631,2024-12-31,Singapore,VLSFO,621.25
15632,2024-12-31,Singapore,LSMGO,787.72
15633,2024-12-31,Singapore,IFO380,452.61
15634,2024-12-31,Fujairah,VLSFO,599.65
15635,2024-12-31,Fujairah,LSMGO,789.25
15636,2024-12-31,Fujairah,IFO380,431.93
15637,2024-12-31,Rotterdam,VLSFO,587.18
15638,2024-12-31,Rotterdam,LSMGO,737.62
15639,2024-12-31,Rotterdam,IFO380,419.71
15640,2024-12-31,Visakhapatnam,VLSFO,656.74
15641,2024-12-31,Visakhapatnam,LSMGO,902.59
15642,2024-12-31,Visakhapatnam,IFO380,482.13
15643,2024-12-31,Houston,VLSFO,575.13
15644,2024-12-31,Houston,LSMGO,713.19
15645,2024-12-31,Houston,IFO380,416.28
15646,2025-01-01,Singapore,VLSFO,621.45
15647,2025-01-01,Singapore,LSMGO,794.61
15648,2025-01-01,Singapore,IFO380,443.48
15649,2025-01-01,Fujairah,VLSFO,610.0
15650,2025-01-01,Fujairah,LSMGO,794.84
15651,2025-01-01,Fujairah,IFO380,435.15
15652,2025-01-01,Rotterdam,VLSFO,586.71
15653,2025-01-01,Rotterdam,LSMGO,738.59
15654,2025-01-01,Rotterdam,IFO380,421.15
15655,2025-01-01,Visakhapatnam,VLSFO,655.45
15656,2025-01-01,Visakhapatnam,LSMGO,908.46
15657,2025-01-01,Visakhapatnam,IFO380,468.1
15658,2025-01-01,Houston,VLSFO,577.41
15659,2025-01-01,Houston,LSMGO,712.76
15660,2025-01-01,Houston,IFO380,419.58
15661,2025-01-02,Singapore,VLSFO,621.71
15662,2025-01-02,Singapore,LSMGO,804.27
15663,2025-01-02,Singapore,IFO380,445.85
15664,2025-01-02,Fujairah,VLSFO,605.68
15665,2025-01-02,Fujairah,LSMGO,779.36
15666,2025-01-02,Fujairah,IFO380,436.75
15667,2025-01-02,Rotterdam,VLSFO,583.6
15668,2025-01-02,Rotterdam,LSMGO,729.76
15669,2025-01-02,Rotterdam,IFO380,427.01
15670,2025-01-02,Visakhapatnam,VLSFO,660.14
15671,2025-01-02,Visakhapatnam,LSMGO,912.63
15672,2025-01-02,Visakhapatnam,IFO380,486.38
15673,2025-01-02,Houston,VLSFO,577.87
15674,2025-01-02,Houston,LSMGO,708.39
15675,2025-01-02,Houston,IFO380,414.22
15676,2025-01-03,Singapore,VLSFO,617.05
15677,2025-01-03,Singapore,LSMGO,786.51
15678,2025-01-03,Singapore,IFO380,446.64
15679,2025-01-03,Fujairah,VLSFO,615.18
15680,2025-01-03,Fujairah,LSMGO,810.93
15681,2025-01-03,Fujairah,IFO380,446.65
15682,2025-01-03,Rotterdam,VLSFO,594.84
15683,2025-01-03,Rotterdam,LSMGO,754.33
15684,2025-01-03,Rotterdam,IFO380,424.05
15685,2025-01-03,Visakhapatnam,VLSFO,662.0
15686,2025-01-03,Visakhapatnam,LSMGO,931.06
15687,2025-01-03,Visakhapatnam,IFO380,475.21
15688,2025-01-03,Houston,VLSFO,579.88
15689,2025-01-03,Houston,LSMGO,700.61
15690,2025-01-03,Houston,IFO380,419.18
15691,2025-01-06,Singapore,VLSFO,613.91
15692,2025-01-06,Singapore,LSMGO,786.43
15693,2025-01-06,Singapore,IFO380,439.58
15694,2025-01-06,Fujairah,VLSFO,614.2
15695,2025-01-06,Fujairah,LSMGO,809.0
15696,2025-01-06,Fujairah,IFO380,448.53
15697,2025-01-06,Rotterdam,VLSFO,598.91
15698,2025-01-06,Rotterdam,LSMGO,756.08
15699,2025-01-06,Rotterdam,IFO380,431.85
15700,2025-01-06,Visakhapatnam,VLSFO,665.71
15701,2025-01-06,Visakhapatnam,LSMGO,932.08
15702,2025-01-06,Visakhapatnam,IFO380,478.15
15703,2025-01-06,Houston,VLSFO,579.93
15704,2025-01-06,Houston,LSMGO,717.88
15705,2025-01-06,Houston,IFO380,414.1
15706,2025-01-07,Singapore,VLSFO,628.81
15707,2025-01-07,Singapore,LSMGO,808.39
15708,2025-01-07,Singapore,IFO380,450.53
15709,2025-01-07,Fujairah,VLSFO,612.36
15710,2025-01-07,Fujairah,LSMGO,797.49
15711,2025-01-07,Fujairah,IFO380,436.45
15712,2025-01-07,Rotterdam,VLSFO,586.81
15713,2025-01-07,Rotterdam,LSMGO,727.0
15714,2025-01-07,Rotterdam,IFO380,422.17
15715,2025-01-07,Visakhapatnam,VLSFO,671.62
15716,2025-01-07,Visakhapatnam,LSMGO,927.56
15717,2025-01-07,Visakhapatnam,IFO380,487.21
15718,2025-01-07,Houston,VLSFO,582.16
15719,2025-01-07,Houston,LSMGO,717.49
15720,2025-01-07,Houston,IFO380,421.61
15721,2025-01-08,Singapore,VLSFO,622.37
15722,2025-01-08,Singapore,LSMGO,788.37
15723,2025-01-08,Singapore,IFO380,444.92
15724,2025-01-08,Fujairah,VLSFO,613.02
15725,2025-01-08,Fujairah,LSMGO,802.1
15726,2025-01-08,Fujairah,IFO380,439.21
15727,2025-01-08,Rotterdam,VLSFO,603.52
15728,2025-01-08,Rotterdam,LSMGO,765.56
15729,2025-01-08,Rotterdam,IFO380,433.75
15730,2025-01-08,Visakhapatnam,VLSFO,662.03
15731,2025-01-08,Visakhapatnam,LSMGO,908.38
15732,2025-01-08,Visakhapatnam,IFO380,473.5
15733,2025-01-08,Houston,VLSFO,582.0
15734,2025-01-08,Houston,LSMGO,726.81
15735,2025-01-08,Houston,IFO380,417.96
15736,2025-01-09,Singapore,VLSFO,621.94
15737,2025-01-09,Singapore,LSMGO,803.9
15738,2025-01-09,Singapore,IFO380,440.99
15739,2025-01-09,Fujairah,VLSFO,613.8
15740,2025-01-09,Fujairah,LSMGO,801.85
15741,2025-01-09,Fujairah,IFO380,441.69
15742,2025-01-09,Rotterdam,VLSFO,595.44
15743,2025-01-09,Rotterdam,LSMGO,752.8
15744,2025-01-09,Rotterdam,IFO380,424.66
15745,2025-01-09,Visakhapatnam,VLSFO,650.2
15746,2025-01-09,Visakhapatnam,LSMGO,899.37
15747,2025-01-09,Visakhapatnam,IFO380,469.58
15748,2025-01-09,Houston,VLSFO,594.45
15749,2025-01-09,Houston,LSMGO,729.99
15750,2025-01-09,Houston,IFO380,431.61
15751,2025-01-10,Singapore,VLSFO,622.64
15752,2025-01-10,Singapore,LSMGO,792.99
15753,2025-01-10,Singapore,IFO380,445.59
15754,2025-01-10,Fujairah,VLSFO,622.52
15755,2025-01-10,Fujairah,LSMGO,802.54
15756,2025-01-10,Fujairah,IFO380,447.13
15757,2025-01-10,Rotterdam,VLSFO,594.46
15758,2025-01-10,Rotterdam,LSMGO,745.73
15759,2025-01-10,Rotterdam,IFO380,427.06
15760,2025-01-10,Visakhapatnam,VLSFO,662.23
15761,2025-01-10,Visakhapatnam,LSMGO,920.53
15762,2025-01-10,Visakhapatnam,IFO380,478.59
15763,2025-01-10,Houston,VLSFO,578.62
15764,2025-01-10,Houston,LSMGO,716.32
15765,2025-01-10,Houston,IFO380,414.34
15766,2025-01-13,Singapore,VLSFO,640.12
15767,2025-01-13,Singapore,LSMGO,824.07
15768,2025-01-13,Singapore,IFO380,465.47
15769,2025-01-13,Fujairah,VLSFO,621.42
15770,2025-01-13,Fujairah,LSMGO,807.01
15771,2025-01-13,Fujairah,IFO380,448.51
15772,2025-01-13,Rotterdam,VLSFO,586.84
15773,2025-01-13,Rotterdam,LSMGO,729.85
15774,2025-01-13,Rotterdam,IFO380,422.77
15775,2025-01-13,Visakhapatnam,VLSFO,668.34
15776,2025-01-13,Visakhapatnam,LSMGO,931.4
15777,2025-01-13,Visakhapatnam,IFO380,485.73
15778,2025-01-13,Houston,VLSFO,581.19
15779,2025-01-13,Houston,LSMGO,705.56
15780,2025-01-13,Houston,IFO380,421.01
15781,2025-01-14,Singapore,VLSFO,630.51
15782,2025-01-14,Singapore,LSMGO,813.75
15783,2025-01-14,Singapore,IFO380,455.88
15784,2025-01-14,Fujairah,VLSFO,623.85
15785,2025-01-14,Fujairah,LSMGO,810.37
15786,2025-01-14,Fujairah,IFO380,442.86
15787,2025-01-14,Rotterdam,VLSFO,598.92
15788,2025-01-14,Rotterdam,LSMGO,747.81
15789,2025-01-14,Rotterdam,IFO380,435.2
15790,2025-01-14,Visakhapatnam,VLSFO,661.3
15791,2025-01-14,Visakhapatnam,LSMGO,919.87
15792,2025-01-14,Visakhapatnam,IFO380,484.57
15793,2025-01-14,Houston,VLSFO,586.76
15794,2025-01-14,Houston,LSMGO,728.06
15795,2025-01-14,Houston,IFO380,428.41
15796,2025-01-15,Singapore,VLSFO,626.22
15797,2025-01-15,Singapore,LSMGO,809.01
15798,2025-01-15,Singapore,IFO380,451.39
15799,2025-01-15,Fujairah,VLSFO,615.73
15800,2025-01-15,Fujairah,LSMGO,806.45
15801,2025-01-15,Fujairah,IFO380,446.92
15802,2025-01-15,Rotterdam,VLSFO,601.44
15803,2025-01-15,Rotterdam,LSMGO,743.77
15804,2025-01-15,Rotterdam,IFO380,430.46
15805,2025-01-15,Visakhapatnam,VLSFO,659.59
15806,2025-01-15,Visakhapatnam,LSMGO,919.22
15807,2025-01-15,Visakhapatnam,IFO380,467.8
15808,2025-01-15,Houston,VLSFO,574.39
15809,2025-01-15,Houston,LSMGO,693.62
15810,2025-01-15,Houston,IFO380,409.72
15811,2025-01-16,Singapore,VLSFO,623.53
15812,2025-01-16,Singapore,LSMGO,802.08
15813,2025-01-16,Singapore,IFO380,454.19
15814,2025-01-16,Fujairah,VLSFO,612.47
15815,2025-01-16,Fujairah,LSMGO,787.28
15816,2025-01-16,Fujairah,IFO380,441.6
15817,2025-01-16,Rotterdam,VLSFO,598.17
15818,2025-01-16,Rotterdam,LSMGO,741.2
15819,2025-01-16,Rotterdam,IFO380,428.98
15820,2025-01-16,Visakhapatnam,VLSFO,672.27
15821,2025-01-16,Visakhapatnam,LSMGO,919.63
15822,2025-01-16,Visakhapatnam,IFO380,482.67
15823,2025-01-16,Houston,VLSFO,587.36
15824,2025-01-16,Houston,LSMGO,721.78
15825,2025-01-16,Houston,IFO380,432.96
15826,2025-01-17,Singapore,VLSFO,625.38
15827,2025-01-17,Singapore,LSMGO,801.78
15828,2025-01-17,Singapore,IFO380,453.71
15829,2025-01-17,Fujairah,VLSFO,617.19
15830,2025-01-17,Fujairah,LSMGO,802.01
15831,2025-01-17,Fujairah,IFO380,431.02
15832,2025-01-17,Rotterdam,VLSFO,596.21
15833,2025-01-17,Rotterdam,LSMGO,744.09
15834,2025-01-17,Rotterdam,IFO380,426.23
15835,2025-01-17,Visakhapatnam,VLSFO,658.87
15836,2025-01-17,Visakhapatnam,LSMGO,914.69
15837,2025-01-17,Visakhapatnam,IFO380,470.26
15838,2025-01-17,Houston,VLSFO,582.1
15839,2025-01-17,Houston,LSMGO,719.44
15840,2025-01-17,Houston,IFO380,421.01
15841,2025-01-20,Singapore,VLSFO,630.18
15842,2025-01-20,Singapore,LSMGO,804.02
15843,2025-01-20,Singapore,IFO380,456.98
15844,2025-01-20,Fujairah,VLSFO,626.83
15845,2025-01-20,Fujairah,LSMGO,814.57
15846,2025-01-20,Fujairah,IFO380,454.53
15847,2025-01-20,Rotterdam,VLSFO,609.86
15848,2025-01-20,Rotterdam,LSMGO,760.33
15849,2025-01-20,Rotterdam,IFO380,440.26
15850,2025-01-20,Visakhapatnam,VLSFO,652.31
15851,2025-01-20,Visakhapatnam,LSMGO,904.53
15852,2025-01-20,Visakhapatnam,IFO380,465.31
15853,2025-01-20,Houston,VLSFO,587.99
15854,2025-01-20,Houston,LSMGO,713.29
15855,2025-01-20,Houston,IFO380,416.54
15856,2025-01-21,Singapore,VLSFO,629.41
15857,2025-01-21,Singapore,LSMGO,795.39
15858,2025-01-21,Singapore,IFO380,453.14
15859,2025-01-21,Fujairah,VLSFO,616.46
15860,2025-01-21,Fujairah,LSMGO,806.97
15861,2025-01-21,Fujairah,IFO380,439.31
15862,2025-01-21,Rotterdam,VLSFO,606.11
15863,2025-01-21,Rotterdam,LSMGO,754.81
15864,2025-01-21,Rotterdam,IFO380,425.19
15865,2025-01-21,Visakhapatnam,VLSFO,664.6
15866,2025-01-21,Visakhapatnam,LSMGO,928.7
15867,2025-01-21,Visakhapatnam,IFO380,483.53
15868,2025-01-21,Houston,VLSFO,581.94
15869,2025-01-21,Houston,LSMGO,712.52
15870,2025-01-21,Houston,IFO380,410.23
15871,2025-01-22,Singapore,VLSFO,637.04
15872,2025-01-22,Singapore,LSMGO,815.49
15873,2025-01-22,Singapore,IFO380,466.44
15874,2025-01-22,Fujairah,VLSFO,623.44
15875,2025-01-22,Fujairah,LSMGO,811.79
15876,2025-01-22,Fujairah,IFO380,449.49
15877,2025-01-22,Rotterdam,VLSFO,604.66
15878,2025-01-22,Rotterdam,LSMGO,756.59
15879,2025-01-22,Rotterdam,IFO380,436.91
15880,2025-01-22,Visakhapatnam,VLSFO,666.23
15881,2025-01-22,Visakhapatnam,LSMGO,915.51
15882,2025-01-22,Visakhapatnam,IFO380,481.29
15883,2025-01-22,Houston,VLSFO,595.91
15884,2025-01-22,Houston,LSMGO,726.53
15885,2025-01-22,Houston,IFO380,430.68
15886,2025-01-23,Singapore,VLSFO,631.32
15887,2025-01-23,Singapore,LSMGO,802.84
15888,2025-01-23,Singapore,IFO380,455.21
15889,2025-01-23,Fujairah,VLSFO,623.72
15890,2025-01-23,Fujairah,LSMGO,815.12
15891,2025-01-23,Fujairah,IFO380,446.88
15892,2025-01-23,Rotterdam,VLSFO,602.45
15893,2025-01-23,Rotterdam,LSMGO,751.27
15894,2025-01-23,Rotterdam,IFO380,429.89
15895,2025-01-23,Visakhapatnam,VLSFO,673.41
15896,2025-01-23,Visakhapatnam,LSMGO,930.77
15897,2025-01-23,Visakhapatnam,IFO380,481.46
15898,2025-01-23,Houston,VLSFO,591.39
15899,2025-01-23,Houston,LSMGO,719.74
15900,2025-01-23,Houston,IFO380,427.49
15901,2025-01-24,Singapore,VLSFO,630.68
15902,2025-01-24,Singapore,LSMGO,803.69
15903,2025-01-24,Singapore,IFO380,456.9
15904,2025-01-24,Fujairah,VLSFO,620.49
15905,2025-01-24,Fujairah,LSMGO,812.08
15906,2025-01-24,Fujairah,IFO380,440.22
15907,2025-01-24,Rotterdam,VLSFO,607.37
15908,2025-01-24,Rotterdam,LSMGO,758.66
15909,2025-01-24,Rotterdam,IFO380,434.32
15910,2025-01-24,Visakhapatnam,VLSFO,685.48
15911,2025-01-24,Visakhapatnam,LSMGO,938.27
15912,2025-01-24,Visakhapatnam,IFO380,497.81
15913,2025-01-24,Houston,VLSFO,587.65
15914,2025-01-24,Houston,LSMGO,719.91
15915,2025-01-24,Houston,IFO380,425.9
15916,2025-01-27,Singapore,VLSFO,635.03
15917,2025-01-27,Singapore,LSMGO,809.98
15918,2025-01-27,Singapore,IFO380,452.57
15919,2025-01-27,Fujairah,VLSFO,623.02
15920,2025-01-27,Fujairah,LSMGO,800.25
15921,2025-01-27,Fujairah,IFO380,450.22
15922,2025-01-27,Rotterdam,VLSFO,609.19
15923,2025-01-27,Rotterdam,LSMGO,772.71
15924,2025-01-27,Rotterdam,IFO380,445.19
15925,2025-01-27,Visakhapatnam,VLSFO,666.19
15926,2025-01-27,Visakhapatnam,LSMGO,917.66
15927,2025-01-27,Visakhapatnam,IFO380,482.69
15928,2025-01-27,Houston,VLSFO,598.67
15929,2025-01-27,Houston,LSMGO,731.47
15930,2025-01-27,Houston,IFO380,431.08
15931,2025-01-28,Singapore,VLSFO,634.97
15932,2025-01-28,Singapore,LSMGO,803.25
15933,2025-01-28,Singapore,IFO380,453.0
15934,2025-01-28,Fujairah,VLSFO,622.02
15935,2025-01-28,Fujairah,LSMGO,801.47
15936,2025-01-28,Fujairah,IFO380,451.32
15937,2025-01-28,Rotterdam,VLSFO,603.1
15938,2025-01-28,Rotterdam,LSMGO,761.82
15939,2025-01-28,Rotterdam,IFO380,437.86
15940,2025-01-28,Visakhapatnam,VLSFO,678.49
15941,2025-01-28,Visakhapatnam,LSMGO,944.22
15942,2025-01-28,Visakhapatnam,IFO380,485.57
15943,2025-01-28,Houston,VLSFO,587.71
15944,2025-01-28,Houston,LSMGO,720.36
15945,2025-01-28,Houston,IFO380,422.84
15946,2025-01-29,Singapore,VLSFO,636.71
15947,2025-01-29,Singapore,LSMGO,818.51
15948,2025-01-29,Singapore,IFO380,454.58
15949,2025-01-29,Fujairah,VLSFO,621.8
15950,2025-01-29,Fujairah,LSMGO,811.56
15951,2025-01-29,Fujairah,IFO380,445.01
15952,2025-01-29,Rotterdam,VLSFO,596.23
15953,2025-01-29,Rotterdam,LSMGO,739.18
15954,2025-01-29,Rotterdam,IFO380,426.88
15955,2025-01-29,Visakhapatnam,VLSFO,677.96
15956,2025-01-29,Visakhapatnam,LSMGO,938.69
15957,2025-01-29,Visakhapatnam,IFO380,485.42
15958,2025-01-29,Houston,VLSFO,582.64
15959,2025-01-29,Houston,LSMGO,711.16
15960,2025-01-29,Houston,IFO380,418.54
15961,2025-01-30,Singapore,VLSFO,637.76
15962,2025-01-30,Singapore,LSMGO,818.73
15963,2025-01-30,Singapore,IFO380,459.62
15964,2025-01-30,Fujairah,VLSFO,630.78
15965,2025-01-30,Fujairah,LSMGO,823.78
15966,2025-01-30,Fujairah,IFO380,453.0
15967,2025-01-30,Rotterdam,VLSFO,604.08
15968,2025-01-30,Rotterdam,LSMGO,760.09
15969,2025-01-30,Rotterdam,IFO380,438.35
15970,2025-01-30,Visakhapatnam,VLSFO,678.71
15971,2025-01-30,Visakhapatnam,LSMGO,930.28
15972,2025-01-30,Visakhapatnam,IFO380,491.2
15973,2025-01-30,Houston,VLSFO,592.13
15974,2025-01-30,Houston,LSMGO,728.28
15975,2025-01-30,Houston,IFO380,428.46
15976,2025-01-31,Singapore,VLSFO,638.61
15977,2025-01-31,Singapore,LSMGO,819.35
15978,2025-01-31,Singapore,IFO380,459.94
15979,2025-01-31,Fujairah,VLSFO,617.27
15980,2025-01-31,Fujairah,LSMGO,801.01
15981,2025-01-31,Fujairah,IFO380,444.09
15982,2025-01-31,Rotterdam,VLSFO,607.17
15983,2025-01-31,Rotterdam,LSMGO,768.58
15984,2025-01-31,Rotterdam,IFO380,436.26
15985,2025-01-31,Visakhapatnam,VLSFO,665.93
15986,2025-01-31,Visakhapatnam,LSMGO,911.57
15987,2025-01-31,Visakhapatnam,IFO380,488.27
15988,2025-01-31,Houston,VLSFO,591.5
15989,2025-01-31,Houston,LSMGO,728.88
15990,2025-01-31,Houston,IFO380,425.45
15991,2025-02-03,Singapore,VLSFO,642.93
15992,2025-02-03,Singapore,LSMGO,823.6
15993,2025-02-03,Singapore,IFO380,457.77
15994,2025-02-03,Fujairah,VLSFO,633.3
15995,2025-02-03,Fujairah,LSMGO,826.14
15996,2025-02-03,Fujairah,IFO380,460.75
15997,2025-02-03,Rotterdam,VLSFO,607.0
15998,2025-02-03,Rotterdam,LSMGO,768.34
15999,2025-02-03,Rotterdam,IFO380,437.92
16000,2025-02-03,Visakhapatnam,VLSFO,678.04
16001,2025-02-03,Visakhapatnam,LSMGO,944.49
16002,2025-02-03,Visakhapatnam,IFO380,490.55
16003,2025-02-03,Houston,VLSFO,603.44
16004,2025-02-03,Houston,LSMGO,743.93
16005,2025-02-03,Houston,IFO380,428.31
16006,2025-02-04,Singapore,VLSFO,640.43
16007,2025-02-04,Singapore,LSMGO,814.8
16008,2025-02-04,Singapore,IFO380,460.94
16009,2025-02-04,Fujairah,VLSFO,627.15
16010,2025-02-04,Fujairah,LSMGO,823.81
16011,2025-02-04,Fujairah,IFO380,450.33
16012,2025-02-04,Rotterdam,VLSFO,607.93
16013,2025-02-04,Rotterdam,LSMGO,773.79
16014,2025-02-04,Rotterdam,IFO380,443.11
16015,2025-02-04,Visakhapatnam,VLSFO,679.56
16016,2025-02-04,Visakhapatnam,LSMGO,931.47
16017,2025-02-04,Visakhapatnam,IFO380,494.11
16018,2025-02-04,Houston,VLSFO,595.17
16019,2025-02-04,Houston,LSMGO,728.79
16020,2025-02-04,Houston,IFO380,425.72
16021,2025-02-05,Singapore,VLSFO,649.05
16022,2025-02-05,Singapore,LSMGO,857.22
16023,2025-02-05,Singapore,IFO380,469.39
16024,2025-02-05,Fujairah,VLSFO,633.66
16025,2025-02-05,Fujairah,LSMGO,823.02
16026,2025-02-05,Fujairah,IFO380,457.13
16027,2025-02-05,Rotterdam,VLSFO,601.52
16028,2025-02-05,Rotterdam,LSMGO,744.39
16029,2025-02-05,Rotterdam,IFO380,440.68
16030,2025-02-05,Visakhapatnam,VLSFO,673.89
16031,2025-02-05,Visakhapatnam,LSMGO,942.71
16032,2025-02-05,Visakhapatnam,IFO380,487.04
16033,2025-02-05,Houston,VLSFO,602.82
16034,2025-02-05,Houston,LSMGO,740.62
16035,2025-02-05,Houston,IFO380,438.63
16036,2025-02-06,Singapore,VLSFO,638.54
16037,2025-02-06,Singapore,LSMGO,817.47
16038,2025-02-06,Singapore,IFO380,465.18
16039,2025-02-06,Fujairah,VLSFO,633.53
16040,2025-02-06,Fujairah,LSMGO,825.56
16041,2025-02-06,Fujairah,IFO380,458.47
16042,2025-02-06,Rotterdam,VLSFO,609.36
16043,2025-02-06,Rotterdam,LSMGO,769.42
16044,2025-02-06,Rotterdam,IFO380,434.94
16045,2025-02-06,Visakhapatnam,VLSFO,672.58
16046,2025-02-06,Visakhapatnam,LSMGO,928.7
16047,2025-02-06,Visakhapatnam,IFO380,480.88
16048,2025-02-06,Houston,VLSFO,589.95
16049,2025-02-06,Houston,LSMGO,728.04
16050,2025-02-06,Houston,IFO380,426.54
16051,2025-02-07,Singapore,VLSFO,636.96
16052,2025-02-07,Singapore,LSMGO,807.96
16053,2025-02-07,Singapore,IFO380,458.34
16054,2025-02-07,Fujairah,VLSFO,630.18
16055,2025-02-07,Fujairah,LSMGO,829.17
16056,2025-02-07,Fujairah,IFO380,459.94
16057,2025-02-07,Rotterdam,VLSFO,601.8
16058,2025-02-07,Rotterdam,LSMGO,740.32
16059,2025-02-07,Rotterdam,IFO380,432.26
16060,2025-02-07,Visakhapatnam,VLSFO,686.6
16061,2025-02-07,Visakhapatnam,LSMGO,951.32
16062,2025-02-07,Visakhapatnam,IFO380,493.58
16063,2025-02-07,Houston,VLSFO,595.76
16064,2025-02-07,Houston,LSMGO,735.49
16065,2025-02-07,Houston,IFO380,427.18
16066,2025-02-10,Singapore,VLSFO,638.07
16067,2025-02-10,Singapore,LSMGO,811.82
16068,2025-02-10,Singapore,IFO380,456.16
16069,2025-02-10,Fujairah,VLSFO,623.43
16070,2025-02-10,Fujairah,LSMGO,818.97
16071,2025-02-10,Fujairah,IFO380,448.7
16072,2025-02-10,Rotterdam,VLSFO,605.63
16073,2025-02-10,Rotterdam,LSMGO,756.95
16074,2025-02-10,Rotterdam,IFO380,433.43
16075,2025-02-10,Visakhapatnam,VLSFO,680.23
16076,2025-02-10,Visakhapatnam,LSMGO,949.55
16077,2025-02-10,Visakhapatnam,IFO380,487.38
16078,2025-02-10,Houston,VLSFO,602.13
16079,2025-02-10,Houston,LSMGO,736.79
16080,2025-02-10,Houston,IFO380,441.91
16081,2025-02-11,Singapore,VLSFO,637.96
16082,2025-02-11,Singapore,LSMGO,832.33
16083,2025-02-11,Singapore,IFO380,454.65
16084,2025-02-11,Fujairah,VLSFO,630.25
16085,2025-02-11,Fujairah,LSMGO,824.78
16086,2025-02-11,Fujairah,IFO380,446.2
16087,2025-02-11,Rotterdam,VLSFO,607.28
16088,2025-02-11,Rotterdam,LSMGO,765.79
16089,2025-02-11,Rotterdam,IFO380,432.37
16090,2025-02-11,Visakhapatnam,VLSFO,676.08
16091,2025-02-11,Visakhapatnam,LSMGO,939.24
16092,2025-02-11,Visakhapatnam,IFO380,489.87
16093,2025-02-11,Houston,VLSFO,608.6
16094,2025-02-11,Houston,LSMGO,749.23
16095,2025-02-11,Houston,IFO380,438.2
16096,2025-02-12,Singapore,VLSFO,640.11
16097,2025-02-12,Singapore,LSMGO,811.65
16098,2025-02-12,Singapore,IFO380,458.93
16099,2025-02-12,Fujairah,VLSFO,633.1
16100,2025-02-12,Fujairah,LSMGO,829.26
16101,2025-02-12,Fujairah,IFO380,460.55
16102,2025-02-12,Rotterdam,VLSFO,605.95
16103,2025-02-12,Rotterdam,LSMGO,753.42
16104,2025-02-12,Rotterdam,IFO380,428.02
16105,2025-02-12,Visakhapatnam,VLSFO,680.86
16106,2025-02-12,Visakhapatnam,LSMGO,938.99
16107,2025-02-12,Visakhapatnam,IFO380,487.01
16108,2025-02-12,Houston,VLSFO,590.57
16109,2025-02-12,Houston,LSMGO,726.5
16110,2025-02-12,Houston,IFO380,419.19
16111,2025-02-13,Singapore,VLSFO,639.02
16112,2025-02-13,Singapore,LSMGO,806.05
16113,2025-02-13,Singapore,IFO380,460.41
16114,2025-02-13,Fujairah,VLSFO,620.48
16115,2025-02-13,Fujairah,LSMGO,813.36
16116,2025-02-13,Fujairah,IFO380,444.94
16117,2025-02-13,Rotterdam,VLSFO,611.24
16118,2025-02-13,Rotterdam,LSMGO,763.62
16119,2025-02-13,Rotterdam,IFO380,434.43
16120,2025-02-13,Visakhapatnam,VLSFO,688.44
16121,2025-02-13,Visakhapatnam,LSMGO,953.1
16122,2025-02-13,Visakhapatnam,IFO380,498.13
16123,2025-02-13,Houston,VLSFO,594.5
16124,2025-02-13,Houston,LSMGO,730.4
16125,2025-02-13,Houston,IFO380,429.48
16126,2025-02-14,Singapore,VLSFO,643.77
16127,2025-02-14,Singapore,LSMGO,845.75
16128,2025-02-14,Singapore,IFO380,463.21
16129,2025-02-14,Fujairah,VLSFO,637.83
16130,2025-02-14,Fujairah,LSMGO,831.96
16131,2025-02-14,Fujairah,IFO380,456.33
16132,2025-02-14,Rotterdam,VLSFO,614.91
16133,2025-02-14,Rotterdam,LSMGO,752.06
16134,2025-02-14,Rotterdam,IFO380,446.22
16135,2025-02-14,Visakhapatnam,VLSFO,677.42
16136,2025-02-14,Visakhapatnam,LSMGO,940.84
16137,2025-02-14,Visakhapatnam,IFO380,489.13
16138,2025-02-14,Houston,VLSFO,604.35
16139,2025-02-14,Houston,LSMGO,731.6
16140,2025-02-14,Houston,IFO380,426.98
16141,2025-02-17,Singapore,VLSFO,661.14
16142,2025-02-17,Singapore,LSMGO,844.74
16143,2025-02-17,Singapore,IFO380,475.56
16144,2025-02-17,Fujairah,VLSFO,632.52
16145,2025-02-17,Fujairah,LSMGO,824.86
16146,2025-02-17,Fujairah,IFO380,456.71
16147,2025-02-17,Rotterdam,VLSFO,615.47
16148,2025-02-17,Rotterdam,LSMGO,769.35
16149,2025-02-17,Rotterdam,IFO380,438.2
16150,2025-02-17,Visakhapatnam,VLSFO,686.03
16151,2025-02-17,Visakhapatnam,LSMGO,941.0
16152,2025-02-17,Visakhapatnam,IFO380,494.51
16153,2025-02-17,Houston,VLSFO,607.34
16154,2025-02-17,Houston,LSMGO,745.95
16155,2025-02-17,Houston,IFO380,438.52
16156,2025-02-18,Singapore,VLSFO,640.74
16157,2025-02-18,Singapore,LSMGO,823.06
16158,2025-02-18,Singapore,IFO380,457.65
16159,2025-02-18,Fujairah,VLSFO,642.48
16160,2025-02-18,Fujairah,LSMGO,831.95
16161,2025-02-18,Fujairah,IFO380,459.45
16162,2025-02-18,Rotterdam,VLSFO,617.28
16163,2025-02-18,Rotterdam,LSMGO,767.23
16164,2025-02-18,Rotterdam,IFO380,445.75
16165,2025-02-18,Visakhapatnam,VLSFO,687.07
16166,2025-02-18,Visakhapatnam,LSMGO,948.86
16167,2025-02-18,Visakhapatnam,IFO380,488.62
16168,2025-02-18,Houston,VLSFO,599.3
16169,2025-02-18,Houston,LSMGO,737.3
16170,2025-02-18,Houston,IFO380,429.36
16171,2025-02-19,Singapore,VLSFO,635.48
16172,2025-02-19,Singapore,LSMGO,831.69
16173,2025-02-19,Singapore,IFO380,461.67
16174,2025-02-19,Fujairah,VLSFO,643.65
16175,2025-02-19,Fujairah,LSMGO,840.6
16176,2025-02-19,Fujairah,IFO380,466.42
16177,2025-02-19,Rotterdam,VLSFO,615.55
16178,2025-02-19,Rotterdam,LSMGO,774.06
16179,2025-02-19,Rotterdam,IFO380,436.38
16180,2025-02-19,Visakhapatnam,VLSFO,685.44
16181,2025-02-19,Visakhapatnam,LSMGO,954.07
16182,2025-02-19,Visakhapatnam,IFO380,491.61
16183,2025-02-19,Houston,VLSFO,600.58
16184,2025-02-19,Houston,LSMGO,736.12
16185,2025-02-19,Houston,IFO380,425.51
16186,2025-02-20,Singapore,VLSFO,638.01
16187,2025-02-20,Singapore,LSMGO,817.99
16188,2025-02-20,Singapore,IFO380,460.08
16189,2025-02-20,Fujairah,VLSFO,644.37
16190,2025-02-20,Fujairah,LSMGO,839.92
16191,2025-02-20,Fujairah,IFO380,467.99
16192,2025-02-20,Rotterdam,VLSFO,607.66
16193,2025-02-20,Rotterdam,LSMGO,762.5
16194,2025-02-20,Rotterdam,IFO380,440.37
16195,2025-02-20,Visakhapatnam,VLSFO,682.4
16196,2025-02-20,Visakhapatnam,LSMGO,935.97
16197,2025-02-20,Visakhapatnam,IFO380,488.67
16198,2025-02-20,Houston,VLSFO,598.13
16199,2025-02-20,Houston,LSMGO,732.56
16200,2025-02-20,Houston,IFO380,430.96
16201,2025-02-21,Singapore,VLSFO,646.84
16202,2025-02-21,Singapore,LSMGO,832.42
16203,2025-02-21,Singapore,IFO380,467.99
16204,2025-02-21,Fujairah,VLSFO,630.78
16205,2025-02-21,Fujairah,LSMGO,823.32
16206,2025-02-21,Fujairah,IFO380,448.68
16207,2025-02-21,Rotterdam,VLSFO,608.04
16208,2025-02-21,Rotterdam,LSMGO,759.56
16209,2025-02-21,Rotterdam,IFO380,440.2
16210,2025-02-21,Visakhapatnam,VLSFO,691.16
16211,2025-02-21,Visakhapatnam,LSMGO,950.04
16212,2025-02-21,Visakhapatnam,IFO380,492.38
16213,2025-02-21,Houston,VLSFO,598.53
16214,2025-02-21,Houston,LSMGO,735.19
16215,2025-02-21,Houston,IFO380,430.73
16216,2025-02-24,Singapore,VLSFO,647.48
16217,2025-02-24,Singapore,LSMGO,834.04
16218,2025-02-24,Singapore,IFO380,466.33
16219,2025-02-24,Fujairah,VLSFO,635.28
16220,2025-02-24,Fujairah,LSMGO,811.63
16221,2025-02-24,Fujairah,IFO380,461.37
16222,2025-02-24,Rotterdam,VLSFO,612.64
16223,2025-02-24,Rotterdam,LSMGO,762.46
16224,2025-02-24,Rotterdam,IFO380,439.7
16225,2025-02-24,Visakhapatnam,VLSFO,693.84
16226,2025-02-24,Visakhapatnam,LSMGO,969.53
16227,2025-02-24,Visakhapatnam,IFO380,499.67
16228,2025-02-24,Houston,VLSFO,613.92
16229,2025-02-24,Houston,LSMGO,750.52
16230,2025-02-24,Houston,IFO380,445.47
16231,2025-02-25,Singapore,VLSFO,649.73
16232,2025-02-25,Singapore,LSMGO,833.71
16233,2025-02-25,Singapore,IFO380,470.07
16234,2025-02-25,Fujairah,VLSFO,630.85
16235,2025-02-25,Fujairah,LSMGO,834.35
16236,2025-02-25,Fujairah,IFO380,459.79
16237,2025-02-25,Rotterdam,VLSFO,609.09
16238,2025-02-25,Rotterdam,LSMGO,770.46
16239,2025-02-25,Rotterdam,IFO380,437.66
16240,2025-02-25,Visakhapatnam,VLSFO,691.43
16241,2025-02-25,Visakhapatnam,LSMGO,951.24
16242,2025-02-25,Visakhapatnam,IFO380,498.28
16243,2025-02-25,Houston,VLSFO,604.39
16244,2025-02-25,Houston,LSMGO,736.64
16245,2025-02-25,Houston,IFO380,442.04
16246,2025-02-26,Singapore,VLSFO,640.47
16247,2025-02-26,Singapore,LSMGO,829.69
16248,2025-02-26,Singapore,IFO380,460.85
16249,2025-02-26,Fujairah,VLSFO,635.27
16250,2025-02-26,Fujairah,LSMGO,827.93
16251,2025-02-26,Fujairah,IFO380,456.63
16252,2025-02-26,Rotterdam,VLSFO,614.31
16253,2025-02-26,Rotterdam,LSMGO,778.15
16254,2025-02-26,Rotterdam,IFO380,445.88
16255,2025-02-26,Visakhapatnam,VLSFO,683.58
16256,2025-02-26,Visakhapatnam,LSMGO,953.09
16257,2025-02-26,Visakhapatnam,IFO380,492.84
16258,2025-02-26,Houston,VLSFO,605.91
16259,2025-02-26,Houston,LSMGO,733.21
16260,2025-02-26,Houston,IFO380,437.38
16261,2025-02-27,Singapore,VLSFO,654.12
16262,2025-02-27,Singapore,LSMGO,834.66
16263,2025-02-27,Singapore,IFO380,472.36
16264,2025-02-27,Fujairah,VLSFO,630.59
16265,2025-02-27,Fujairah,LSMGO,829.03
16266,2025-02-27,Fujairah,IFO380,452.65
16267,2025-02-27,Rotterdam,VLSFO,618.35
16268,2025-02-27,Rotterdam,LSMGO,786.91
16269,2025-02-27,Rotterdam,IFO380,442.61
16270,2025-02-27,Visakhapatnam,VLSFO,677.89
16271,2025-02-27,Visakhapatnam,LSMGO,944.79
16272,2025-02-27,Visakhapatnam,IFO380,490.93
16273,2025-02-27,Houston,VLSFO,596.29
16274,2025-02-27,Houston,LSMGO,727.91
16275,2025-02-27,Houston,IFO380,429.63
16276,2025-02-28,Singapore,VLSFO,645.86
16277,2025-02-28,Singapore,LSMGO,820.62
16278,2025-02-28,Singapore,IFO380,458.98
16279,2025-02-28,Fujairah,VLSFO,636.5
16280,2025-02-28,Fujairah,LSMGO,838.17
16281,2025-02-28,Fujairah,IFO380,460.73
16282,2025-02-28,Rotterdam,VLSFO,615.87
16283,2025-02-28,Rotterdam,LSMGO,766.15
16284,2025-02-28,Rotterdam,IFO380,443.07
16285,2025-02-28,Visakhapatnam,VLSFO,688.36
16286,2025-02-28,Visakhapatnam,LSMGO,956.76
16287,2025-02-28,Visakhapatnam,IFO380,495.8
16288,2025-02-28,Houston,VLSFO,600.82
16289,2025-02-28,Houston,LSMGO,740.57
16290,2025-02-28,Houston,IFO380,437.28
16291,2025-03-03,Singapore,VLSFO,656.85
16292,2025-03-03,Singapore,LSMGO,837.23
16293,2025-03-03,Singapore,IFO380,471.87
16294,2025-03-03,Fujairah,VLSFO,634.02
16295,2025-03-03,Fujairah,LSMGO,818.28
16296,2025-03-03,Fujairah,IFO380,456.62
16297,2025-03-03,Rotterdam,VLSFO,622.36
16298,2025-03-03,Rotterdam,LSMGO,784.13
16299,2025-03-03,Rotterdam,IFO380,439.94
16300,2025-03-03,Visakhapatnam,VLSFO,692.68
16301,2025-03-03,Visakhapatnam,LSMGO,963.48
16302,2025-03-03,Visakhapatnam,IFO380,497.54
16303,2025-03-03,Houston,VLSFO,602.31
16304,2025-03-03,Houston,LSMGO,745.36
16305,2025-03-03,Houston,IFO380,437.13
16306,2025-03-04,Singapore,VLSFO,644.43
16307,2025-03-04,Singapore,LSMGO,818.74
16308,2025-03-04,Singapore,IFO380,468.08
16309,2025-03-04,Fujairah,VLSFO,634.2
16310,2025-03-04,Fujairah,LSMGO,824.34
16311,2025-03-04,Fujairah,IFO380,459.82
16312,2025-03-04,Rotterdam,VLSFO,615.01
16313,2025-03-04,Rotterdam,LSMGO,768.69
16314,2025-03-04,Rotterdam,IFO380,445.86
16315,2025-03-04,Visakhapatnam,VLSFO,690.75
16316,2025-03-04,Visakhapatnam,LSMGO,954.23
16317,2025-03-04,Visakhapatnam,IFO380,500.82
16318,2025-03-04,Houston,VLSFO,605.86
16319,2025-03-04,Houston,LSMGO,743.32
16320,2025-03-04,Houston,IFO380,427.24
16321,2025-03-05,Singapore,VLSFO,650.03
16322,2025-03-05,Singapore,LSMGO,840.63
16323,2025-03-05,Singapore,IFO380,461.86
16324,2025-03-05,Fujairah,VLSFO,637.96
16325,2025-03-05,Fujairah,LSMGO,826.44
16326,2025-03-05,Fujairah,IFO380,461.28
16327,2025-03-05,Rotterdam,VLSFO,616.45
16328,2025-03-05,Rotterdam,LSMGO,779.66
16329,2025-03-05,Rotterdam,IFO380,438.47
16330,2025-03-05,Visakhapatnam,VLSFO,701.51
16331,2025-03-05,Visakhapatnam,LSMGO,964.1
16332,2025-03-05,Visakhapatnam,IFO380,507.56
16333,2025-03-05,Houston,VLSFO,605.15
16334,2025-03-05,Houston,LSMGO,748.22
16335,2025-03-05,Houston,IFO380,435.36
16336,2025-03-06,Singapore,VLSFO,650.86
16337,2025-03-06,Singapore,LSMGO,835.6
16338,2025-03-06,Singapore,IFO380,467.45
16339,2025-03-06,Fujairah,VLSFO,630.37
16340,2025-03-06,Fujairah,LSMGO,823.86
16341,2025-03-06,Fujairah,IFO380,451.68
16342,2025-03-06,Rotterdam,VLSFO,616.67
16343,2025-03-06,Rotterdam,LSMGO,778.58
16344,2025-03-06,Rotterdam,IFO380,439.14
16345,2025-03-06,Visakhapatnam,VLSFO,686.51
16346,2025-03-06,Visakhapatnam,LSMGO,961.75
16347,2025-03-06,Visakhapatnam,IFO380,492.78
16348,2025-03-06,Houston,VLSFO,609.1
16349,2025-03-06,Houston,LSMGO,747.84
16350,2025-03-06,Houston,IFO380,436.67
16351,2025-03-07,Singapore,VLSFO,646.02
16352,2025-03-07,Singapore,LSMGO,828.57
16353,2025-03-07,Singapore,IFO380,465.57
16354,2025-03-07,Fujairah,VLSFO,636.97
16355,2025-03-07,Fujairah,LSMGO,822.63
16356,2025-03-07,Fujairah,IFO380,458.71
16357,2025-03-07,Rotterdam,VLSFO,622.36
16358,2025-03-07,Rotterdam,LSMGO,783.31
16359,2025-03-07,Rotterdam,IFO380,439.05
16360,2025-03-07,Visakhapatnam,VLSFO,692.34
16361,2025-03-07,Visakhapatnam,LSMGO,963.65
16362,2025-03-07,Visakhapatnam,IFO380,501.86
16363,2025-03-07,Houston,VLSFO,601.96
16364,2025-03-07,Houston,LSMGO,728.02
16365,2025-03-07,Houston,IFO380,431.31
16366,2025-03-10,Singapore,VLSFO,658.62
16367,2025-03-10,Singapore,LSMGO,834.13
16368,2025-03-10,Singapore,IFO380,472.41
16369,2025-03-10,Fujairah,VLSFO,642.54
16370,2025-03-10,Fujairah,LSMGO,821.2
16371,2025-03-10,Fujairah,IFO380,463.36
16372,2025-03-10,Rotterdam,VLSFO,622.36
16373,2025-03-10,Rotterdam,LSMGO,772.18
16374,2025-03-10,Rotterdam,IFO380,447.03
16375,2025-03-10,Visakhapatnam,VLSFO,694.85
16376,2025-03-10,Visakhapatnam,LSMGO,952.4
16377,2025-03-10,Visakhapatnam,IFO380,505.64
16378,2025-03-10,Houston,VLSFO,607.94
16379,2025-03-10,Houston,LSMGO,748.64
16380,2025-03-10,Houston,IFO380,439.81
16381,2025-03-11,Singapore,VLSFO,655.12
16382,2025-03-11,Singapore,LSMGO,827.41
16383,2025-03-11,Singapore,IFO380,469.36
16384,2025-03-11,Fujairah,VLSFO,640.77
16385,2025-03-11,Fujairah,LSMGO,843.24
16386,2025-03-11,Fujairah,IFO380,449.35
16387,2025-03-11,Rotterdam,VLSFO,616.83
16388,2025-03-11,Rotterdam,LSMGO,778.19
16389,2025-03-11,Rotterdam,IFO380,440.11
16390,2025-03-11,Visakhapatnam,VLSFO,690.82
16391,2025-03-11,Visakhapatnam,LSMGO,947.12
16392,2025-03-11,Visakhapatnam,IFO380,492.14
16393,2025-03-11,Houston,VLSFO,611.19
16394,2025-03-11,Houston,LSMGO,757.21
16395,2025-03-11,Houston,IFO380,437.4
16396,2025-03-12,Singapore,VLSFO,659.79
16397,2025-03-12,Singapore,LSMGO,856.78
16398,2025-03-12,Singapore,IFO380,476.95
16399,2025-03-12,Fujairah,VLSFO,645.02
16400,2025-03-12,Fujairah,LSMGO,841.78
16401,2025-03-12,Fujairah,IFO380,466.77
16402,2025-03-12,Rotterdam,VLSFO,617.01
16403,2025-03-12,Rotterdam,LSMGO,787.11
16404,2025-03-12,Rotterdam,IFO380,444.01
16405,2025-03-12,Visakhapatnam,VLSFO,690.65
16406,2025-03-12,Visakhapatnam,LSMGO,955.7
16407,2025-03-12,Visakhapatnam,IFO380,496.67
16408,2025-03-12,Houston,VLSFO,609.73
16409,2025-03-12,Houston,LSMGO,763.49
16410,2025-03-12,Houston,IFO380,444.3
16411,2025-03-13,Singapore,VLSFO,654.8
16412,2025-03-13,Singapore,LSMGO,829.69
16413,2025-03-13,Singapore,IFO380,470.14
16414,2025-03-13,Fujairah,VLSFO,633.14
16415,2025-03-13,Fujairah,LSMGO,825.26
16416,2025-03-13,Fujairah,IFO380,455.83
16417,2025-03-13,Rotterdam,VLSFO,628.45
16418,2025-03-13,Rotterdam,LSMGO,780.96
16419,2025-03-13,Rotterdam,IFO380,458.48
16420,2025-03-13,Visakhapatnam,VLSFO,686.6
16421,2025-03-13,Visakhapatnam,LSMGO,946.38
16422,2025-03-13,Visakhapatnam,IFO380,496.41
16423,2025-03-13,Houston,VLSFO,608.27
16424,2025-03-13,Houston,LSMGO,748.07
16425,2025-03-13,Houston,IFO380,439.15
16426,2025-03-14,Singapore,VLSFO,650.76
16427,2025-03-14,Singapore,LSMGO,828.18
16428,2025-03-14,Singapore,IFO380,468.93
16429,2025-03-14,Fujairah,VLSFO,635.72
16430,2025-03-14,Fujairah,LSMGO,821.28
16431,2025-03-14,Fujairah,IFO380,459.59
16432,2025-03-14,Rotterdam,VLSFO,624.54
16433,2025-03-14,Rotterdam,LSMGO,797.44
16434,2025-03-14,Rotterdam,IFO380,449.53
16435,2025-03-14,Visakhapatnam,VLSFO,686.73
16436,2025-03-14,Visakhapatnam,LSMGO,957.59
16437,2025-03-14,Visakhapatnam,IFO380,492.51
16438,2025-03-14,Houston,VLSFO,605.01
16439,2025-03-14,Houston,LSMGO,745.72
16440,2025-03-14,Houston,IFO380,430.17
16441,2025-03-17,Singapore,VLSFO,653.78
16442,2025-03-17,Singapore,LSMGO,848.57
16443,2025-03-17,Singapore,IFO380,465.86
16444,2025-03-17,Fujairah,VLSFO,629.43
16445,2025-03-17,Fujairah,LSMGO,824.57
16446,2025-03-17,Fujairah,IFO380,452.07
16447,2025-03-17,Rotterdam,VLSFO,615.79
16448,2025-03-17,Rotterdam,LSMGO,781.82
16449,2025-03-17,Rotterdam,IFO380,445.7
16450,2025-03-17,Visakhapatnam,VLSFO,694.46
16451,2025-03-17,Visakhapatnam,LSMGO,966.39
16452,2025-03-17,Visakhapatnam,IFO380,496.65
16453,2025-03-17,Houston,VLSFO,606.05
16454,2025-03-17,Houston,LSMGO,737.61
16455,2025-03-17,Houston,IFO380,441.81
16456,2025-03-18,Singapore,VLSFO,655.96
16457,2025-03-18,Singapore,LSMGO,845.5
16458,2025-03-18,Singapore,IFO380,470.85
16459,2025-03-18,Fujairah,VLSFO,641.25
16460,2025-03-18,Fujairah,LSMGO,837.22
16461,2025-03-18,Fujairah,IFO380,464.83
16462,2025-03-18,Rotterdam,VLSFO,615.76
16463,2025-03-18,Rotterdam,LSMGO,768.4
16464,2025-03-18,Rotterdam,IFO380,445.41
16465,2025-03-18,Visakhapatnam,VLSFO,691.73
16466,2025-03-18,Visakhapatnam,LSMGO,946.84
16467,2025-03-18,Visakhapatnam,IFO380,497.34
16468,2025-03-18,Houston,VLSFO,610.91
16469,2025-03-18,Houston,LSMGO,746.81
16470,2025-03-18,Houston,IFO380,442.55
16471,2025-03-19,Singapore,VLSFO,653.61
16472,2025-03-19,Singapore,LSMGO,845.5
16473,2025-03-19,Singapore,IFO380,472.75
16474,2025-03-19,Fujairah,VLSFO,634.01
16475,2025-03-19,Fujairah,LSMGO,817.17
16476,2025-03-19,Fujairah,IFO380,458.73
16477,2025-03-19,Rotterdam,VLSFO,613.31
16478,2025-03-19,Rotterdam,LSMGO,774.38
16479,2025-03-19,Rotterdam,IFO380,437.47
16480,2025-03-19,Visakhapatnam,VLSFO,694.5
16481,2025-03-19,Visakhapatnam,LSMGO,953.37
16482,2025-03-19,Visakhapatnam,IFO380,497.76
16483,2025-03-19,Houston,VLSFO,612.77
16484,2025-03-19,Houston,LSMGO,752.02
16485,2025-03-19,Houston,IFO380,437.38
16486,2025-03-20,Singapore,VLSFO,646.95
16487,2025-03-20,Singapore,LSMGO,824.68
16488,2025-03-20,Singapore,IFO380,464.11
16489,2025-03-20,Fujairah,VLSFO,640.45
16490,2025-03-20,Fujairah,LSMGO,843.38
16491,2025-03-20,Fujairah,IFO380,460.51
16492,2025-03-20,Rotterdam,VLSFO,627.76
16493,2025-03-20,Rotterdam,LSMGO,783.95
16494,2025-03-20,Rotterdam,IFO380,450.93
16495,2025-03-20,Visakhapatnam,VLSFO,687.31
16496,2025-03-20,Visakhapatnam,LSMGO,952.93
16497,2025-03-20,Visakhapatnam,IFO380,491.34
16498,2025-03-20,Houston,VLSFO,617.48
16499,2025-03-20,Houston,LSMGO,762.26
16500,2025-03-20,Houston,IFO380,438.34
16501,2025-03-21,Singapore,VLSFO,657.01
16502,2025-03-21,Singapore,LSMGO,840.1
16503,2025-03-21,Singapore,IFO380,469.63
16504,2025-03-21,Fujairah,VLSFO,644.92
16505,2025-03-21,Fujairah,LSMGO,833.34
16506,2025-03-21,Fujairah,IFO380,466.2
16507,2025-03-21,Rotterdam,VLSFO,624.94
16508,2025-03-21,Rotterdam,LSMGO,782.82
16509,2025-03-21,Rotterdam,IFO380,453.62
16510,2025-03-21,Visakhapatnam,VLSFO,696.16
16511,2025-03-21,Visakhapatnam,LSMGO,970.65
16512,2025-03-21,Visakhapatnam,IFO380,501.8
16513,2025-03-21,Houston,VLSFO,613.43
16514,2025-03-21,Houston,LSMGO,754.55
16515,2025-03-21,Houston,IFO380,444.47
16516,2025-03-24,Singapore,VLSFO,648.15
16517,2025-03-24,Singapore,LSMGO,835.63
16518,2025-03-24,Singapore,IFO380,464.36
16519,2025-03-24,Fujairah,VLSFO,640.12
16520,2025-03-24,Fujairah,LSMGO,833.96
16521,2025-03-24,Fujairah,IFO380,467.93
16522,2025-03-24,Rotterdam,VLSFO,610.36
16523,2025-03-24,Rotterdam,LSMGO,781.36
16524,2025-03-24,Rotterdam,IFO380,436.12
16525,2025-03-24,Visakhapatnam,VLSFO,704.06
16526,2025-03-24,Visakhapatnam,LSMGO,967.44
16527,2025-03-24,Visakhapatnam,IFO380,501.64
16528,2025-03-24,Houston,VLSFO,608.85
16529,2025-03-24,Houston,LSMGO,739.27
16530,2025-03-24,Houston,IFO380,438.93
16531,2025-03-25,Singapore,VLSFO,647.62
16532,2025-03-25,Singapore,LSMGO,823.51
16533,2025-03-25,Singapore,IFO380,468.17
16534,2025-03-25,Fujairah,VLSFO,649.2
16535,2025-03-25,Fujairah,LSMGO,846.66
16536,2025-03-25,Fujairah,IFO380,472.07
16537,2025-03-25,Rotterdam,VLSFO,622.6
16538,2025-03-25,Rotterdam,LSMGO,777.3
16539,2025-03-25,Rotterdam,IFO380,450.49
16540,2025-03-25,Visakhapatnam,VLSFO,686.31
16541,2025-03-25,Visakhapatnam,LSMGO,946.14
16542,2025-03-25,Visakhapatnam,IFO380,495.42
16543,2025-03-25,Houston,VLSFO,612.33
16544,2025-03-25,Houston,LSMGO,736.35
16545,2025-03-25,Houston,IFO380,440.29
16546,2025-03-26,Singapore,VLSFO,654.93
16547,2025-03-26,Singapore,LSMGO,834.65
16548,2025-03-26,Singapore,IFO380,465.75
16549,2025-03-26,Fujairah,VLSFO,654.37
16550,2025-03-26,Fujairah,LSMGO,854.85
16551,2025-03-26,Fujairah,IFO380,471.99
16552,2025-03-26,Rotterdam,VLSFO,618.09
16553,2025-03-26,Rotterdam,LSMGO,773.66
16554,2025-03-26,Rotterdam,IFO380,444.71
16555,2025-03-26,Visakhapatnam,VLSFO,703.43
16556,2025-03-26,Visakhapatnam,LSMGO,983.07
16557,2025-03-26,Visakhapatnam,IFO380,508.21
16558,2025-03-26,Houston,VLSFO,607.9
16559,2025-03-26,Houston,LSMGO,756.93
16560,2025-03-26,Houston,IFO380,442.2
16561,2025-03-27,Singapore,VLSFO,656.99
16562,2025-03-27,Singapore,LSMGO,845.82
16563,2025-03-27,Singapore,IFO380,474.78
16564,2025-03-27,Fujairah,VLSFO,632.55
16565,2025-03-27,Fujairah,LSMGO,818.97
16566,2025-03-27,Fujairah,IFO380,448.39
16567,2025-03-27,Rotterdam,VLSFO,622.52
16568,2025-03-27,Rotterdam,LSMGO,776.03
16569,2025-03-27,Rotterdam,IFO380,446.24
16570,2025-03-27,Visakhapatnam,VLSFO,698.25
16571,2025-03-27,Visakhapatnam,LSMGO,971.01
16572,2025-03-27,Visakhapatnam,IFO380,505.16
16573,2025-03-27,Houston,VLSFO,614.08
16574,2025-03-27,Houston,LSMGO,768.16
16575,2025-03-27,Houston,IFO380,439.09
16576,2025-03-28,Singapore,VLSFO,657.36
16577,2025-03-28,Singapore,LSMGO,841.16
16578,2025-03-28,Singapore,IFO380,471.6
16579,2025-03-28,Fujairah,VLSFO,643.26
16580,2025-03-28,Fujairah,LSMGO,831.4
16581,2025-03-28,Fujairah,IFO380,466.19
16582,2025-03-28,Rotterdam,VLSFO,618.67
16583,2025-03-28,Rotterdam,LSMGO,778.71
16584,2025-03-28,Rotterdam,IFO380,444.66
16585,2025-03-28,Visakhapatnam,VLSFO,695.92
16586,2025-03-28,Visakhapatnam,LSMGO,958.75
16587,2025-03-28,Visakhapatnam,IFO380,502.77
16588,2025-03-28,Houston,VLSFO,617.77
16589,2025-03-28,Houston,LSMGO,751.42
16590,2025-03-28,Houston,IFO380,445.55
16591,2025-03-31,Singapore,VLSFO,658.89
16592,2025-03-31,Singapore,LSMGO,850.32
16593,2025-03-31,Singapore,IFO380,476.38
16594,2025-03-31,Fujairah,VLSFO,649.12
16595,2025-03-31,Fujairah,LSMGO,848.62
16596,2025-03-31,Fujairah,IFO380,471.16
16597,2025-03-31,Rotterdam,VLSFO,621.59
16598,2025-03-31,Rotterdam,LSMGO,773.55
16599,2025-03-31,Rotterdam,IFO380,452.05
16600,2025-03-31,Visakhapatnam,VLSFO,696.72
16601,2025-03-31,Visakhapatnam,LSMGO,961.45
16602,2025-03-31,Visakhapatnam,IFO380,502.42
16603,2025-03-31,Houston,VLSFO,608.51
16604,2025-03-31,Houston,LSMGO,741.66
16605,2025-03-31,Houston,IFO380,433.15
16606,2025-04-01,Singapore,VLSFO,655.82
16607,2025-04-01,Singapore,LSMGO,839.14
16608,2025-04-01,Singapore,IFO380,473.84
16609,2025-04-01,Fujairah,VLSFO,642.42
16610,2025-04-01,Fujairah,LSMGO,845.54
16611,2025-04-01,Fujairah,IFO380,461.63
16612,2025-04-01,Rotterdam,VLSFO,620.11
16613,2025-04-01,Rotterdam,LSMGO,767.35
16614,2025-04-01,Rotterdam,IFO380,443.49
16615,2025-04-01,Visakhapatnam,VLSFO,703.27
16616,2025-04-01,Visakhapatnam,LSMGO,970.18
16617,2025-04-01,Visakhapatnam,IFO380,507.34
16618,2025-04-01,Houston,VLSFO,610.12
16619,2025-04-01,Houston,LSMGO,749.96
16620,2025-04-01,Houston,IFO380,442.74
16621,2025-04-02,Singapore,VLSFO,659.42
16622,2025-04-02,Singapore,LSMGO,849.09
16623,2025-04-02,Singapore,IFO380,481.19
16624,2025-04-02,Fujairah,VLSFO,645.39
16625,2025-04-02,Fujairah,LSMGO,849.7
16626,2025-04-02,Fujairah,IFO380,462.87
16627,2025-04-02,Rotterdam,VLSFO,623.22
16628,2025-04-02,Rotterdam,LSMGO,777.31
16629,2025-04-02,Rotterdam,IFO380,451.64
16630,2025-04-02,Visakhapatnam,VLSFO,698.14
16631,2025-04-02,Visakhapatnam,LSMGO,975.89
16632,2025-04-02,Visakhapatnam,IFO380,496.46
16633,2025-04-02,Houston,VLSFO,613.65
16634,2025-04-02,Houston,LSMGO,759.3
16635,2025-04-02,Houston,IFO380,440.64
16636,2025-04-03,Singapore,VLSFO,646.91
16637,2025-04-03,Singapore,LSMGO,830.36
16638,2025-04-03,Singapore,IFO380,471.61
16639,2025-04-03,Fujairah,VLSFO,644.92
16640,2025-04-03,Fujairah,LSMGO,842.88
16641,2025-04-03,Fujairah,IFO380,463.71
16642,2025-04-03,Rotterdam,VLSFO,626.23
16643,2025-04-03,Rotterdam,LSMGO,782.68
16644,2025-04-03,Rotterdam,IFO380,455.16
16645,2025-04-03,Visakhapatnam,VLSFO,691.59
16646,2025-04-03,Visakhapatnam,LSMGO,965.9
16647,2025-04-03,Visakhapatnam,IFO380,497.41
16648,2025-04-03,Houston,VLSFO,609.39
16649,2025-04-03,Houston,LSMGO,753.42
16650,2025-04-03,Houston,IFO380,438.81
16651,2025-04-04,Singapore,VLSFO,653.54
16652,2025-04-04,Singapore,LSMGO,839.19
16653,2025-04-04,Singapore,IFO380,463.96
16654,2025-04-04,Fujairah,VLSFO,637.24
16655,2025-04-04,Fujairah,LSMGO,821.66
16656,2025-04-04,Fujairah,IFO380,457.8
16657,2025-04-04,Rotterdam,VLSFO,621.44
16658,2025-04-04,Rotterdam,LSMGO,759.78
16659,2025-04-04,Rotterdam,IFO380,442.28
16660,2025-04-04,Visakhapatnam,VLSFO,696.56
16661,2025-04-04,Visakhapatnam,LSMGO,962.8
16662,2025-04-04,Visakhapatnam,IFO380,500.71
16663,2025-04-04,Houston,VLSFO,609.06
16664,2025-04-04,Houston,LSMGO,755.05
16665,2025-04-04,Houston,IFO380,437.58
16666,2025-04-07,Singapore,VLSFO,657.35
16667,2025-04-07,Singapore,LSMGO,841.52
16668,2025-04-07,Singapore,IFO380,469.99
16669,2025-04-07,Fujairah,VLSFO,641.73
16670,2025-04-07,Fujairah,LSMGO,836.32
16671,2025-04-07,Fujairah,IFO380,466.79
16672,2025-04-07,Rotterdam,VLSFO,613.48
16673,2025-04-07,Rotterdam,LSMGO,774.03
16674,2025-04-07,Rotterdam,IFO380,442.88
16675,2025-04-07,Visakhapatnam,VLSFO,689.49
16676,2025-04-07,Visakhapatnam,LSMGO,962.15
16677,2025-04-07,Visakhapatnam,IFO380,492.64
16678,2025-04-07,Houston,VLSFO,606.63
16679,2025-04-07,Houston,LSMGO,754.64
16680,2025-04-07,Houston,IFO380,433.11
16681,2025-04-08,Singapore,VLSFO,654.72
16682,2025-04-08,Singapore,LSMGO,838.52
16683,2025-04-08,Singapore,IFO380,470.62
16684,2025-04-08,Fujairah,VLSFO,644.55
16685,2025-04-08,Fujairah,LSMGO,838.27
16686,2025-04-08,Fujairah,IFO380,457.55
16687,2025-04-08,Rotterdam,VLSFO,618.05
16688,2025-04-08,Rotterdam,LSMGO,770.03
16689,2025-04-08,Rotterdam,IFO380,450.38
16690,2025-04-08,Visakhapatnam,VLSFO,702.89
16691,2025-04-08,Visakhapatnam,LSMGO,971.57
16692,2025-04-08,Visakhapatnam,IFO380,518.33
16693,2025-04-08,Houston,VLSFO,619.21
16694,2025-04-08,Houston,LSMGO,766.56
16695,2025-04-08,Houston,IFO380,442.57
16696,2025-04-09,Singapore,VLSFO,656.46
16697,2025-04-09,Singapore,LSMGO,844.77
16698,2025-04-09,Singapore,IFO380,471.78
16699,2025-04-09,Fujairah,VLSFO,651.32
16700,2025-04-09,Fujairah,LSMGO,848.87
16701,2025-04-09,Fujairah,IFO380,467.1
16702,2025-04-09,Rotterdam,VLSFO,619.26
16703,2025-04-09,Rotterdam,LSMGO,778.33
16704,2025-04-09,Rotterdam,IFO380,442.91
16705,2025-04-09,Visakhapatnam,VLSFO,695.17
16706,2025-04-09,Visakhapatnam,LSMGO,966.22
16707,2025-04-09,Visakhapatnam,IFO380,497.79
16708,2025-04-09,Houston,VLSFO,620.96
16709,2025-04-09,Houston,LSMGO,776.09
16710,2025-04-09,Houston,IFO380,446.63
16711,2025-04-10,Singapore,VLSFO,653.26
16712,2025-04-10,Singapore,LSMGO,837.91
16713,2025-04-10,Singapore,IFO380,471.3
16714,2025-04-10,Fujairah,VLSFO,638.79
16715,2025-04-10,Fujairah,LSMGO,840.19
16716,2025-04-10,Fujairah,IFO380,462.47
16717,2025-04-10,Rotterdam,VLSFO,622.69
16718,2025-04-10,Rotterdam,LSMGO,773.82
16719,2025-04-10,Rotterdam,IFO380,451.24
16720,2025-04-10,Visakhapatnam,VLSFO,697.46
16721,2025-04-10,Visakhapatnam,LSMGO,969.87
16722,2025-04-10,Visakhapatnam,IFO380,503.72
16723,2025-04-10,Houston,VLSFO,616.3
16724,2025-04-10,Houston,LSMGO,740.61
16725,2025-04-10,Houston,IFO380,442.8
16726,2025-04-11,Singapore,VLSFO,658.86
16727,2025-04-11,Singapore,LSMGO,846.57
16728,2025-04-11,Singapore,IFO380,477.7
16729,2025-04-11,Fujairah,VLSFO,635.56
16730,2025-04-11,Fujairah,LSMGO,825.78
16731,2025-04-11,Fujairah,IFO380,458.49
16732,2025-04-11,Rotterdam,VLSFO,615.51
16733,2025-04-11,Rotterdam,LSMGO,765.29
16734,2025-04-11,Rotterdam,IFO380,445.16
16735,2025-04-11,Visakhapatnam,VLSFO,686.75
16736,2025-04-11,Visakhapatnam,LSMGO,952.85
16737,2025-04-11,Visakhapatnam,IFO380,493.89
16738,2025-04-11,Houston,VLSFO,609.79
16739,2025-04-11,Houston,LSMGO,744.97
16740,2025-04-11,Houston,IFO380,439.72
16741,2025-04-14,Singapore,VLSFO,650.08
16742,2025-04-14,Singapore,LSMGO,833.62
16743,2025-04-14,Singapore,IFO380,462.42
16744,2025-04-14,Fujairah,VLSFO,632.89
16745,2025-04-14,Fujairah,LSMGO,818.82
16746,2025-04-14,Fujairah,IFO380,454.7
16747,2025-04-14,Rotterdam,VLSFO,619.83
16748,2025-04-14,Rotterdam,LSMGO,777.13
16749,2025-04-14,Rotterdam,IFO380,448.48
16750,2025-04-14,Visakhapatnam,VLSFO,699.6
16751,2025-04-14,Visakhapatnam,LSMGO,971.37
16752,2025-04-14,Visakhapatnam,IFO380,498.14
16753,2025-04-14,Houston,VLSFO,604.83
16754,2025-04-14,Houston,LSMGO,745.65
16755,2025-04-14,Houston,IFO380,436.96
16756,2025-04-15,Singapore,VLSFO,656.51
16757,2025-04-15,Singapore,LSMGO,844.42
16758,2025-04-15,Singapore,IFO380,470.51
16759,2025-04-15,Fujairah,VLSFO,641.9
16760,2025-04-15,Fujairah,LSMGO,844.39
16761,2025-04-15,Fujairah,IFO380,457.38
16762,2025-04-15,Rotterdam,VLSFO,621.43
16763,2025-04-15,Rotterdam,LSMGO,779.86
16764,2025-04-15,Rotterdam,IFO380,442.76
16765,2025-04-15,Visakhapatnam,VLSFO,690.23
16766,2025-04-15,Visakhapatnam,LSMGO,959.19
16767,2025-04-15,Visakhapatnam,IFO380,495.88
16768,2025-04-15,Houston,VLSFO,605.2
16769,2025-04-15,Houston,LSMGO,738.53
16770,2025-04-15,Houston,IFO380,437.93
16771,2025-04-16,Singapore,VLSFO,656.14
16772,2025-04-16,Singapore,LSMGO,834.84
16773,2025-04-16,Singapore,IFO380,475.19
16774,2025-04-16,Fujairah,VLSFO,638.48
16775,2025-04-16,Fujairah,LSMGO,833.61
16776,2025-04-16,Fujairah,IFO380,460.29
16777,2025-04-16,Rotterdam,VLSFO,616.7
16778,2025-04-16,Rotterdam,LSMGO,763.47
16779,2025-04-16,Rotterdam,IFO380,443.99
16780,2025-04-16,Visakhapatnam,VLSFO,692.66
16781,2025-04-16,Visakhapatnam,LSMGO,949.61
16782,2025-04-16,Visakhapatnam,IFO380,499.59
16783,2025-04-16,Houston,VLSFO,601.64
16784,2025-04-16,Houston,LSMGO,746.52
16785,2025-04-16,Houston,IFO380,433.94
16786,2025-04-17,Singapore,VLSFO,655.37
16787,2025-04-17,Singapore,LSMGO,832.69
16788,2025-04-17,Singapore,IFO380,468.16
16789,2025-04-17,Fujairah,VLSFO,643.87
16790,2025-04-17,Fujairah,LSMGO,840.21
16791,2025-04-17,Fujairah,IFO380,472.91
16792,2025-04-17,Rotterdam,VLSFO,626.21
16793,2025-04-17,Rotterdam,LSMGO,782.06
16794,2025-04-17,Rotterdam,IFO380,451.56
16795,2025-04-17,Visakhapatnam,VLSFO,693.4
16796,2025-04-17,Visakhapatnam,LSMGO,957.28
16797,2025-04-17,Visakhapatnam,IFO380,494.91
16798,2025-04-17,Houston,VLSFO,604.93
16799,2025-04-17,Houston,LSMGO,759.48
16800,2025-04-17,Houston,IFO380,434.7
16801,2025-04-18,Singapore,VLSFO,650.43
16802,2025-04-18,Singapore,LSMGO,833.13
16803,2025-04-18,Singapore,IFO380,477.12
16804,2025-04-18,Fujairah,VLSFO,649.49
16805,2025-04-18,Fujairah,LSMGO,852.41
16806,2025-04-18,Fujairah,IFO380,454.56
16807,2025-04-18,Rotterdam,VLSFO,620.23
16808,2025-04-18,Rotterdam,LSMGO,782.71
16809,2025-04-18,Rotterdam,IFO380,447.47
16810,2025-04-18,Visakhapatnam,VLSFO,694.81
16811,2025-04-18,Visakhapatnam,LSMGO,964.71
16812,2025-04-18,Visakhapatnam,IFO380,500.32
16813,2025-04-18,Houston,VLSFO,607.49
16814,2025-04-18,Houston,LSMGO,747.5
16815,2025-04-18,Houston,IFO380,444.3
16816,2025-04-21,Singapore,VLSFO,652.34
16817,2025-04-21,Singapore,LSMGO,840.49
16818,2025-04-21,Singapore,IFO380,470.46
16819,2025-04-21,Fujairah,VLSFO,640.49
16820,2025-04-21,Fujairah,LSMGO,830.02
16821,2025-04-21,Fujairah,IFO380,457.14
16822,2025-04-21,Rotterdam,VLSFO,623.48
16823,2025-04-21,Rotterdam,LSMGO,773.24
16824,2025-04-21,Rotterdam,IFO380,450.03
16825,2025-04-21,Visakhapatnam,VLSFO,703.03
16826,2025-04-21,Visakhapatnam,LSMGO,963.83
16827,2025-04-21,Visakhapatnam,IFO380,503.16
16828,2025-04-21,Houston,VLSFO,611.79
16829,2025-04-21,Houston,LSMGO,745.38
16830,2025-04-21,Houston,IFO380,439.33
16831,2025-04-22,Singapore,VLSFO,662.44
16832,2025-04-22,Singapore,LSMGO,834.56
16833,2025-04-22,Singapore,IFO380,477.63
16834,2025-04-22,Fujairah,VLSFO,643.11
16835,2025-04-22,Fujairah,LSMGO,835.76
16836,2025-04-22,Fujairah,IFO380,465.46
16837,2025-04-22,Rotterdam,VLSFO,632.25
16838,2025-04-22,Rotterdam,LSMGO,798.09
16839,2025-04-22,Rotterdam,IFO380,457.31
16840,2025-04-22,Visakhapatnam,VLSFO,685.08
16841,2025-04-22,Visakhapatnam,LSMGO,946.79
16842,2025-04-22,Visakhapatnam,IFO380,487.43
16843,2025-04-22,Houston,VLSFO,602.73
16844,2025-04-22,Houston,LSMGO,727.35
16845,2025-04-22,Houston,IFO380,431.64
16846,2025-04-23,Singapore,VLSFO,664.3
16847,2025-04-23,Singapore,LSMGO,854.6
16848,2025-04-23,Singapore,IFO380,474.8
16849,2025-04-23,Fujairah,VLSFO,641.59
16850,2025-04-23,Fujairah,LSMGO,839.85
16851,2025-04-23,Fujairah,IFO380,462.74
16852,2025-04-23,Rotterdam,VLSFO,631.28
16853,2025-04-23,Rotterdam,LSMGO,795.42
16854,2025-04-23,Rotterdam,IFO380,457.12
16855,2025-04-23,Visakhapatnam,VLSFO,686.84
16856,2025-04-23,Visakhapatnam,LSMGO,947.62
16857,2025-04-23,Visakhapatnam,IFO380,494.61
16858,2025-04-23,Houston,VLSFO,609.08
16859,2025-04-23,Houston,LSMGO,746.94
16860,2025-04-23,Houston,IFO380,433.79
16861,2025-04-24,Singapore,VLSFO,649.92
16862,2025-04-24,Singapore,LSMGO,831.12
16863,2025-04-24,Singapore,IFO380,462.73
16864,2025-04-24,Fujairah,VLSFO,645.82
16865,2025-04-24,Fujairah,LSMGO,850.46
16866,2025-04-24,Fujairah,IFO380,463.75
16867,2025-04-24,Rotterdam,VLSFO,615.92
16868,2025-04-24,Rotterdam,LSMGO,764.86
16869,2025-04-24,Rotterdam,IFO380,445.53
16870,2025-04-24,Visakhapatnam,VLSFO,695.61
16871,2025-04-24,Visakhapatnam,LSMGO,964.68
16872,2025-04-24,Visakhapatnam,IFO380,501.73
16873,2025-04-24,Houston,VLSFO,609.47
16874,2025-04-24,Houston,LSMGO,747.85
16875,2025-04-24,Houston,IFO380,439.88
16876,2025-04-25,Singapore,VLSFO,653.16
16877,2025-04-25,Singapore,LSMGO,841.19
16878,2025-04-25,Singapore,IFO380,473.78
16879,2025-04-25,Fujairah,VLSFO,645.2
16880,2025-04-25,Fujairah,LSMGO,844.16
16881,2025-04-25,Fujairah,IFO380,462.66
16882,2025-04-25,Rotterdam,VLSFO,618.71
16883,2025-04-25,Rotterdam,LSMGO,784.35
16884,2025-04-25,Rotterdam,IFO380,443.33
16885,2025-04-25,Visakhapatnam,VLSFO,691.41
16886,2025-04-25,Visakhapatnam,LSMGO,964.69
16887,2025-04-25,Visakhapatnam,IFO380,494.97
16888,2025-04-25,Houston,VLSFO,608.96
16889,2025-04-25,Houston,LSMGO,752.88
16890,2025-04-25,Houston,IFO380,442.86
16891,2025-04-28,Singapore,VLSFO,656.23
16892,2025-04-28,Singapore,LSMGO,847.53
16893,2025-04-28,Singapore,IFO380,469.79
16894,2025-04-28,Fujairah,VLSFO,641.77
16895,2025-04-28,Fujairah,LSMGO,838.17
16896,2025-04-28,Fujairah,IFO380,466.22
16897,2025-04-28,Rotterdam,VLSFO,616.01
16898,2025-04-28,Rotterdam,LSMGO,777.98
16899,2025-04-28,Rotterdam,IFO380,444.39
16900,2025-04-28,Visakhapatnam,VLSFO,691.14
16901,2025-04-28,Visakhapatnam,LSMGO,960.25
16902,2025-04-28,Visakhapatnam,IFO380,498.8
16903,2025-04-28,Houston,VLSFO,610.58
16904,2025-04-28,Houston,LSMGO,751.32
16905,2025-04-28,Houston,IFO380,441.54
16906,2025-04-29,Singapore,VLSFO,648.63
16907,2025-04-29,Singapore,LSMGO,831.55
16908,2025-04-29,Singapore,IFO380,468.36
16909,2025-04-29,Fujairah,VLSFO,641.12
16910,2025-04-29,Fujairah,LSMGO,838.24
16911,2025-04-29,Fujairah,IFO380,451.97
16912,2025-04-29,Rotterdam,VLSFO,625.74
16913,2025-04-29,Rotterdam,LSMGO,783.73
16914,2025-04-29,Rotterdam,IFO380,452.06
16915,2025-04-29,Visakhapatnam,VLSFO,687.22
16916,2025-04-29,Visakhapatnam,LSMGO,950.63
16917,2025-04-29,Visakhapatnam,IFO380,489.7
16918,2025-04-29,Houston,VLSFO,597.69
16919,2025-04-29,Houston,LSMGO,728.29
16920,2025-04-29,Houston,IFO380,429.47
16921,2025-04-30,Singapore,VLSFO,646.11
16922,2025-04-30,Singapore,LSMGO,839.3
16923,2025-04-30,Singapore,IFO380,460.43
16924,2025-04-30,Fujairah,VLSFO,636.68
16925,2025-04-30,Fujairah,LSMGO,831.86
16926,2025-04-30,Fujairah,IFO380,460.6
16927,2025-04-30,Rotterdam,VLSFO,615.04
16928,2025-04-30,Rotterdam,LSMGO,777.93
16929,2025-04-30,Rotterdam,IFO380,439.15
16930,2025-04-30,Visakhapatnam,VLSFO,684.23
16931,2025-04-30,Visakhapatnam,LSMGO,938.41
16932,2025-04-30,Visakhapatnam,IFO380,491.67
16933,2025-04-30,Houston,VLSFO,602.16
16934,2025-04-30,Houston,LSMGO,736.01
16935,2025-04-30,Houston,IFO380,434.39
16936,2025-05-01,Singapore,VLSFO,655.65
16937,2025-05-01,Singapore,LSMGO,842.75
16938,2025-05-01,Singapore,IFO380,467.19
16939,2025-05-01,Fujairah,VLSFO,636.89
16940,2025-05-01,Fujairah,LSMGO,834.67
16941,2025-05-01,Fujairah,IFO380,457.12
16942,2025-05-01,Rotterdam,VLSFO,619.75
16943,2025-05-01,Rotterdam,LSMGO,789.79
16944,2025-05-01,Rotterdam,IFO380,442.14
16945,2025-05-01,Visakhapatnam,VLSFO,689.91
16946,2025-05-01,Visakhapatnam,LSMGO,950.68
16947,2025-05-01,Visakhapatnam,IFO380,495.95
16948,2025-05-01,Houston,VLSFO,603.77
16949,2025-05-01,Houston,LSMGO,748.04
16950,2025-05-01,Houston,IFO380,435.53
16951,2025-05-02,Singapore,VLSFO,641.46
16952,2025-05-02,Singapore,LSMGO,819.31
16953,2025-05-02,Singapore,IFO380,458.61
16954,2025-05-02,Fujairah,VLSFO,635.58
16955,2025-05-02,Fujairah,LSMGO,829.24
16956,2025-05-02,Fujairah,IFO380,455.14
16957,2025-05-02,Rotterdam,VLSFO,615.73
16958,2025-05-02,Rotterdam,LSMGO,783.88
16959,2025-05-02,Rotterdam,IFO380,442.91
16960,2025-05-02,Visakhapatnam,VLSFO,697.41
16961,2025-05-02,Visakhapatnam,LSMGO,961.74
16962,2025-05-02,Visakhapatnam,IFO380,503.52
16963,2025-05-02,Houston,VLSFO,601.74
16964,2025-05-02,Houston,LSMGO,743.59
16965,2025-05-02,Houston,IFO380,432.99
16966,2025-05-05,Singapore,VLSFO,659.68
16967,2025-05-05,Singapore,LSMGO,833.78
16968,2025-05-05,Singapore,IFO380,479.37
16969,2025-05-05,Fujairah,VLSFO,639.12
16970,2025-05-05,Fujairah,LSMGO,826.85
16971,2025-05-05,Fujairah,IFO380,457.64
16972,2025-05-05,Rotterdam,VLSFO,616.34
16973,2025-05-05,Rotterdam,LSMGO,769.01
16974,2025-05-05,Rotterdam,IFO380,446.49
16975,2025-05-05,Visakhapatnam,VLSFO,692.07
16976,2025-05-05,Visakhapatnam,LSMGO,954.97
16977,2025-05-05,Visakhapatnam,IFO380,495.9
16978,2025-05-05,Houston,VLSFO,602.75
16979,2025-05-05,Houston,LSMGO,731.08
16980,2025-05-05,Houston,IFO380,432.52
16981,2025-05-06,Singapore,VLSFO,644.97
16982,2025-05-06,Singapore,LSMGO,817.15
16983,2025-05-06,Singapore,IFO380,468.18
16984,2025-05-06,Fujairah,VLSFO,649.39
16985,2025-05-06,Fujairah,LSMGO,837.91
16986,2025-05-06,Fujairah,IFO380,468.78
16987,2025-05-06,Rotterdam,VLSFO,609.41
16988,2025-05-06,Rotterdam,LSMGO,767.69
16989,2025-05-06,Rotterdam,IFO380,435.8
16990,2025-05-06,Visakhapatnam,VLSFO,689.41
16991,2025-05-06,Visakhapatnam,LSMGO,954.98
16992,2025-05-06,Visakhapatnam,IFO380,500.06
16993,2025-05-06,Houston,VLSFO,605.47
16994,2025-05-06,Houston,LSMGO,735.25
16995,2025-05-06,Houston,IFO380,437.88
16996,2025-05-07,Singapore,VLSFO,644.21
16997,2025-05-07,Singapore,LSMGO,828.73
16998,2025-05-07,Singapore,IFO380,464.53
16999,2025-05-07,Fujairah,VLSFO,635.34
17000,2025-05-07,Fujairah,LSMGO,840.34
17001,2025-05-07,Fujairah,IFO380,455.38
17002,2025-05-07,Rotterdam,VLSFO,611.14
17003,2025-05-07,Rotterdam,LSMGO,760.06
17004,2025-05-07,Rotterdam,IFO380,437.4
17005,2025-05-07,Visakhapatnam,VLSFO,694.81
17006,2025-05-07,Visakhapatnam,LSMGO,963.14
17007,2025-05-07,Visakhapatnam,IFO380,502.99
17008,2025-05-07,Houston,VLSFO,604.94
17009,2025-05-07,Houston,LSMGO,752.35
17010,2025-05-07,Houston,IFO380,435.72
17011,2025-05-08,Singapore,VLSFO,651.04
17012,2025-05-08,Singapore,LSMGO,827.65
17013,2025-05-08,Singapore,IFO380,473.33
17014,2025-05-08,Fujairah,VLSFO,647.76
17015,2025-05-08,Fujairah,LSMGO,840.3
17016,2025-05-08,Fujairah,IFO380,465.66
17017,2025-05-08,Rotterdam,VLSFO,616.91
17018,2025-05-08,Rotterdam,LSMGO,764.13
17019,2025-05-08,Rotterdam,IFO380,447.8
17020,2025-05-08,Visakhapatnam,VLSFO,683.87
17021,2025-05-08,Visakhapatnam,LSMGO,949.43
17022,2025-05-08,Visakhapatnam,IFO380,493.2
17023,2025-05-08,Houston,VLSFO,611.79
17024,2025-05-08,Houston,LSMGO,742.06
17025,2025-05-08,Houston,IFO380,442.56
17026,2025-05-09,Singapore,VLSFO,652.39
17027,2025-05-09,Singapore,LSMGO,828.73
17028,2025-05-09,Singapore,IFO380,469.61
17029,2025-05-09,Fujairah,VLSFO,631.92
17030,2025-05-09,Fujairah,LSMGO,827.0
17031,2025-05-09,Fujairah,IFO380,458.54
17032,2025-05-09,Rotterdam,VLSFO,615.83
17033,2025-05-09,Rotterdam,LSMGO,767.92
17034,2025-05-09,Rotterdam,IFO380,444.75
17035,2025-05-09,Visakhapatnam,VLSFO,693.14
17036,2025-05-09,Visakhapatnam,LSMGO,953.55
17037,2025-05-09,Visakhapatnam,IFO380,497.65
17038,2025-05-09,Houston,VLSFO,604.48
17039,2025-05-09,Houston,LSMGO,732.31
17040,2025-05-09,Houston,IFO380,440.18
17041,2025-05-12,Singapore,VLSFO,646.42
17042,2025-05-12,Singapore,LSMGO,832.72
17043,2025-05-12,Singapore,IFO380,470.64
17044,2025-05-12,Fujairah,VLSFO,636.11
17045,2025-05-12,Fujairah,LSMGO,828.76
17046,2025-05-12,Fujairah,IFO380,456.15
17047,2025-05-12,Rotterdam,VLSFO,622.05
17048,2025-05-12,Rotterdam,LSMGO,791.08
17049,2025-05-12,Rotterdam,IFO380,454.99
17050,2025-05-12,Visakhapatnam,VLSFO,692.4
17051,2025-05-12,Visakhapatnam,LSMGO,961.62
17052,2025-05-12,Visakhapatnam,IFO380,496.6
17053,2025-05-12,Houston,VLSFO,600.85
17054,2025-05-12,Houston,LSMGO,737.37
17055,2025-05-12,Houston,IFO380,431.35
17056,2025-05-13,Singapore,VLSFO,641.73
17057,2025-05-13,Singapore,LSMGO,829.91
17058,2025-05-13,Singapore,IFO380,464.76
17059,2025-05-13,Fujairah,VLSFO,636.36
17060,2025-05-13,Fujairah,LSMGO,829.55
17061,2025-05-13,Fujairah,IFO380,460.81
17062,2025-05-13,Rotterdam,VLSFO,619.17
17063,2025-05-13,Rotterdam,LSMGO,782.95
17064,2025-05-13,Rotterdam,IFO380,448.52
17065,2025-05-13,Visakhapatnam,VLSFO,692.52
17066,2025-05-13,Visakhapatnam,LSMGO,968.25
17067,2025-05-13,Visakhapatnam,IFO380,499.36
17068,2025-05-13,Houston,VLSFO,592.59
17069,2025-05-13,Houston,LSMGO,729.01
17070,2025-05-13,Houston,IFO380,425.33
17071,2025-05-14,Singapore,VLSFO,656.97
17072,2025-05-14,Singapore,LSMGO,834.17
17073,2025-05-14,Singapore,IFO380,472.06
17074,2025-05-14,Fujairah,VLSFO,635.55
17075,2025-05-14,Fujairah,LSMGO,826.45
17076,2025-05-14,Fujairah,IFO380,455.75
17077,2025-05-14,Rotterdam,VLSFO,615.83
17078,2025-05-14,Rotterdam,LSMGO,776.42
17079,2025-05-14,Rotterdam,IFO380,450.47
17080,2025-05-14,Visakhapatnam,VLSFO,684.42
17081,2025-05-14,Visakhapatnam,LSMGO,961.1
17082,2025-05-14,Visakhapatnam,IFO380,496.87
17083,2025-05-14,Houston,VLSFO,607.03
17084,2025-05-14,Houston,LSMGO,744.85
17085,2025-05-14,Houston,IFO380,435.2
17086,2025-05-15,Singapore,VLSFO,646.53
17087,2025-05-15,Singapore,LSMGO,826.92
17088,2025-05-15,Singapore,IFO380,466.67
17089,2025-05-15,Fujairah,VLSFO,628.25
17090,2025-05-15,Fujairah,LSMGO,832.29
17091,2025-05-15,Fujairah,IFO380,448.15
17092,2025-05-15,Rotterdam,VLSFO,625.53
17093,2025-05-15,Rotterdam,LSMGO,772.99
17094,2025-05-15,Rotterdam,IFO380,451.5
17095,2025-05-15,Visakhapatnam,VLSFO,687.06
17096,2025-05-15,Visakhapatnam,LSMGO,953.37
17097,2025-05-15,Visakhapatnam,IFO380,500.45
17098,2025-05-15,Houston,VLSFO,601.29
17099,2025-05-15,Houston,LSMGO,733.35
17100,2025-05-15,Houston,IFO380,434.57
17101,2025-05-16,Singapore,VLSFO,647.89
17102,2025-05-16,Singapore,LSMGO,825.9
17103,2025-05-16,Singapore,IFO380,465.55
17104,2025-05-16,Fujairah,VLSFO,627.07
17105,2025-05-16,Fujairah,LSMGO,827.99
17106,2025-05-16,Fujairah,IFO380,453.99
17107,2025-05-16,Rotterdam,VLSFO,617.1
17108,2025-05-16,Rotterdam,LSMGO,758.65
17109,2025-05-16,Rotterdam,IFO380,444.51
17110,2025-05-16,Visakhapatnam,VLSFO,683.18
17111,2025-05-16,Visakhapatnam,LSMGO,936.36
17112,2025-05-16,Visakhapatnam,IFO380,493.66
17113,2025-05-16,Houston,VLSFO,599.86
17114,2025-05-16,Houston,LSMGO,736.55
17115,2025-05-16,Houston,IFO380,428.58
17116,2025-05-19,Singapore,VLSFO,642.04
17117,2025-05-19,Singapore,LSMGO,824.04
17118,2025-05-19,Singapore,IFO380,458.84
17119,2025-05-19,Fujairah,VLSFO,627.8
17120,2025-05-19,Fujairah,LSMGO,827.14
17121,2025-05-19,Fujairah,IFO380,449.63
17122,2025-05-19,Rotterdam,VLSFO,627.52
17123,2025-05-19,Rotterdam,LSMGO,777.12
17124,2025-05-19,Rotterdam,IFO380,456.8
17125,2025-05-19,Visakhapatnam,VLSFO,682.01
17126,2025-05-19,Visakhapatnam,LSMGO,938.61
17127,2025-05-19,Visakhapatnam,IFO380,491.4
17128,2025-05-19,Houston,VLSFO,590.77
17129,2025-05-19,Houston,LSMGO,722.58
17130,2025-05-19,Houston,IFO380,424.82
17131,2025-05-20,Singapore,VLSFO,650.99
17132,2025-05-20,Singapore,LSMGO,824.93
17133,2025-05-20,Singapore,IFO380,466.35
17134,2025-05-20,Fujairah,VLSFO,634.62
17135,2025-05-20,Fujairah,LSMGO,832.32
17136,2025-05-20,Fujairah,IFO380,460.48
17137,2025-05-20,Rotterdam,VLSFO,609.5
17138,2025-05-20,Rotterdam,LSMGO,764.74
17139,2025-05-20,Rotterdam,IFO380,433.45
17140,2025-05-20,Visakhapatnam,VLSFO,683.68
17141,2025-05-20,Visakhapatnam,LSMGO,959.75
17142,2025-05-20,Visakhapatnam,IFO380,493.83
17143,2025-05-20,Houston,VLSFO,599.07
17144,2025-05-20,Houston,LSMGO,742.13
17145,2025-05-20,Houston,IFO380,436.69
17146,2025-05-21,Singapore,VLSFO,645.59
17147,2025-05-21,Singapore,LSMGO,823.79
17148,2025-05-21,Singapore,IFO380,465.98
17149,2025-05-21,Fujairah,VLSFO,632.93
17150,2025-05-21,Fujairah,LSMGO,828.37
17151,2025-05-21,Fujairah,IFO380,466.37
17152,2025-05-21,Rotterdam,VLSFO,602.9
17153,2025-05-21,Rotterdam,LSMGO,756.39
17154,2025-05-21,Rotterdam,IFO380,436.35
17155,2025-05-21,Visakhapatnam,VLSFO,679.27
17156,2025-05-21,Visakhapatnam,LSMGO,936.91
17157,2025-05-21,Visakhapatnam,IFO380,494.01
17158,2025-05-21,Houston,VLSFO,581.99
17159,2025-05-21,Houston,LSMGO,722.48
17160,2025-05-21,Houston,IFO380,413.39
17161,2025-05-22,Singapore,VLSFO,638.71
17162,2025-05-22,Singapore,LSMGO,810.63
17163,2025-05-22,Singapore,IFO380,460.12
17164,2025-05-22,Fujairah,VLSFO,630.58
17165,2025-05-22,Fujairah,LSMGO,819.99
17166,2025-05-22,Fujairah,IFO380,454.36
17167,2025-05-22,Rotterdam,VLSFO,611.93
17168,2025-05-22,Rotterdam,LSMGO,783.08
17169,2025-05-22,Rotterdam,IFO380,443.88
17170,2025-05-22,Visakhapatnam,VLSFO,680.24
17171,2025-05-22,Visakhapatnam,LSMGO,946.4
17172,2025-05-22,Visakhapatnam,IFO380,487.46
17173,2025-05-22,Houston,VLSFO,596.76
17174,2025-05-22,Houston,LSMGO,724.97
17175,2025-05-22,Houston,IFO380,427.22
17176,2025-05-23,Singapore,VLSFO,647.1
17177,2025-05-23,Singapore,LSMGO,816.06
17178,2025-05-23,Singapore,IFO380,466.67
17179,2025-05-23,Fujairah,VLSFO,638.14
17180,2025-05-23,Fujairah,LSMGO,839.12
17181,2025-05-23,Fujairah,IFO380,460.7
17182,2025-05-23,Rotterdam,VLSFO,607.26
17183,2025-05-23,Rotterdam,LSMGO,751.01
17184,2025-05-23,Rotterdam,IFO380,445.59
17185,2025-05-23,Visakhapatnam,VLSFO,682.28
17186,2025-05-23,Visakhapatnam,LSMGO,948.35
17187,2025-05-23,Visakhapatnam,IFO380,491.11
17188,2025-05-23,Houston,VLSFO,591.9
17189,2025-05-23,Houston,LSMGO,721.48
17190,2025-05-23,Houston,IFO380,430.76
17191,2025-05-26,Singapore,VLSFO,645.28
17192,2025-05-26,Singapore,LSMGO,834.75
17193,2025-05-26,Singapore,IFO380,468.2
17194,2025-05-26,Fujairah,VLSFO,621.67
17195,2025-05-26,Fujairah,LSMGO,806.57
17196,2025-05-26,Fujairah,IFO380,450.5
17197,2025-05-26,Rotterdam,VLSFO,606.72
17198,2025-05-26,Rotterdam,LSMGO,756.98
17199,2025-05-26,Rotterdam,IFO380,437.7
17200,2025-05-26,Visakhapatnam,VLSFO,680.78
17201,2025-05-26,Visakhapatnam,LSMGO,940.66
17202,2025-05-26,Visakhapatnam,IFO380,490.36
17203,2025-05-26,Houston,VLSFO,602.85
17204,2025-05-26,Houston,LSMGO,737.13
17205,2025-05-26,Houston,IFO380,434.27
17206,2025-05-27,Singapore,VLSFO,637.37
17207,2025-05-27,Singapore,LSMGO,816.48
17208,2025-05-27,Singapore,IFO380,458.18
17209,2025-05-27,Fujairah,VLSFO,626.46
17210,2025-05-27,Fujairah,LSMGO,823.67
17211,2025-05-27,Fujairah,IFO380,447.16
17212,2025-05-27,Rotterdam,VLSFO,610.66
17213,2025-05-27,Rotterdam,LSMGO,767.7
17214,2025-05-27,Rotterdam,IFO380,436.41
17215,2025-05-27,Visakhapatnam,VLSFO,674.05
17216,2025-05-27,Visakhapatnam,LSMGO,927.11
17217,2025-05-27,Visakhapatnam,IFO380,482.78
17218,2025-05-27,Houston,VLSFO,600.83
17219,2025-05-27,Houston,LSMGO,739.85
17220,2025-05-27,Houston,IFO380,426.79
17221,2025-05-28,Singapore,VLSFO,646.95
17222,2025-05-28,Singapore,LSMGO,837.42
17223,2025-05-28,Singapore,IFO380,469.78
17224,2025-05-28,Fujairah,VLSFO,630.08
17225,2025-05-28,Fujairah,LSMGO,813.67
17226,2025-05-28,Fujairah,IFO380,451.72
17227,2025-05-28,Rotterdam,VLSFO,612.43
17228,2025-05-28,Rotterdam,LSMGO,769.22
17229,2025-05-28,Rotterdam,IFO380,439.81
17230,2025-05-28,Visakhapatnam,VLSFO,683.94
17231,2025-05-28,Visakhapatnam,LSMGO,944.9
17232,2025-05-28,Visakhapatnam,IFO380,490.39
17233,2025-05-28,Houston,VLSFO,595.61
17234,2025-05-28,Houston,LSMGO,743.34
17235,2025-05-28,Houston,IFO380,427.12
17236,2025-05-29,Singapore,VLSFO,636.01
17237,2025-05-29,Singapore,LSMGO,820.33
17238,2025-05-29,Singapore,IFO380,459.08
17239,2025-05-29,Fujairah,VLSFO,634.54
17240,2025-05-29,Fujairah,LSMGO,834.6
17241,2025-05-29,Fujairah,IFO380,458.05
17242,2025-05-29,Rotterdam,VLSFO,606.47
17243,2025-05-29,Rotterdam,LSMGO,751.67
17244,2025-05-29,Rotterdam,IFO380,436.48
17245,2025-05-29,Visakhapatnam,VLSFO,675.8
17246,2025-05-29,Visakhapatnam,LSMGO,935.45
17247,2025-05-29,Visakhapatnam,IFO380,488.25
17248,2025-05-29,Houston,VLSFO,595.35
17249,2025-05-29,Houston,LSMGO,735.22
17250,2025-05-29,Houston,IFO380,432.18
17251,2025-05-30,Singapore,VLSFO,643.04
17252,2025-05-30,Singapore,LSMGO,821.58
17253,2025-05-30,Singapore,IFO380,457.08
17254,2025-05-30,Fujairah,VLSFO,619.42
17255,2025-05-30,Fujairah,LSMGO,800.67
17256,2025-05-30,Fujairah,IFO380,448.99
17257,2025-05-30,Rotterdam,VLSFO,615.17
17258,2025-05-30,Rotterdam,LSMGO,772.79
17259,2025-05-30,Rotterdam,IFO380,445.89
17260,2025-05-30,Visakhapatnam,VLSFO,679.27
17261,2025-05-30,Visakhapatnam,LSMGO,945.87
17262,2025-05-30,Visakhapatnam,IFO380,487.29
17263,2025-05-30,Houston,VLSFO,591.81
17264,2025-05-30,Houston,LSMGO,716.57
17265,2025-05-30,Houston,IFO380,421.21
17266,2025-06-02,Singapore,VLSFO,644.72
17267,2025-06-02,Singapore,LSMGO,827.57
17268,2025-06-02,Singapore,IFO380,467.4
17269,2025-06-02,Fujairah,VLSFO,625.99
17270,2025-06-02,Fujairah,LSMGO,830.82
17271,2025-06-02,Fujairah,IFO380,450.71
17272,2025-06-02,Rotterdam,VLSFO,609.86
17273,2025-06-02,Rotterdam,LSMGO,766.35
17274,2025-06-02,Rotterdam,IFO380,429.49
17275,2025-06-02,Visakhapatnam,VLSFO,672.35
17276,2025-06-02,Visakhapatnam,LSMGO,929.88
17277,2025-06-02,Visakhapatnam,IFO380,492.2
17278,2025-06-02,Houston,VLSFO,598.16
17279,2025-06-02,Houston,LSMGO,723.7
17280,2025-06-02,Houston,IFO380,424.54
17281,2025-06-03,Singapore,VLSFO,638.75
17282,2025-06-03,Singapore,LSMGO,808.87
17283,2025-06-03,Singapore,IFO380,461.9
17284,2025-06-03,Fujairah,VLSFO,627.93
17285,2025-06-03,Fujairah,LSMGO,816.68
17286,2025-06-03,Fujairah,IFO380,457.17
17287,2025-06-03,Rotterdam,VLSFO,601.4
17288,2025-06-03,Rotterdam,LSMGO,760.82
17289,2025-06-03,Rotterdam,IFO380,433.08
17290,2025-06-03,Visakhapatnam,VLSFO,686.79
17291,2025-06-03,Visakhapatnam,LSMGO,947.89
17292,2025-06-03,Visakhapatnam,IFO380,486.09
17293,2025-06-03,Houston,VLSFO,593.58
17294,2025-06-03,Houston,LSMGO,733.9
17295,2025-06-03,Houston,IFO380,424.41
17296,2025-06-04,Singapore,VLSFO,641.39
17297,2025-06-04,Singapore,LSMGO,819.46
17298,2025-06-04,Singapore,IFO380,463.57
17299,2025-06-04,Fujairah,VLSFO,625.09
17300,2025-06-04,Fujairah,LSMGO,834.15
17301,2025-06-04,Fujairah,IFO380,445.33
17302,2025-06-04,Rotterdam,VLSFO,602.18
17303,2025-06-04,Rotterdam,LSMGO,762.89
17304,2025-06-04,Rotterdam,IFO380,440.71
17305,2025-06-04,Visakhapatnam,VLSFO,672.66
17306,2025-06-04,Visakhapatnam,LSMGO,943.15
17307,2025-06-04,Visakhapatnam,IFO380,479.57
17308,2025-06-04,Houston,VLSFO,598.36
17309,2025-06-04,Houston,LSMGO,727.65
17310,2025-06-04,Houston,IFO380,429.25
17311,2025-06-05,Singapore,VLSFO,637.72
17312,2025-06-05,Singapore,LSMGO,813.69
17313,2025-06-05,Singapore,IFO380,459.19
17314,2025-06-05,Fujairah,VLSFO,621.28
17315,2025-06-05,Fujairah,LSMGO,806.76
17316,2025-06-05,Fujairah,IFO380,448.8
17317,2025-06-05,Rotterdam,VLSFO,601.67
17318,2025-06-05,Rotterdam,LSMGO,757.45
17319,2025-06-05,Rotterdam,IFO380,437.28
17320,2025-06-05,Visakhapatnam,VLSFO,678.33
17321,2025-06-05,Visakhapatnam,LSMGO,929.44
17322,2025-06-05,Visakhapatnam,IFO380,482.87
17323,2025-06-05,Houston,VLSFO,597.16
17324,2025-06-05,Houston,LSMGO,737.99
17325,2025-06-05,Houston,IFO380,424.89
17326,2025-06-06,Singapore,VLSFO,643.84
17327,2025-06-06,Singapore,LSMGO,820.67
17328,2025-06-06,Singapore,IFO380,471.31
17329,2025-06-06,Fujairah,VLSFO,615.96
17330,2025-06-06,Fujairah,LSMGO,803.82
17331,2025-06-06,Fujairah,IFO380,443.01
17332,2025-06-06,Rotterdam,VLSFO,610.57
17333,2025-06-06,Rotterdam,LSMGO,771.8
17334,2025-06-06,Rotterdam,IFO380,434.6
17335,2025-06-06,Visakhapatnam,VLSFO,672.66
17336,2025-06-06,Visakhapatnam,LSMGO,923.58
17337,2025-06-06,Visakhapatnam,IFO380,486.51
17338,2025-06-06,Houston,VLSFO,596.34
17339,2025-06-06,Houston,LSMGO,731.26
17340,2025-06-06,Houston,IFO380,431.05
17341,2025-06-09,Singapore,VLSFO,630.76
17342,2025-06-09,Singapore,LSMGO,805.41
17343,2025-06-09,Singapore,IFO380,458.32
17344,2025-06-09,Fujairah,VLSFO,623.34
17345,2025-06-09,Fujairah,LSMGO,807.13
17346,2025-06-09,Fujairah,IFO380,444.38
17347,2025-06-09,Rotterdam,VLSFO,608.6
17348,2025-06-09,Rotterdam,LSMGO,762.97
17349,2025-06-09,Rotterdam,IFO380,433.78
17350,2025-06-09,Visakhapatnam,VLSFO,670.3
17351,2025-06-09,Visakhapatnam,LSMGO,927.66
17352,2025-06-09,Visakhapatnam,IFO380,477.69
17353,2025-06-09,Houston,VLSFO,597.71
17354,2025-06-09,Houston,LSMGO,732.01
17355,2025-06-09,Houston,IFO380,430.87
17356,2025-06-10,Singapore,VLSFO,627.02
17357,2025-06-10,Singapore,LSMGO,801.55
17358,2025-06-10,Singapore,IFO380,455.93
17359,2025-06-10,Fujairah,VLSFO,622.69
17360,2025-06-10,Fujairah,LSMGO,820.75
17361,2025-06-10,Fujairah,IFO380,441.17
17362,2025-06-10,Rotterdam,VLSFO,600.13
17363,2025-06-10,Rotterdam,LSMGO,755.96
17364,2025-06-10,Rotterdam,IFO380,428.2
17365,2025-06-10,Visakhapatnam,VLSFO,671.37
17366,2025-06-10,Visakhapatnam,LSMGO,922.8
17367,2025-06-10,Visakhapatnam,IFO380,487.19
17368,2025-06-10,Houston,VLSFO,592.37
17369,2025-06-10,Houston,LSMGO,721.91
17370,2025-06-10,Houston,IFO380,425.11
17371,2025-06-11,Singapore,VLSFO,626.37
17372,2025-06-11,Singapore,LSMGO,800.22
17373,2025-06-11,Singapore,IFO380,453.88
17374,2025-06-11,Fujairah,VLSFO,616.45
17375,2025-06-11,Fujairah,LSMGO,790.85
17376,2025-06-11,Fujairah,IFO380,438.06
17377,2025-06-11,Rotterdam,VLSFO,595.61
17378,2025-06-11,Rotterdam,LSMGO,750.74
17379,2025-06-11,Rotterdam,IFO380,434.16
17380,2025-06-11,Visakhapatnam,VLSFO,671.66
17381,2025-06-11,Visakhapatnam,LSMGO,930.17
17382,2025-06-11,Visakhapatnam,IFO380,473.23
17383,2025-06-11,Houston,VLSFO,585.9
17384,2025-06-11,Houston,LSMGO,711.64
17385,2025-06-11,Houston,IFO380,424.13
17386,2025-06-12,Singapore,VLSFO,636.17
17387,2025-06-12,Singapore,LSMGO,804.11
17388,2025-06-12,Singapore,IFO380,466.04
17389,2025-06-12,Fujairah,VLSFO,614.26
17390,2025-06-12,Fujairah,LSMGO,788.14
17391,2025-06-12,Fujairah,IFO380,439.31
17392,2025-06-12,Rotterdam,VLSFO,605.21
17393,2025-06-12,Rotterdam,LSMGO,759.88
17394,2025-06-12,Rotterdam,IFO380,435.74
17395,2025-06-12,Visakhapatnam,VLSFO,675.76
17396,2025-06-12,Visakhapatnam,LSMGO,935.32
17397,2025-06-12,Visakhapatnam,IFO380,489.45
17398,2025-06-12,Houston,VLSFO,591.25
17399,2025-06-12,Houston,LSMGO,732.26
17400,2025-06-12,Houston,IFO380,433.46
17401,2025-06-13,Singapore,VLSFO,641.44
17402,2025-06-13,Singapore,LSMGO,811.19
17403,2025-06-13,Singapore,IFO380,460.07
17404,2025-06-13,Fujairah,VLSFO,620.74
17405,2025-06-13,Fujairah,LSMGO,802.5
17406,2025-06-13,Fujairah,IFO380,444.14
17407,2025-06-13,Rotterdam,VLSFO,602.07
17408,2025-06-13,Rotterdam,LSMGO,742.7
17409,2025-06-13,Rotterdam,IFO380,438.97
17410,2025-06-13,Visakhapatnam,VLSFO,670.33
17411,2025-06-13,Visakhapatnam,LSMGO,935.98
17412,2025-06-13,Visakhapatnam,IFO380,483.2
17413,2025-06-13,Houston,VLSFO,596.12
17414,2025-06-13,Houston,LSMGO,717.79
17415,2025-06-13,Houston,IFO380,430.3
17416,2025-06-16,Singapore,VLSFO,636.65
17417,2025-06-16,Singapore,LSMGO,807.08
17418,2025-06-16,Singapore,IFO380,455.64
17419,2025-06-16,Fujairah,VLSFO,618.29
17420,2025-06-16,Fujairah,LSMGO,813.95
17421,2025-06-16,Fujairah,IFO380,450.96
17422,2025-06-16,Rotterdam,VLSFO,600.53
17423,2025-06-16,Rotterdam,LSMGO,749.2
17424,2025-06-16,Rotterdam,IFO380,442.63
17425,2025-06-16,Visakhapatnam,VLSFO,670.9
17426,2025-06-16,Visakhapatnam,LSMGO,925.62
17427,2025-06-16,Visakhapatnam,IFO380,485.77
17428,2025-06-16,Houston,VLSFO,585.23
17429,2025-06-16,Houston,LSMGO,722.28
17430,2025-06-16,Houston,IFO380,417.65
17431,2025-06-17,Singapore,VLSFO,622.55
17432,2025-06-17,Singapore,LSMGO,790.56
17433,2025-06-17,Singapore,IFO380,452.71
17434,2025-06-17,Fujairah,VLSFO,617.78
17435,2025-06-17,Fujairah,LSMGO,808.29
17436,2025-06-17,Fujairah,IFO380,442.89
17437,2025-06-17,Rotterdam,VLSFO,598.39
17438,2025-06-17,Rotterdam,LSMGO,746.55
17439,2025-06-17,Rotterdam,IFO380,428.16
17440,2025-06-17,Visakhapatnam,VLSFO,671.41
17441,2025-06-17,Visakhapatnam,LSMGO,925.77
17442,2025-06-17,Visakhapatnam,IFO380,478.28
17443,2025-06-17,Houston,VLSFO,582.24
17444,2025-06-17,Houston,LSMGO,714.38
17445,2025-06-17,Houston,IFO380,418.71
17446,2025-06-18,Singapore,VLSFO,631.73
17447,2025-06-18,Singapore,LSMGO,814.03
17448,2025-06-18,Singapore,IFO380,451.11
17449,2025-06-18,Fujairah,VLSFO,618.34
17450,2025-06-18,Fujairah,LSMGO,807.92
17451,2025-06-18,Fujairah,IFO380,442.25
17452,2025-06-18,Rotterdam,VLSFO,601.28
17453,2025-06-18,Rotterdam,LSMGO,750.29
17454,2025-06-18,Rotterdam,IFO380,435.59
17455,2025-06-18,Visakhapatnam,VLSFO,671.98
17456,2025-06-18,Visakhapatnam,LSMGO,914.18
17457,2025-06-18,Visakhapatnam,IFO380,488.64
17458,2025-06-18,Houston,VLSFO,589.34
17459,2025-06-18,Houston,LSMGO,721.66
17460,2025-06-18,Houston,IFO380,424.95
17461,2025-06-19,Singapore,VLSFO,631.45
17462,2025-06-19,Singapore,LSMGO,809.85
17463,2025-06-19,Singapore,IFO380,455.31
17464,2025-06-19,Fujairah,VLSFO,616.41
17465,2025-06-19,Fujairah,LSMGO,799.76
17466,2025-06-19,Fujairah,IFO380,448.74
17467,2025-06-19,Rotterdam,VLSFO,603.67
17468,2025-06-19,Rotterdam,LSMGO,757.97
17469,2025-06-19,Rotterdam,IFO380,435.91
17470,2025-06-19,Visakhapatnam,VLSFO,669.84
17471,2025-06-19,Visakhapatnam,LSMGO,921.45
17472,2025-06-19,Visakhapatnam,IFO380,483.9
17473,2025-06-19,Houston,VLSFO,584.68
17474,2025-06-19,Houston,LSMGO,720.84
17475,2025-06-19,Houston,IFO380,424.6
17476,2025-06-20,Singapore,VLSFO,625.38
17477,2025-06-20,Singapore,LSMGO,797.44
17478,2025-06-20,Singapore,IFO380,441.38
17479,2025-06-20,Fujairah,VLSFO,614.94
17480,2025-06-20,Fujairah,LSMGO,799.53
17481,2025-06-20,Fujairah,IFO380,446.44
17482,2025-06-20,Rotterdam,VLSFO,596.42
17483,2025-06-20,Rotterdam,LSMGO,747.72
17484,2025-06-20,Rotterdam,IFO380,426.9
17485,2025-06-20,Visakhapatnam,VLSFO,675.62
17486,2025-06-20,Visakhapatnam,LSMGO,942.6
17487,2025-06-20,Visakhapatnam,IFO380,488.63
17488,2025-06-20,Houston,VLSFO,578.06
17489,2025-06-20,Houston,LSMGO,711.51
17490,2025-06-20,Houston,IFO380,407.05
17491,2025-06-23,Singapore,VLSFO,632.98
17492,2025-06-23,Singapore,LSMGO,810.97
17493,2025-06-23,Singapore,IFO380,457.92
17494,2025-06-23,Fujairah,VLSFO,618.8
17495,2025-06-23,Fujairah,LSMGO,809.83
17496,2025-06-23,Fujairah,IFO380,446.38
17497,2025-06-23,Rotterdam,VLSFO,595.62
17498,2025-06-23,Rotterdam,LSMGO,745.38
17499,2025-06-23,Rotterdam,IFO380,434.25
17500,2025-06-23,Visakhapatnam,VLSFO,661.15
17501,2025-06-23,Visakhapatnam,LSMGO,900.12
17502,2025-06-23,Visakhapatnam,IFO380,469.53
17503,2025-06-23,Houston,VLSFO,591.86
17504,2025-06-23,Houston,LSMGO,732.81
17505,2025-06-23,Houston,IFO380,422.2
17506,2025-06-24,Singapore,VLSFO,626.78
17507,2025-06-24,Singapore,LSMGO,790.95
17508,2025-06-24,Singapore,IFO380,450.88
17509,2025-06-24,Fujairah,VLSFO,610.7
17510,2025-06-24,Fujairah,LSMGO,794.88
17511,2025-06-24,Fujairah,IFO380,435.49
17512,2025-06-24,Rotterdam,VLSFO,592.23
17513,2025-06-24,Rotterdam,LSMGO,748.41
17514,2025-06-24,Rotterdam,IFO380,431.12
17515,2025-06-24,Visakhapatnam,VLSFO,664.03
17516,2025-06-24,Visakhapatnam,LSMGO,917.66
17517,2025-06-24,Visakhapatnam,IFO380,477.21
17518,2025-06-24,Houston,VLSFO,589.13
17519,2025-06-24,Houston,LSMGO,714.92
17520,2025-06-24,Houston,IFO380,421.14
17521,2025-06-25,Singapore,VLSFO,625.33
17522,2025-06-25,Singapore,LSMGO,805.29
17523,2025-06-25,Singapore,IFO380,446.84
17524,2025-06-25,Fujairah,VLSFO,617.71
17525,2025-06-25,Fujairah,LSMGO,800.3
17526,2025-06-25,Fujairah,IFO380,443.44
17527,2025-06-25,Rotterdam,VLSFO,601.54
17528,2025-06-25,Rotterdam,LSMGO,752.12
17529,2025-06-25,Rotterdam,IFO380,432.49
17530,2025-06-25,Visakhapatnam,VLSFO,668.61
17531,2025-06-25,Visakhapatnam,LSMGO,917.77
17532,2025-06-25,Visakhapatnam,IFO380,481.54
17533,2025-06-25,Houston,VLSFO,581.69
17534,2025-06-25,Houston,LSMGO,719.94
17535,2025-06-25,Houston,IFO380,418.01
17536,2025-06-26,Singapore,VLSFO,625.04
17537,2025-06-26,Singapore,LSMGO,794.56
17538,2025-06-26,Singapore,IFO380,456.55
17539,2025-06-26,Fujairah,VLSFO,612.68
17540,2025-06-26,Fujairah,LSMGO,795.66
17541,2025-06-26,Fujairah,IFO380,442.23
17542,2025-06-26,Rotterdam,VLSFO,599.73
17543,2025-06-26,Rotterdam,LSMGO,746.02
17544,2025-06-26,Rotterdam,IFO380,431.26
17545,2025-06-26,Visakhapatnam,VLSFO,659.95
17546,2025-06-26,Visakhapatnam,LSMGO,900.65
17547,2025-06-26,Visakhapatnam,IFO380,471.99
17548,2025-06-26,Houston,VLSFO,583.3
17549,2025-06-26,Houston,LSMGO,726.98
17550,2025-06-26,Houston,IFO380,424.42
17551,2025-06-27,Singapore,VLSFO,618.07
17552,2025-06-27,Singapore,LSMGO,798.02
17553,2025-06-27,Singapore,IFO380,445.23
17554,2025-06-27,Fujairah,VLSFO,618.24
17555,2025-06-27,Fujairah,LSMGO,810.15
17556,2025-06-27,Fujairah,IFO380,447.17
17557,2025-06-27,Rotterdam,VLSFO,601.64
17558,2025-06-27,Rotterdam,LSMGO,772.06
17559,2025-06-27,Rotterdam,IFO380,431.53
17560,2025-06-27,Visakhapatnam,VLSFO,662.11
17561,2025-06-27,Visakhapatnam,LSMGO,920.78
17562,2025-06-27,Visakhapatnam,IFO380,483.04
17563,2025-06-27,Houston,VLSFO,585.55
17564,2025-06-27,Houston,LSMGO,714.78
17565,2025-06-27,Houston,IFO380,421.6
17566,2025-06-30,Singapore,VLSFO,625.54
17567,2025-06-30,Singapore,LSMGO,805.01
17568,2025-06-30,Singapore,IFO380,451.69
17569,2025-06-30,Fujairah,VLSFO,613.07
17570,2025-06-30,Fujairah,LSMGO,789.31
17571,2025-06-30,Fujairah,IFO380,437.5
17572,2025-06-30,Rotterdam,VLSFO,588.29
17573,2025-06-30,Rotterdam,LSMGO,737.65
17574,2025-06-30,Rotterdam,IFO380,426.25
17575,2025-06-30,Visakhapatnam,VLSFO,663.46
17576,2025-06-30,Visakhapatnam,LSMGO,924.29
17577,2025-06-30,Visakhapatnam,IFO380,476.82
17578,2025-06-30,Houston,VLSFO,587.36
17579,2025-06-30,Houston,LSMGO,737.5
17580,2025-06-30,Houston,IFO380,424.46
17581,2025-07-01,Singapore,VLSFO,620.69
17582,2025-07-01,Singapore,LSMGO,803.77
17583,2025-07-01,Singapore,IFO380,453.07
17584,2025-07-01,Fujairah,VLSFO,612.77
17585,2025-07-01,Fujairah,LSMGO,786.73
17586,2025-07-01,Fujairah,IFO380,442.93
17587,2025-07-01,Rotterdam,VLSFO,591.21
17588,2025-07-01,Rotterdam,LSMGO,731.34
17589,2025-07-01,Rotterdam,IFO380,432.55
17590,2025-07-01,Visakhapatnam,VLSFO,660.7
17591,2025-07-01,Visakhapatnam,LSMGO,907.11
17592,2025-07-01,Visakhapatnam,IFO380,476.62
17593,2025-07-01,Houston,VLSFO,569.37
17594,2025-07-01,Houston,LSMGO,684.68
17595,2025-07-01,Houston,IFO380,413.75
17596,2025-07-02,Singapore,VLSFO,629.68
17597,2025-07-02,Singapore,LSMGO,820.36
17598,2025-07-02,Singapore,IFO380,455.86
17599,2025-07-02,Fujairah,VLSFO,604.77
17600,2025-07-02,Fujairah,LSMGO,787.75
17601,2025-07-02,Fujairah,IFO380,446.07
17602,2025-07-02,Rotterdam,VLSFO,589.45
17603,2025-07-02,Rotterdam,LSMGO,742.07
17604,2025-07-02,Rotterdam,IFO380,429.23
17605,2025-07-02,Visakhapatnam,VLSFO,653.96
17606,2025-07-02,Visakhapatnam,LSMGO,907.71
17607,2025-07-02,Visakhapatnam,IFO380,468.59
17608,2025-07-02,Houston,VLSFO,583.69
17609,2025-07-02,Houston,LSMGO,715.35
17610,2025-07-02,Houston,IFO380,420.85
17611,2025-07-03,Singapore,VLSFO,633.14
17612,2025-07-03,Singapore,LSMGO,815.49
17613,2025-07-03,Singapore,IFO380,461.21
17614,2025-07-03,Fujairah,VLSFO,612.89
17615,2025-07-03,Fujairah,LSMGO,801.02
17616,2025-07-03,Fujairah,IFO380,437.26
17617,2025-07-03,Rotterdam,VLSFO,594.51
17618,2025-07-03,Rotterdam,LSMGO,745.95
17619,2025-07-03,Rotterdam,IFO380,430.84
17620,2025-07-03,Visakhapatnam,VLSFO,656.77
17621,2025-07-03,Visakhapatnam,LSMGO,899.81
17622,2025-07-03,Visakhapatnam,IFO380,474.21
17623,2025-07-03,Houston,VLSFO,576.48
17624,2025-07-03,Houston,LSMGO,711.3
17625,2025-07-03,Houston,IFO380,414.46
17626,2025-07-04,Singapore,VLSFO,621.31
17627,2025-07-04,Singapore,LSMGO,793.52
17628,2025-07-04,Singapore,IFO380,450.24
17629,2025-07-04,Fujairah,VLSFO,604.98
17630,2025-07-04,Fujairah,LSMGO,796.64
17631,2025-07-04,Fujairah,IFO380,430.27
17632,2025-07-04,Rotterdam,VLSFO,597.17
17633,2025-07-04,Rotterdam,LSMGO,751.52
17634,2025-07-04,Rotterdam,IFO380,434.65
17635,2025-07-04,Visakhapatnam,VLSFO,662.25
17636,2025-07-04,Visakhapatnam,LSMGO,903.52
17637,2025-07-04,Visakhapatnam,IFO380,474.59
17638,2025-07-04,Houston,VLSFO,589.4
17639,2025-07-04,Houston,LSMGO,721.66
17640,2025-07-04,Houston,IFO380,422.88
17641,2025-07-07,Singapore,VLSFO,618.95
17642,2025-07-07,Singapore,LSMGO,793.68
17643,2025-07-07,Singapore,IFO380,440.84
17644,2025-07-07,Fujairah,VLSFO,602.82
17645,2025-07-07,Fujairah,LSMGO,798.62
17646,2025-07-07,Fujairah,IFO380,430.35
17647,2025-07-07,Rotterdam,VLSFO,584.8
17648,2025-07-07,Rotterdam,LSMGO,727.31
17649,2025-07-07,Rotterdam,IFO380,410.76
17650,2025-07-07,Visakhapatnam,VLSFO,655.69
17651,2025-07-07,Visakhapatnam,LSMGO,901.25
17652,2025-07-07,Visakhapatnam,IFO380,477.66
17653,2025-07-07,Houston,VLSFO,571.69
17654,2025-07-07,Houston,LSMGO,702.57
17655,2025-07-07,Houston,IFO380,415.32
17656,2025-07-08,Singapore,VLSFO,609.47
17657,2025-07-08,Singapore,LSMGO,783.95
17658,2025-07-08,Singapore,IFO380,440.55
17659,2025-07-08,Fujairah,VLSFO,613.82
17660,2025-07-08,Fujairah,LSMGO,798.74
17661,2025-07-08,Fujairah,IFO380,447.16
17662,2025-07-08,Rotterdam,VLSFO,595.61
17663,2025-07-08,Rotterdam,LSMGO,753.36
17664,2025-07-08,Rotterdam,IFO380,427.91
17665,2025-07-08,Visakhapatnam,VLSFO,655.76
17666,2025-07-08,Visakhapatnam,LSMGO,898.34
17667,2025-07-08,Visakhapatnam,IFO380,467.05
17668,2025-07-08,Houston,VLSFO,579.83
17669,2025-07-08,Houston,LSMGO,707.4
17670,2025-07-08,Houston,IFO380,420.74
17671,2025-07-09,Singapore,VLSFO,624.09
17672,2025-07-09,Singapore,LSMGO,803.81
17673,2025-07-09,Singapore,IFO380,443.92
17674,2025-07-09,Fujairah,VLSFO,605.35
17675,2025-07-09,Fujairah,LSMGO,781.14
17676,2025-07-09,Fujairah,IFO380,441.01
17677,2025-07-09,Rotterdam,VLSFO,581.6
17678,2025-07-09,Rotterdam,LSMGO,735.17
17679,2025-07-09,Rotterdam,IFO380,422.67
17680,2025-07-09,Visakhapatnam,VLSFO,662.11
17681,2025-07-09,Visakhapatnam,LSMGO,905.36
17682,2025-07-09,Visakhapatnam,IFO380,476.86
17683,2025-07-09,Houston,VLSFO,577.93
17684,2025-07-09,Houston,LSMGO,712.74
17685,2025-07-09,Houston,IFO380,417.37
17686,2025-07-10,Singapore,VLSFO,620.11
17687,2025-07-10,Singapore,LSMGO,786.75
17688,2025-07-10,Singapore,IFO380,443.89
17689,2025-07-10,Fujairah,VLSFO,606.96
17690,2025-07-10,Fujairah,LSMGO,797.59
17691,2025-07-10,Fujairah,IFO380,436.24
17692,2025-07-10,Rotterdam,VLSFO,588.08
17693,2025-07-10,Rotterdam,LSMGO,734.75
17694,2025-07-10,Rotterdam,IFO380,431.59
17695,2025-07-10,Visakhapatnam,VLSFO,663.85
17696,2025-07-10,Visakhapatnam,LSMGO,931.83
17697,2025-07-10,Visakhapatnam,IFO380,471.2
17698,2025-07-10,Houston,VLSFO,570.78
17699,2025-07-10,Houston,LSMGO,708.85
17700,2025-07-10,Houston,IFO380,402.95
17701,2025-07-11,Singapore,VLSFO,616.02
17702,2025-07-11,Singapore,LSMGO,784.85
17703,2025-07-11,Singapore,IFO380,441.81
17704,2025-07-11,Fujairah,VLSFO,613.34
17705,2025-07-11,Fujairah,LSMGO,803.33
17706,2025-07-11,Fujairah,IFO380,444.49
17707,2025-07-11,Rotterdam,VLSFO,588.68
17708,2025-07-11,Rotterdam,LSMGO,745.78
17709,2025-07-11,Rotterdam,IFO380,426.81
17710,2025-07-11,Visakhapatnam,VLSFO,646.13
17711,2025-07-11,Visakhapatnam,LSMGO,886.83
17712,2025-07-11,Visakhapatnam,IFO380,468.64
17713,2025-07-11,Houston,VLSFO,574.69
17714,2025-07-11,Houston,LSMGO,710.99
17715,2025-07-11,Houston,IFO380,414.75
17716,2025-07-14,Singapore,VLSFO,618.97
17717,2025-07-14,Singapore,LSMGO,790.89
17718,2025-07-14,Singapore,IFO380,451.19
17719,2025-07-14,Fujairah,VLSFO,602.48
17720,2025-07-14,Fujairah,LSMGO,788.41
17721,2025-07-14,Fujairah,IFO380,436.86
17722,2025-07-14,Rotterdam,VLSFO,586.88
17723,2025-07-14,Rotterdam,LSMGO,737.88
17724,2025-07-14,Rotterdam,IFO380,421.48
17725,2025-07-14,Visakhapatnam,VLSFO,659.32
17726,2025-07-14,Visakhapatnam,LSMGO,925.23
17727,2025-07-14,Visakhapatnam,IFO380,470.62
17728,2025-07-14,Houston,VLSFO,574.48
17729,2025-07-14,Houston,LSMGO,707.06
17730,2025-07-14,Houston,IFO380,411.27
17731,2025-07-15,Singapore,VLSFO,612.47
17732,2025-07-15,Singapore,LSMGO,774.36
17733,2025-07-15,Singapore,IFO380,437.66
17734,2025-07-15,Fujairah,VLSFO,608.9
17735,2025-07-15,Fujairah,LSMGO,812.78
17736,2025-07-15,Fujairah,IFO380,437.89
17737,2025-07-15,Rotterdam,VLSFO,580.75
17738,2025-07-15,Rotterdam,LSMGO,717.39
17739,2025-07-15,Rotterdam,IFO380,417.75
17740,2025-07-15,Visakhapatnam,VLSFO,649.81
17741,2025-07-15,Visakhapatnam,LSMGO,906.14
17742,2025-07-15,Visakhapatnam,IFO380,472.84
17743,2025-07-15,Houston,VLSFO,572.78
17744,2025-07-15,Houston,LSMGO,704.57
17745,2025-07-15,Houston,IFO380,415.14
17746,2025-07-16,Singapore,VLSFO,620.24
17747,2025-07-16,Singapore,LSMGO,792.72
17748,2025-07-16,Singapore,IFO380,443.06
17749,2025-07-16,Fujairah,VLSFO,609.83
17750,2025-07-16,Fujairah,LSMGO,795.38
17751,2025-07-16,Fujairah,IFO380,436.97
17752,2025-07-16,Rotterdam,VLSFO,582.29
17753,2025-07-16,Rotterdam,LSMGO,731.4
17754,2025-07-16,Rotterdam,IFO380,417.44
17755,2025-07-16,Visakhapatnam,VLSFO,644.38
17756,2025-07-16,Visakhapatnam,LSMGO,891.03
17757,2025-07-16,Visakhapatnam,IFO380,461.66
17758,2025-07-16,Houston,VLSFO,571.15
17759,2025-07-16,Houston,LSMGO,701.35
17760,2025-07-16,Houston,IFO380,408.73
17761,2025-07-17,Singapore,VLSFO,610.18
17762,2025-07-17,Singapore,LSMGO,782.4
17763,2025-07-17,Singapore,IFO380,435.45
17764,2025-07-17,Fujairah,VLSFO,596.47
17765,2025-07-17,Fujairah,LSMGO,780.28
17766,2025-07-17,Fujairah,IFO380,425.16
17767,2025-07-17,Rotterdam,VLSFO,583.92
17768,2025-07-17,Rotterdam,LSMGO,734.53
17769,2025-07-17,Rotterdam,IFO380,419.88
17770,2025-07-17,Visakhapatnam,VLSFO,654.0
17771,2025-07-17,Visakhapatnam,LSMGO,892.9
17772,2025-07-17,Visakhapatnam,IFO380,473.58
17773,2025-07-17,Houston,VLSFO,571.86
17774,2025-07-17,Houston,LSMGO,699.23
17775,2025-07-17,Houston,IFO380,414.05
17776,2025-07-18,Singapore,VLSFO,612.67
17777,2025-07-18,Singapore,LSMGO,785.03
17778,2025-07-18,Singapore,IFO380,446.21
17779,2025-07-18,Fujairah,VLSFO,601.52
17780,2025-07-18,Fujairah,LSMGO,780.03
17781,2025-07-18,Fujairah,IFO380,437.62
17782,2025-07-18,Rotterdam,VLSFO,590.52
17783,2025-07-18,Rotterdam,LSMGO,745.29
17784,2025-07-18,Rotterdam,IFO380,419.84
17785,2025-07-18,Visakhapatnam,VLSFO,650.51
17786,2025-07-18,Visakhapatnam,LSMGO,897.54
17787,2025-07-18,Visakhapatnam,IFO380,463.29
17788,2025-07-18,Houston,VLSFO,572.96
17789,2025-07-18,Houston,LSMGO,711.69
17790,2025-07-18,Houston,IFO380,415.19
17791,2025-07-21,Singapore,VLSFO,620.34
17792,2025-07-21,Singapore,LSMGO,803.21
17793,2025-07-21,Singapore,IFO380,451.89
17794,2025-07-21,Fujairah,VLSFO,606.66
17795,2025-07-21,Fujairah,LSMGO,804.17
17796,2025-07-21,Fujairah,IFO380,434.53
17797,2025-07-21,Rotterdam,VLSFO,581.91
17798,2025-07-21,Rotterdam,LSMGO,731.68
17799,2025-07-21,Rotterdam,IFO380,419.02
17800,2025-07-21,Visakhapatnam,VLSFO,627.62
17801,2025-07-21,Visakhapatnam,LSMGO,875.32
17802,2025-07-21,Visakhapatnam,IFO380,455.63
17803,2025-07-21,Houston,VLSFO,571.46
17804,2025-07-21,Houston,LSMGO,702.24
17805,2025-07-21,Houston,IFO380,408.4
17806,2025-07-22,Singapore,VLSFO,612.96
17807,2025-07-22,Singapore,LSMGO,792.61
17808,2025-07-22,Singapore,IFO380,444.1
17809,2025-07-22,Fujairah,VLSFO,604.11
17810,2025-07-22,Fujairah,LSMGO,782.88
17811,2025-07-22,Fujairah,IFO380,435.18
17812,2025-07-22,Rotterdam,VLSFO,581.2
17813,2025-07-22,Rotterdam,LSMGO,725.1
17814,2025-07-22,Rotterdam,IFO380,413.56
17815,2025-07-22,Visakhapatnam,VLSFO,656.86
17816,2025-07-22,Visakhapatnam,LSMGO,908.85
17817,2025-07-22,Visakhapatnam,IFO380,470.74
17818,2025-07-22,Houston,VLSFO,559.91
17819,2025-07-22,Houston,LSMGO,695.19
17820,2025-07-22,Houston,IFO380,407.85
17821,2025-07-23,Singapore,VLSFO,602.51
17822,2025-07-23,Singapore,LSMGO,767.0
17823,2025-07-23,Singapore,IFO380,431.05
17824,2025-07-23,Fujairah,VLSFO,598.44
17825,2025-07-23,Fujairah,LSMGO,783.65
17826,2025-07-23,Fujairah,IFO380,429.08
17827,2025-07-23,Rotterdam,VLSFO,590.76
17828,2025-07-23,Rotterdam,LSMGO,730.85
17829,2025-07-23,Rotterdam,IFO380,423.31
17830,2025-07-23,Visakhapatnam,VLSFO,647.06
17831,2025-07-23,Visakhapatnam,LSMGO,885.95
17832,2025-07-23,Visakhapatnam,IFO380,471.81
17833,2025-07-23,Houston,VLSFO,571.27
17834,2025-07-23,Houston,LSMGO,710.99
17835,2025-07-23,Houston,IFO380,402.63
17836,2025-07-24,Singapore,VLSFO,608.43
17837,2025-07-24,Singapore,LSMGO,773.22
17838,2025-07-24,Singapore,IFO380,435.42
17839,2025-07-24,Fujairah,VLSFO,602.56
17840,2025-07-24,Fujairah,LSMGO,796.64
17841,2025-07-24,Fujairah,IFO380,433.03
17842,2025-07-24,Rotterdam,VLSFO,573.96
17843,2025-07-24,Rotterdam,LSMGO,724.57
17844,2025-07-24,Rotterdam,IFO380,408.09
17845,2025-07-24,Visakhapatnam,VLSFO,649.13
17846,2025-07-24,Visakhapatnam,LSMGO,901.75
17847,2025-07-24,Visakhapatnam,IFO380,455.38
17848,2025-07-24,Houston,VLSFO,575.48
17849,2025-07-24,Houston,LSMGO,692.66
17850,2025-07-24,Houston,IFO380,409.66
17851,2025-07-25,Singapore,VLSFO,610.9
17852,2025-07-25,Singapore,LSMGO,788.41
17853,2025-07-25,Singapore,IFO380,436.31
17854,2025-07-25,Fujairah,VLSFO,601.97
17855,2025-07-25,Fujairah,LSMGO,785.53
17856,2025-07-25,Fujairah,IFO380,429.97
17857,2025-07-25,Rotterdam,VLSFO,575.5
17858,2025-07-25,Rotterdam,LSMGO,716.15
17859,2025-07-25,Rotterdam,IFO380,409.02
17860,2025-07-25,Visakhapatnam,VLSFO,640.69
17861,2025-07-25,Visakhapatnam,LSMGO,891.03
17862,2025-07-25,Visakhapatnam,IFO380,463.92
17863,2025-07-25,Houston,VLSFO,575.18
17864,2025-07-25,Houston,LSMGO,709.02
17865,2025-07-25,Houston,IFO380,413.29
17866,2025-07-28,Singapore,VLSFO,608.18
17867,2025-07-28,Singapore,LSMGO,781.94
17868,2025-07-28,Singapore,IFO380,426.74
17869,2025-07-28,Fujairah,VLSFO,604.08
17870,2025-07-28,Fujairah,LSMGO,788.58
17871,2025-07-28,Fujairah,IFO380,435.92
17872,2025-07-28,Rotterdam,VLSFO,570.8
17873,2025-07-28,Rotterdam,LSMGO,715.02
17874,2025-07-28,Rotterdam,IFO380,409.88
17875,2025-07-28,Visakhapatnam,VLSFO,651.64
17876,2025-07-28,Visakhapatnam,LSMGO,903.36
17877,2025-07-28,Visakhapatnam,IFO380,471.22
17878,2025-07-28,Houston,VLSFO,564.92
17879,2025-07-28,Houston,LSMGO,695.91
17880,2025-07-28,Houston,IFO380,407.02
17881,2025-07-29,Singapore,VLSFO,610.26
17882,2025-07-29,Singapore,LSMGO,773.87
17883,2025-07-29,Singapore,IFO380,442.59
17884,2025-07-29,Fujairah,VLSFO,597.56
17885,2025-07-29,Fujairah,LSMGO,782.57
17886,2025-07-29,Fujairah,IFO380,435.7
17887,2025-07-29,Rotterdam,VLSFO,578.42
17888,2025-07-29,Rotterdam,LSMGO,723.26
17889,2025-07-29,Rotterdam,IFO380,413.08
17890,2025-07-29,Visakhapatnam,VLSFO,635.17
17891,2025-07-29,Visakhapatnam,LSMGO,872.61
17892,2025-07-29,Visakhapatnam,IFO380,460.55
17893,2025-07-29,Houston,VLSFO,564.94
17894,2025-07-29,Houston,LSMGO,696.69
17895,2025-07-29,Houston,IFO380,407.71
17896,2025-07-30,Singapore,VLSFO,599.84
17897,2025-07-30,Singapore,LSMGO,751.28
17898,2025-07-30,Singapore,IFO380,425.77
17899,2025-07-30,Fujairah,VLSFO,589.53
17900,2025-07-30,Fujairah,LSMGO,774.68
17901,2025-07-30,Fujairah,IFO380,426.55
17902,2025-07-30,Rotterdam,VLSFO,581.55
17903,2025-07-30,Rotterdam,LSMGO,727.44
17904,2025-07-30,Rotterdam,IFO380,413.91
17905,2025-07-30,Visakhapatnam,VLSFO,643.59
17906,2025-07-30,Visakhapatnam,LSMGO,898.01
17907,2025-07-30,Visakhapatnam,IFO380,463.89
17908,2025-07-30,Houston,VLSFO,566.74
17909,2025-07-30,Houston,LSMGO,702.82
17910,2025-07-30,Houston,IFO380,404.42
17911,2025-07-31,Singapore,VLSFO,615.0
17912,2025-07-31,Singapore,LSMGO,786.26
17913,2025-07-31,Singapore,IFO380,444.27
17914,2025-07-31,Fujairah,VLSFO,589.35
17915,2025-07-31,Fujairah,LSMGO,768.31
17916,2025-07-31,Fujairah,IFO380,420.41
17917,2025-07-31,Rotterdam,VLSFO,577.72
17918,2025-07-31,Rotterdam,LSMGO,724.07
17919,2025-07-31,Rotterdam,IFO380,413.48
17920,2025-07-31,Visakhapatnam,VLSFO,641.87
17921,2025-07-31,Visakhapatnam,LSMGO,891.53
17922,2025-07-31,Visakhapatnam,IFO380,463.06
17923,2025-07-31,Houston,VLSFO,560.72
17924,2025-07-31,Houston,LSMGO,685.31
17925,2025-07-31,Houston,IFO380,400.99
17926,2025-08-01,Singapore,VLSFO,603.01
17927,2025-08-01,Singapore,LSMGO,762.93
17928,2025-08-01,Singapore,IFO380,431.42
17929,2025-08-01,Fujairah,VLSFO,591.54
17930,2025-08-01,Fujairah,LSMGO,780.78
17931,2025-08-01,Fujairah,IFO380,425.09
17932,2025-08-01,Rotterdam,VLSFO,576.62
17933,2025-08-01,Rotterdam,LSMGO,729.57
17934,2025-08-01,Rotterdam,IFO380,416.41
17935,2025-08-01,Visakhapatnam,VLSFO,637.94
17936,2025-08-01,Visakhapatnam,LSMGO,887.04
17937,2025-08-01,Visakhapatnam,IFO380,458.12
17938,2025-08-01,Houston,VLSFO,555.87
17939,2025-08-01,Houston,LSMGO,682.13
17940,2025-08-01,Houston,IFO380,396.28
17941,2025-08-04,Singapore,VLSFO,602.72
17942,2025-08-04,Singapore,LSMGO,784.51
17943,2025-08-04,Singapore,IFO380,435.45
17944,2025-08-04,Fujairah,VLSFO,598.0
17945,2025-08-04,Fujairah,LSMGO,789.61
17946,2025-08-04,Fujairah,IFO380,434.53
17947,2025-08-04,Rotterdam,VLSFO,570.77
17948,2025-08-04,Rotterdam,LSMGO,723.55
17949,2025-08-04,Rotterdam,IFO380,406.19
17950,2025-08-04,Visakhapatnam,VLSFO,634.79
17951,2025-08-04,Visakhapatnam,LSMGO,877.82
17952,2025-08-04,Visakhapatnam,IFO380,461.22
17953,2025-08-04,Houston,VLSFO,563.74
17954,2025-08-04,Houston,LSMGO,686.06
17955,2025-08-04,Houston,IFO380,404.3
17956,2025-08-05,Singapore,VLSFO,605.5
17957,2025-08-05,Singapore,LSMGO,763.47
17958,2025-08-05,Singapore,IFO380,436.67
17959,2025-08-05,Fujairah,VLSFO,588.0
17960,2025-08-05,Fujairah,LSMGO,774.03
17961,2025-08-05,Fujairah,IFO380,433.02
17962,2025-08-05,Rotterdam,VLSFO,577.73
17963,2025-08-05,Rotterdam,LSMGO,724.3
17964,2025-08-05,Rotterdam,IFO380,418.56
17965,2025-08-05,Visakhapatnam,VLSFO,634.02
17966,2025-08-05,Visakhapatnam,LSMGO,876.96
17967,2025-08-05,Visakhapatnam,IFO380,450.46
17968,2025-08-05,Houston,VLSFO,559.86
17969,2025-08-05,Houston,LSMGO,682.59
17970,2025-08-05,Houston,IFO380,394.66
17971,2025-08-06,Singapore,VLSFO,600.91
17972,2025-08-06,Singapore,LSMGO,774.72
17973,2025-08-06,Singapore,IFO380,427.84
17974,2025-08-06,Fujairah,VLSFO,582.82
17975,2025-08-06,Fujairah,LSMGO,766.63
17976,2025-08-06,Fujairah,IFO380,421.13
17977,2025-08-06,Rotterdam,VLSFO,575.67
17978,2025-08-06,Rotterdam,LSMGO,730.07
17979,2025-08-06,Rotterdam,IFO380,413.31
17980,2025-08-06,Visakhapatnam,VLSFO,636.8
17981,2025-08-06,Visakhapatnam,LSMGO,882.97
17982,2025-08-06,Visakhapatnam,IFO380,461.4
17983,2025-08-06,Houston,VLSFO,554.53
17984,2025-08-06,Houston,LSMGO,685.03
17985,2025-08-06,Houston,IFO380,402.82
17986,2025-08-07,Singapore,VLSFO,607.17
17987,2025-08-07,Singapore,LSMGO,777.09
17988,2025-08-07,Singapore,IFO380,438.65
17989,2025-08-07,Fujairah,VLSFO,594.32
17990,2025-08-07,Fujairah,LSMGO,787.71
17991,2025-08-07,Fujairah,IFO380,426.1
17992,2025-08-07,Rotterdam,VLSFO,574.53
17993,2025-08-07,Rotterdam,LSMGO,720.0
17994,2025-08-07,Rotterdam,IFO380,408.7
17995,2025-08-07,Visakhapatnam,VLSFO,638.41
17996,2025-08-07,Visakhapatnam,LSMGO,887.18
17997,2025-08-07,Visakhapatnam,IFO380,467.2
17998,2025-08-07,Houston,VLSFO,555.58
17999,2025-08-07,Houston,LSMGO,697.39
18000,2025-08-07,Houston,IFO380,403.29
18001,2025-08-08,Singapore,VLSFO,598.73
18002,2025-08-08,Singapore,LSMGO,759.3
18003,2025-08-08,Singapore,IFO380,431.46
18004,2025-08-08,Fujairah,VLSFO,596.73
18005,2025-08-08,Fujairah,LSMGO,789.56
18006,2025-08-08,Fujairah,IFO380,425.0
18007,2025-08-08,Rotterdam,VLSFO,570.87
18008,2025-08-08,Rotterdam,LSMGO,710.89
18009,2025-08-08,Rotterdam,IFO380,414.82
18010,2025-08-08,Visakhapatnam,VLSFO,638.42
18011,2025-08-08,Visakhapatnam,LSMGO,888.59
18012,2025-08-08,Visakhapatnam,IFO380,452.35
18013,2025-08-08,Houston,VLSFO,555.42
18014,2025-08-08,Houston,LSMGO,700.89
18015,2025-08-08,Houston,IFO380,403.34
18016,2025-08-11,Singapore,VLSFO,593.73
18017,2025-08-11,Singapore,LSMGO,761.12
18018,2025-08-11,Singapore,IFO380,419.28
18019,2025-08-11,Fujairah,VLSFO,591.5
18020,2025-08-11,Fujairah,LSMGO,784.35
18021,2025-08-11,Fujairah,IFO380,427.17
18022,2025-08-11,Rotterdam,VLSFO,569.43
18023,2025-08-11,Rotterdam,LSMGO,713.2
18024,2025-08-11,Rotterdam,IFO380,411.0
18025,2025-08-11,Visakhapatnam,VLSFO,637.63
18026,2025-08-11,Visakhapatnam,LSMGO,870.52
18027,2025-08-11,Visakhapatnam,IFO380,461.34
18028,2025-08-11,Houston,VLSFO,564.05
18029,2025-08-11,Houston,LSMGO,689.54
18030,2025-08-11,Houston,IFO380,407.91
18031,2025-08-12,Singapore,VLSFO,598.0
18032,2025-08-12,Singapore,LSMGO,777.53
18033,2025-08-12,Singapore,IFO380,434.25
18034,2025-08-12,Fujairah,VLSFO,588.62
18035,2025-08-12,Fujairah,LSMGO,769.69
18036,2025-08-12,Fujairah,IFO380,428.1
18037,2025-08-12,Rotterdam,VLSFO,573.69
18038,2025-08-12,Rotterdam,LSMGO,720.0
18039,2025-08-12,Rotterdam,IFO380,411.55
18040,2025-08-12,Visakhapatnam,VLSFO,631.26
18041,2025-08-12,Visakhapatnam,LSMGO,872.09
18042,2025-08-12,Visakhapatnam,IFO380,455.56
18043,2025-08-12,Houston,VLSFO,555.51
18044,2025-08-12,Houston,LSMGO,689.66
18045,2025-08-12,Houston,IFO380,398.31
18046,2025-08-13,Singapore,VLSFO,596.11
18047,2025-08-13,Singapore,LSMGO,774.67
18048,2025-08-13,Singapore,IFO380,424.55
18049,2025-08-13,Fujairah,VLSFO,587.95
18050,2025-08-13,Fujairah,LSMGO,775.66
18051,2025-08-13,Fujairah,IFO380,421.22
18052,2025-08-13,Rotterdam,VLSFO,568.35
18053,2025-08-13,Rotterdam,LSMGO,715.48
18054,2025-08-13,Rotterdam,IFO380,414.45
18055,2025-08-13,Visakhapatnam,VLSFO,640.16
18056,2025-08-13,Visakhapatnam,LSMGO,879.34
18057,2025-08-13,Visakhapatnam,IFO380,460.55
18058,2025-08-13,Houston,VLSFO,566.48
18059,2025-08-13,Houston,LSMGO,692.0
18060,2025-08-13,Houston,IFO380,408.72
18061,2025-08-14,Singapore,VLSFO,600.86
18062,2025-08-14,Singapore,LSMGO,763.01
18063,2025-08-14,Singapore,IFO380,438.92
18064,2025-08-14,Fujairah,VLSFO,580.79
18065,2025-08-14,Fujairah,LSMGO,756.1
18066,2025-08-14,Fujairah,IFO380,420.85
18067,2025-08-14,Rotterdam,VLSFO,570.17
18068,2025-08-14,Rotterdam,LSMGO,699.65
18069,2025-08-14,Rotterdam,IFO380,417.75
18070,2025-08-14,Visakhapatnam,VLSFO,631.07
18071,2025-08-14,Visakhapatnam,LSMGO,862.34
18072,2025-08-14,Visakhapatnam,IFO380,451.77
18073,2025-08-14,Houston,VLSFO,553.9
18074,2025-08-14,Houston,LSMGO,675.98
18075,2025-08-14,Houston,IFO380,396.38
18076,2025-08-15,Singapore,VLSFO,606.91
18077,2025-08-15,Singapore,LSMGO,784.07
18078,2025-08-15,Singapore,IFO380,442.1
18079,2025-08-15,Fujairah,VLSFO,585.45
18080,2025-08-15,Fujairah,LSMGO,770.19
18081,2025-08-15,Fujairah,IFO380,417.11
18082,2025-08-15,Rotterdam,VLSFO,574.24
18083,2025-08-15,Rotterdam,LSMGO,718.69
18084,2025-08-15,Rotterdam,IFO380,415.79
18085,2025-08-15,Visakhapatnam,VLSFO,628.79
18086,2025-08-15,Visakhapatnam,LSMGO,876.45
18087,2025-08-15,Visakhapatnam,IFO380,456.21
18088,2025-08-15,Houston,VLSFO,561.53
18089,2025-08-15,Houston,LSMGO,678.95
18090,2025-08-15,Houston,IFO380,403.11
18091,2025-08-18,Singapore,VLSFO,601.99
18092,2025-08-18,Singapore,LSMGO,773.48
18093,2025-08-18,Singapore,IFO380,440.57
18094,2025-08-18,Fujairah,VLSFO,581.63
18095,2025-08-18,Fujairah,LSMGO,751.54
18096,2025-08-18,Fujairah,IFO380,415.19
18097,2025-08-18,Rotterdam,VLSFO,559.89
18098,2025-08-18,Rotterdam,LSMGO,703.47
18099,2025-08-18,Rotterdam,IFO380,405.63
18100,2025-08-18,Visakhapatnam,VLSFO,629.36
18101,2025-08-18,Visakhapatnam,LSMGO,865.75
18102,2025-08-18,Visakhapatnam,IFO380,448.67
18103,2025-08-18,Houston,VLSFO,553.49
18104,2025-08-18,Houston,LSMGO,673.47
18105,2025-08-18,Houston,IFO380,392.68
18106,2025-08-19,Singapore,VLSFO,601.25
18107,2025-08-19,Singapore,LSMGO,752.36
18108,2025-08-19,Singapore,IFO380,440.65
18109,2025-08-19,Fujairah,VLSFO,579.08
18110,2025-08-19,Fujairah,LSMGO,756.31
18111,2025-08-19,Fujairah,IFO380,413.84
18112,2025-08-19,Rotterdam,VLSFO,574.23
18113,2025-08-19,Rotterdam,LSMGO,732.57
18114,2025-08-19,Rotterdam,IFO380,420.3
18115,2025-08-19,Visakhapatnam,VLSFO,635.8
18116,2025-08-19,Visakhapatnam,LSMGO,867.85
18117,2025-08-19,Visakhapatnam,IFO380,453.11
18118,2025-08-19,Houston,VLSFO,555.76
18119,2025-08-19,Houston,LSMGO,686.74
18120,2025-08-19,Houston,IFO380,394.87
18121,2025-08-20,Singapore,VLSFO,607.51
18122,2025-08-20,Singapore,LSMGO,763.22
18123,2025-08-20,Singapore,IFO380,433.88
18124,2025-08-20,Fujairah,VLSFO,588.34
18125,2025-08-20,Fujairah,LSMGO,753.11
18126,2025-08-20,Fujairah,IFO380,424.43
18127,2025-08-20,Rotterdam,VLSFO,572.48
18128,2025-08-20,Rotterdam,LSMGO,718.97
18129,2025-08-20,Rotterdam,IFO380,406.84
18130,2025-08-20,Visakhapatnam,VLSFO,625.47
18131,2025-08-20,Visakhapatnam,LSMGO,856.74
18132,2025-08-20,Visakhapatnam,IFO380,445.23
18133,2025-08-20,Houston,VLSFO,558.83
18134,2025-08-20,Houston,LSMGO,685.79
18135,2025-08-20,Houston,IFO380,399.97
18136,2025-08-21,Singapore,VLSFO,600.59
18137,2025-08-21,Singapore,LSMGO,771.8
18138,2025-08-21,Singapore,IFO380,437.52
18139,2025-08-21,Fujairah,VLSFO,587.08
18140,2025-08-21,Fujairah,LSMGO,768.71
18141,2025-08-21,Fujairah,IFO380,421.0
18142,2025-08-21,Rotterdam,VLSFO,568.07
18143,2025-08-21,Rotterdam,LSMGO,716.46
18144,2025-08-21,Rotterdam,IFO380,411.6
18145,2025-08-21,Visakhapatnam,VLSFO,628.88
18146,2025-08-21,Visakhapatnam,LSMGO,879.21
18147,2025-08-21,Visakhapatnam,IFO380,449.09
18148,2025-08-21,Houston,VLSFO,561.06
18149,2025-08-21,Houston,LSMGO,689.14
18150,2025-08-21,Houston,IFO380,405.56
18151,2025-08-22,Singapore,VLSFO,598.02
18152,2025-08-22,Singapore,LSMGO,759.98
18153,2025-08-22,Singapore,IFO380,433.24
18154,2025-08-22,Fujairah,VLSFO,579.09
18155,2025-08-22,Fujairah,LSMGO,754.14
18156,2025-08-22,Fujairah,IFO380,419.7
18157,2025-08-22,Rotterdam,VLSFO,562.84
18158,2025-08-22,Rotterdam,LSMGO,696.04
18159,2025-08-22,Rotterdam,IFO380,401.09
18160,2025-08-22,Visakhapatnam,VLSFO,633.37
18161,2025-08-22,Visakhapatnam,LSMGO,872.03
18162,2025-08-22,Visakhapatnam,IFO380,462.61
18163,2025-08-22,Houston,VLSFO,553.46
18164,2025-08-22,Houston,LSMGO,683.75
18165,2025-08-22,Houston,IFO380,400.01
18166,2025-08-25,Singapore,VLSFO,594.16
18167,2025-08-25,Singapore,LSMGO,755.46
18168,2025-08-25,Singapore,IFO380,434.51
18169,2025-08-25,Fujairah,VLSFO,579.92
18170,2025-08-25,Fujairah,LSMGO,757.64
18171,2025-08-25,Fujairah,IFO380,413.22
18172,2025-08-25,Rotterdam,VLSFO,568.12
18173,2025-08-25,Rotterdam,LSMGO,705.84
18174,2025-08-25,Rotterdam,IFO380,406.38
18175,2025-08-25,Visakhapatnam,VLSFO,625.78
18176,2025-08-25,Visakhapatnam,LSMGO,858.91
18177,2025-08-25,Visakhapatnam,IFO380,446.87
18178,2025-08-25,Houston,VLSFO,546.59
18179,2025-08-25,Houston,LSMGO,670.81
18180,2025-08-25,Houston,IFO380,395.12
18181,2025-08-26,Singapore,VLSFO,594.55
18182,2025-08-26,Singapore,LSMGO,767.2
18183,2025-08-26,Singapore,IFO380,427.82
18184,2025-08-26,Fujairah,VLSFO,580.97
18185,2025-08-26,Fujairah,LSMGO,750.84
18186,2025-08-26,Fujairah,IFO380,419.0
18187,2025-08-26,Rotterdam,VLSFO,562.33
18188,2025-08-26,Rotterdam,LSMGO,706.45
18189,2025-08-26,Rotterdam,IFO380,398.95
18190,2025-08-26,Visakhapatnam,VLSFO,624.41
18191,2025-08-26,Visakhapatnam,LSMGO,862.72
18192,2025-08-26,Visakhapatnam,IFO380,450.55
18193,2025-08-26,Houston,VLSFO,549.49
18194,2025-08-26,Houston,LSMGO,673.79
18195,2025-08-26,Houston,IFO380,397.11
18196,2025-08-27,Singapore,VLSFO,599.82
18197,2025-08-27,Singapore,LSMGO,772.29
18198,2025-08-27,Singapore,IFO380,431.47
18199,2025-08-27,Fujairah,VLSFO,591.93
18200,2025-08-27,Fujairah,LSMGO,773.17
18201,2025-08-27,Fujairah,IFO380,421.6
18202,2025-08-27,Rotterdam,VLSFO,553.9
18203,2025-08-27,Rotterdam,LSMGO,692.25
18204,2025-08-27,Rotterdam,IFO380,407.1
18205,2025-08-27,Visakhapatnam,VLSFO,626.22
18206,2025-08-27,Visakhapatnam,LSMGO,876.61
18207,2025-08-27,Visakhapatnam,IFO380,451.82
18208,2025-08-27,Houston,VLSFO,550.57
18209,2025-08-27,Houston,LSMGO,668.35
18210,2025-08-27,Houston,IFO380,399.78
18211,2025-08-28,Singapore,VLSFO,589.6
18212,2025-08-28,Singapore,LSMGO,750.05
18213,2025-08-28,Singapore,IFO380,426.32
18214,2025-08-28,Fujairah,VLSFO,577.84
18215,2025-08-28,Fujairah,LSMGO,761.04
18216,2025-08-28,Fujairah,IFO380,418.4
18217,2025-08-28,Rotterdam,VLSFO,556.4
18218,2025-08-28,Rotterdam,LSMGO,704.16
18219,2025-08-28,Rotterdam,IFO380,399.66
18220,2025-08-28,Visakhapatnam,VLSFO,629.64
18221,2025-08-28,Visakhapatnam,LSMGO,868.66
18222,2025-08-28,Visakhapatnam,IFO380,459.8
18223,2025-08-28,Houston,VLSFO,541.14
18224,2025-08-28,Houston,LSMGO,669.63
18225,2025-08-28,Houston,IFO380,389.62
18226,2025-08-29,Singapore,VLSFO,584.02
18227,2025-08-29,Singapore,LSMGO,747.77
18228,2025-08-29,Singapore,IFO380,419.99
18229,2025-08-29,Fujairah,VLSFO,578.47
18230,2025-08-29,Fujairah,LSMGO,756.96
18231,2025-08-29,Fujairah,IFO380,414.0
18232,2025-08-29,Rotterdam,VLSFO,569.86
18233,2025-08-29,Rotterdam,LSMGO,724.54
18234,2025-08-29,Rotterdam,IFO380,411.95
18235,2025-08-29,Visakhapatnam,VLSFO,631.95
18236,2025-08-29,Visakhapatnam,LSMGO,864.16
18237,2025-08-29,Visakhapatnam,IFO380,449.01
18238,2025-08-29,Houston,VLSFO,554.6
18239,2025-08-29,Houston,LSMGO,697.64
18240,2025-08-29,Houston,IFO380,394.76
18241,2025-09-01,Singapore,VLSFO,585.0
18242,2025-09-01,Singapore,LSMGO,757.67
18243,2025-09-01,Singapore,IFO380,421.49
18244,2025-09-01,Fujairah,VLSFO,586.73
18245,2025-09-01,Fujairah,LSMGO,761.33
18246,2025-09-01,Fujairah,IFO380,419.23
18247,2025-09-01,Rotterdam,VLSFO,560.79
18248,2025-09-01,Rotterdam,LSMGO,709.63
18249,2025-09-01,Rotterdam,IFO380,409.01
18250,2025-09-01,Visakhapatnam,VLSFO,627.11
18251,2025-09-01,Visakhapatnam,LSMGO,870.93
18252,2025-09-01,Visakhapatnam,IFO380,450.1
18253,2025-09-01,Houston,VLSFO,549.0
18254,2025-09-01,Houston,LSMGO,673.84
18255,2025-09-01,Houston,IFO380,393.4
18256,2025-09-02,Singapore,VLSFO,589.54
18257,2025-09-02,Singapore,LSMGO,750.73
18258,2025-09-02,Singapore,IFO380,427.62
18259,2025-09-02,Fujairah,VLSFO,572.96
18260,2025-09-02,Fujairah,LSMGO,750.0
18261,2025-09-02,Fujairah,IFO380,403.07
18262,2025-09-02,Rotterdam,VLSFO,578.32
18263,2025-09-02,Rotterdam,LSMGO,725.66
18264,2025-09-02,Rotterdam,IFO380,413.82
18265,2025-09-02,Visakhapatnam,VLSFO,629.61
18266,2025-09-02,Visakhapatnam,LSMGO,861.51
18267,2025-09-02,Visakhapatnam,IFO380,456.23
18268,2025-09-02,Houston,VLSFO,551.59
18269,2025-09-02,Houston,LSMGO,682.78
18270,2025-09-02,Houston,IFO380,393.39
18271,2025-09-03,Singapore,VLSFO,599.21
18272,2025-09-03,Singapore,LSMGO,762.24
18273,2025-09-03,Singapore,IFO380,430.32
18274,2025-09-03,Fujairah,VLSFO,583.77
18275,2025-09-03,Fujairah,LSMGO,762.93
18276,2025-09-03,Fujairah,IFO380,420.63
18277,2025-09-03,Rotterdam,VLSFO,556.95
18278,2025-09-03,Rotterdam,LSMGO,694.39
18279,2025-09-03,Rotterdam,IFO380,401.48
18280,2025-09-03,Visakhapatnam,VLSFO,625.51
18281,2025-09-03,Visakhapatnam,LSMGO,864.7
18282,2025-09-03,Visakhapatnam,IFO380,447.13
18283,2025-09-03,Houston,VLSFO,548.17
18284,2025-09-03,Houston,LSMGO,670.92
18285,2025-09-03,Houston,IFO380,396.16
18286,2025-09-04,Singapore,VLSFO,600.7
18287,2025-09-04,Singapore,LSMGO,757.45
18288,2025-09-04,Singapore,IFO380,425.35
18289,2025-09-04,Fujairah,VLSFO,578.49
18290,2025-09-04,Fujairah,LSMGO,745.69
18291,2025-09-04,Fujairah,IFO380,422.91
18292,2025-09-04,Rotterdam,VLSFO,556.82
18293,2025-09-04,Rotterdam,LSMGO,711.8
18294,2025-09-04,Rotterdam,IFO380,403.75
18295,2025-09-04,Visakhapatnam,VLSFO,627.29
18296,2025-09-04,Visakhapatnam,LSMGO,864.83
18297,2025-09-04,Visakhapatnam,IFO380,451.18
18298,2025-09-04,Houston,VLSFO,553.19
18299,2025-09-04,Houston,LSMGO,699.74
18300,2025-09-04,Houston,IFO380,392.21
18301,2025-09-05,Singapore,VLSFO,590.41
18302,2025-09-05,Singapore,LSMGO,756.11
18303,2025-09-05,Singapore,IFO380,422.44
18304,2025-09-05,Fujairah,VLSFO,573.98
18305,2025-09-05,Fujairah,LSMGO,743.45
18306,2025-09-05,Fujairah,IFO380,415.21
18307,2025-09-05,Rotterdam,VLSFO,552.17
18308,2025-09-05,Rotterdam,LSMGO,695.44
18309,2025-09-05,Rotterdam,IFO380,396.62
18310,2025-09-05,Visakhapatnam,VLSFO,625.01
18311,2025-09-05,Visakhapatnam,LSMGO,871.66
18312,2025-09-05,Visakhapatnam,IFO380,446.53
18313,2025-09-05,Houston,VLSFO,554.92
18314,2025-09-05,Houston,LSMGO,679.49
18315,2025-09-05,Houston,IFO380,393.35
18316,2025-09-08,Singapore,VLSFO,584.2
18317,2025-09-08,Singapore,LSMGO,752.4
18318,2025-09-08,Singapore,IFO380,418.89
18319,2025-09-08,Fujairah,VLSFO,576.55
18320,2025-09-08,Fujairah,LSMGO,758.34
18321,2025-09-08,Fujairah,IFO380,408.96
18322,2025-09-08,Rotterdam,VLSFO,562.99
18323,2025-09-08,Rotterdam,LSMGO,700.76
18324,2025-09-08,Rotterdam,IFO380,401.34
18325,2025-09-08,Visakhapatnam,VLSFO,625.93
18326,2025-09-08,Visakhapatnam,LSMGO,853.19
18327,2025-09-08,Visakhapatnam,IFO380,448.44
18328,2025-09-08,Houston,VLSFO,546.16
18329,2025-09-08,Houston,LSMGO,673.35
18330,2025-09-08,Houston,IFO380,397.42
18331,2025-09-09,Singapore,VLSFO,589.06
18332,2025-09-09,Singapore,LSMGO,744.28
18333,2025-09-09,Singapore,IFO380,424.17
18334,2025-09-09,Fujairah,VLSFO,571.58
18335,2025-09-09,Fujairah,LSMGO,749.17
18336,2025-09-09,Fujairah,IFO380,410.28
18337,2025-09-09,Rotterdam,VLSFO,558.35
18338,2025-09-09,Rotterdam,LSMGO,689.71
18339,2025-09-09,Rotterdam,IFO380,404.84
18340,2025-09-09,Visakhapatnam,VLSFO,629.47
18341,2025-09-09,Visakhapatnam,LSMGO,882.76
18342,2025-09-09,Visakhapatnam,IFO380,459.36
18343,2025-09-09,Houston,VLSFO,550.39
18344,2025-09-09,Houston,LSMGO,683.78
18345,2025-09-09,Houston,IFO380,399.4
18346,2025-09-10,Singapore,VLSFO,593.58
18347,2025-09-10,Singapore,LSMGO,749.84
18348,2025-09-10,Singapore,IFO380,425.16
18349,2025-09-10,Fujairah,VLSFO,578.85
18350,2025-09-10,Fujairah,LSMGO,756.73
18351,2025-09-10,Fujairah,IFO380,417.39
18352,2025-09-10,Rotterdam,VLSFO,553.33
18353,2025-09-10,Rotterdam,LSMGO,692.8
18354,2025-09-10,Rotterdam,IFO380,400.31
18355,2025-09-10,Visakhapatnam,VLSFO,631.01
18356,2025-09-10,Visakhapatnam,LSMGO,868.73
18357,2025-09-10,Visakhapatnam,IFO380,454.88
18358,2025-09-10,Houston,VLSFO,547.01
18359,2025-09-10,Houston,LSMGO,672.4
18360,2025-09-10,Houston,IFO380,400.63
18361,2025-09-11,Singapore,VLSFO,588.08
18362,2025-09-11,Singapore,LSMGO,765.46
18363,2025-09-11,Singapore,IFO380,427.45
18364,2025-09-11,Fujairah,VLSFO,576.86
18365,2025-09-11,Fujairah,LSMGO,754.22
18366,2025-09-11,Fujairah,IFO380,423.84
18367,2025-09-11,Rotterdam,VLSFO,555.97
18368,2025-09-11,Rotterdam,LSMGO,707.38
18369,2025-09-11,Rotterdam,IFO380,400.78
18370,2025-09-11,Visakhapatnam,VLSFO,620.51
18371,2025-09-11,Visakhapatnam,LSMGO,860.69
18372,2025-09-11,Visakhapatnam,IFO380,450.12
18373,2025-09-11,Houston,VLSFO,545.02
18374,2025-09-11,Houston,LSMGO,660.4
18375,2025-09-11,Houston,IFO380,398.98
18376,2025-09-12,Singapore,VLSFO,583.19
18377,2025-09-12,Singapore,LSMGO,735.78
18378,2025-09-12,Singapore,IFO380,420.98
18379,2025-09-12,Fujairah,VLSFO,578.99
18380,2025-09-12,Fujairah,LSMGO,755.94
18381,2025-09-12,Fujairah,IFO380,417.35
18382,2025-09-12,Rotterdam,VLSFO,555.98
18383,2025-09-12,Rotterdam,LSMGO,709.27
18384,2025-09-12,Rotterdam,IFO380,396.67
18385,2025-09-12,Visakhapatnam,VLSFO,629.71
18386,2025-09-12,Visakhapatnam,LSMGO,857.51
18387,2025-09-12,Visakhapatnam,IFO380,454.71
18388,2025-09-12,Houston,VLSFO,550.51
18389,2025-09-12,Houston,LSMGO,680.64
18390,2025-09-12,Houston,IFO380,398.48
18391,2025-09-15,Singapore,VLSFO,585.2
18392,2025-09-15,Singapore,LSMGO,747.92
18393,2025-09-15,Singapore,IFO380,420.87
18394,2025-09-15,Fujairah,VLSFO,572.06
18395,2025-09-15,Fujairah,LSMGO,753.58
18396,2025-09-15,Fujairah,IFO380,416.31
18397,2025-09-15,Rotterdam,VLSFO,556.06
18398,2025-09-15,Rotterdam,LSMGO,711.03
18399,2025-09-15,Rotterdam,IFO380,392.98
18400,2025-09-15,Visakhapatnam,VLSFO,631.76
18401,2025-09-15,Visakhapatnam,LSMGO,870.2
18402,2025-09-15,Visakhapatnam,IFO380,450.56
18403,2025-09-15,Houston,VLSFO,548.34
18404,2025-09-15,Houston,LSMGO,674.27
18405,2025-09-15,Houston,IFO380,396.1
18406,2025-09-16,Singapore,VLSFO,585.37
18407,2025-09-16,Singapore,LSMGO,747.07
18408,2025-09-16,Singapore,IFO380,419.23
18409,2025-09-16,Fujairah,VLSFO,575.02
18410,2025-09-16,Fujairah,LSMGO,748.41
18411,2025-09-16,Fujairah,IFO380,421.84
18412,2025-09-16,Rotterdam,VLSFO,567.7
18413,2025-09-16,Rotterdam,LSMGO,709.77
18414,2025-09-16,Rotterdam,IFO380,406.73
18415,2025-09-16,Visakhapatnam,VLSFO,618.47
18416,2025-09-16,Visakhapatnam,LSMGO,849.64
18417,2025-09-16,Visakhapatnam,IFO380,445.8
18418,2025-09-16,Houston,VLSFO,547.58
18419,2025-09-16,Houston,LSMGO,658.13
18420,2025-09-16,Houston,IFO380,389.35
18421,2025-09-17,Singapore,VLSFO,577.21
18422,2025-09-17,Singapore,LSMGO,740.46
18423,2025-09-17,Singapore,IFO380,419.36
18424,2025-09-17,Fujairah,VLSFO,566.06
18425,2025-09-17,Fujairah,LSMGO,729.54
18426,2025-09-17,Fujairah,IFO380,409.5
18427,2025-09-17,Rotterdam,VLSFO,560.78
18428,2025-09-17,Rotterdam,LSMGO,702.83
18429,2025-09-17,Rotterdam,IFO380,404.09
18430,2025-09-17,Visakhapatnam,VLSFO,620.49
18431,2025-09-17,Visakhapatnam,LSMGO,851.7
18432,2025-09-17,Visakhapatnam,IFO380,444.04
18433,2025-09-17,Houston,VLSFO,546.24
18434,2025-09-17,Houston,LSMGO,679.06
18435,2025-09-17,Houston,IFO380,396.07
18436,2025-09-18,Singapore,VLSFO,588.01
18437,2025-09-18,Singapore,LSMGO,752.55
18438,2025-09-18,Singapore,IFO380,417.19
18439,2025-09-18,Fujairah,VLSFO,576.85
18440,2025-09-18,Fujairah,LSMGO,761.14
18441,2025-09-18,Fujairah,IFO380,415.34
18442,2025-09-18,Rotterdam,VLSFO,561.77
18443,2025-09-18,Rotterdam,LSMGO,699.07
18444,2025-09-18,Rotterdam,IFO380,398.16
18445,2025-09-18,Visakhapatnam,VLSFO,622.93
18446,2025-09-18,Visakhapatnam,LSMGO,866.41
18447,2025-09-18,Visakhapatnam,IFO380,451.36
18448,2025-09-18,Houston,VLSFO,554.92
18449,2025-09-18,Houston,LSMGO,679.53
18450,2025-09-18,Houston,IFO380,399.22
18451,2025-09-19,Singapore,VLSFO,587.91
18452,2025-09-19,Singapore,LSMGO,755.23
18453,2025-09-19,Singapore,IFO380,415.2
18454,2025-09-19,Fujairah,VLSFO,571.12
18455,2025-09-19,Fujairah,LSMGO,735.54
18456,2025-09-19,Fujairah,IFO380,410.16
18457,2025-09-19,Rotterdam,VLSFO,545.3
18458,2025-09-19,Rotterdam,LSMGO,671.62
18459,2025-09-19,Rotterdam,IFO380,392.92
18460,2025-09-19,Visakhapatnam,VLSFO,630.78
18461,2025-09-19,Visakhapatnam,LSMGO,890.35
18462,2025-09-19,Visakhapatnam,IFO380,449.88
18463,2025-09-19,Houston,VLSFO,547.56
18464,2025-09-19,Houston,LSMGO,677.74
18465,2025-09-19,Houston,IFO380,401.48
18466,2025-09-22,Singapore,VLSFO,582.91
18467,2025-09-22,Singapore,LSMGO,744.42
18468,2025-09-22,Singapore,IFO380,420.43
18469,2025-09-22,Fujairah,VLSFO,579.83
18470,2025-09-22,Fujairah,LSMGO,763.09
18471,2025-09-22,Fujairah,IFO380,418.23
18472,2025-09-22,Rotterdam,VLSFO,561.99
18473,2025-09-22,Rotterdam,LSMGO,685.53
18474,2025-09-22,Rotterdam,IFO380,409.52
18475,2025-09-22,Visakhapatnam,VLSFO,630.42
18476,2025-09-22,Visakhapatnam,LSMGO,862.11
18477,2025-09-22,Visakhapatnam,IFO380,449.95
18478,2025-09-22,Houston,VLSFO,544.56
18479,2025-09-22,Houston,LSMGO,676.84
18480,2025-09-22,Houston,IFO380,390.91
18481,2025-09-23,Singapore,VLSFO,585.78
18482,2025-09-23,Singapore,LSMGO,759.76
18483,2025-09-23,Singapore,IFO380,422.4
18484,2025-09-23,Fujairah,VLSFO,571.46
18485,2025-09-23,Fujairah,LSMGO,742.59
18486,2025-09-23,Fujairah,IFO380,412.32
18487,2025-09-23,Rotterdam,VLSFO,556.23
18488,2025-09-23,Rotterdam,LSMGO,692.36
18489,2025-09-23,Rotterdam,IFO380,397.56
18490,2025-09-23,Visakhapatnam,VLSFO,617.04
18491,2025-09-23,Visakhapatnam,LSMGO,849.14
18492,2025-09-23,Visakhapatnam,IFO380,447.71
18493,2025-09-23,Houston,VLSFO,545.57
18494,2025-09-23,Houston,LSMGO,671.95
18495,2025-09-23,Houston,IFO380,389.72
18496,2025-09-24,Singapore,VLSFO,588.8
18497,2025-09-24,Singapore,LSMGO,753.16
18498,2025-09-24,Singapore,IFO380,423.91
18499,2025-09-24,Fujairah,VLSFO,573.8
18500,2025-09-24,Fujairah,LSMGO,753.81
18501,2025-09-24,Fujairah,IFO380,406.83
18502,2025-09-24,Rotterdam,VLSFO,556.61
18503,2025-09-24,Rotterdam,LSMGO,702.63
18504,2025-09-24,Rotterdam,IFO380,399.87
18505,2025-09-24,Visakhapatnam,VLSFO,620.76
18506,2025-09-24,Visakhapatnam,LSMGO,838.68
18507,2025-09-24,Visakhapatnam,IFO380,443.2
18508,2025-09-24,Houston,VLSFO,547.06
18509,2025-09-24,Houston,LSMGO,669.0
18510,2025-09-24,Houston,IFO380,393.63
18511,2025-09-25,Singapore,VLSFO,593.9
18512,2025-09-25,Singapore,LSMGO,760.79
18513,2025-09-25,Singapore,IFO380,420.77
18514,2025-09-25,Fujairah,VLSFO,575.09
18515,2025-09-25,Fujairah,LSMGO,760.19
18516,2025-09-25,Fujairah,IFO380,406.21
18517,2025-09-25,Rotterdam,VLSFO,553.04
18518,2025-09-25,Rotterdam,LSMGO,703.58
18519,2025-09-25,Rotterdam,IFO380,397.9
18520,2025-09-25,Visakhapatnam,VLSFO,617.33
18521,2025-09-25,Visakhapatnam,LSMGO,857.06
18522,2025-09-25,Visakhapatnam,IFO380,446.03
18523,2025-09-25,Houston,VLSFO,546.14
18524,2025-09-25,Houston,LSMGO,655.92
18525,2025-09-25,Houston,IFO380,387.84
18526,2025-09-26,Singapore,VLSFO,578.85
18527,2025-09-26,Singapore,LSMGO,739.62
18528,2025-09-26,Singapore,IFO380,414.01
18529,2025-09-26,Fujairah,VLSFO,577.89
18530,2025-09-26,Fujairah,LSMGO,763.22
18531,2025-09-26,Fujairah,IFO380,414.91
18532,2025-09-26,Rotterdam,VLSFO,565.33
18533,2025-09-26,Rotterdam,LSMGO,711.63
18534,2025-09-26,Rotterdam,IFO380,409.21
18535,2025-09-26,Visakhapatnam,VLSFO,614.44
18536,2025-09-26,Visakhapatnam,LSMGO,847.69
18537,2025-09-26,Visakhapatnam,IFO380,451.48
18538,2025-09-26,Houston,VLSFO,550.37
18539,2025-09-26,Houston,LSMGO,685.16
18540,2025-09-26,Houston,IFO380,397.8
18541,2025-09-29,Singapore,VLSFO,573.94
18542,2025-09-29,Singapore,LSMGO,721.2
18543,2025-09-29,Singapore,IFO380,413.67
18544,2025-09-29,Fujairah,VLSFO,573.54
18545,2025-09-29,Fujairah,LSMGO,751.09
18546,2025-09-29,Fujairah,IFO380,404.2
18547,2025-09-29,Rotterdam,VLSFO,560.88
18548,2025-09-29,Rotterdam,LSMGO,720.04
18549,2025-09-29,Rotterdam,IFO380,405.71
18550,2025-09-29,Visakhapatnam,VLSFO,619.06
18551,2025-09-29,Visakhapatnam,LSMGO,876.15
18552,2025-09-29,Visakhapatnam,IFO380,444.04
18553,2025-09-29,Houston,VLSFO,535.66
18554,2025-09-29,Houston,LSMGO,662.69
18555,2025-09-29,Houston,IFO380,389.33
18556,2025-09-30,Singapore,VLSFO,594.46
18557,2025-09-30,Singapore,LSMGO,760.1
18558,2025-09-30,Singapore,IFO380,424.71
18559,2025-09-30,Fujairah,VLSFO,577.28
18560,2025-09-30,Fujairah,LSMGO,754.85
18561,2025-09-30,Fujairah,IFO380,409.98
18562,2025-09-30,Rotterdam,VLSFO,554.89
18563,2025-09-30,Rotterdam,LSMGO,683.18
18564,2025-09-30,Rotterdam,IFO380,396.56
18565,2025-09-30,Visakhapatnam,VLSFO,627.27
18566,2025-09-30,Visakhapatnam,LSMGO,876.84
18567,2025-09-30,Visakhapatnam,IFO380,458.99
18568,2025-09-30,Houston,VLSFO,543.96
18569,2025-09-30,Houston,LSMGO,658.03
18570,2025-09-30,Houston,IFO380,392.58
18571,2025-10-01,Singapore,VLSFO,583.97
18572,2025-10-01,Singapore,LSMGO,745.04
18573,2025-10-01,Singapore,IFO380,425.99
18574,2025-10-01,Fujairah,VLSFO,568.91
18575,2025-10-01,Fujairah,LSMGO,749.98
18576,2025-10-01,Fujairah,IFO380,401.09
18577,2025-10-01,Rotterdam,VLSFO,554.64
18578,2025-10-01,Rotterdam,LSMGO,692.7
18579,2025-10-01,Rotterdam,IFO380,395.54
18580,2025-10-01,Visakhapatnam,VLSFO,623.58
18581,2025-10-01,Visakhapatnam,LSMGO,863.98
18582,2025-10-01,Visakhapatnam,IFO380,449.27
18583,2025-10-01,Houston,VLSFO,548.01
18584,2025-10-01,Houston,LSMGO,672.19
18585,2025-10-01,Houston,IFO380,395.35
18586,2025-10-02,Singapore,VLSFO,583.68
18587,2025-10-02,Singapore,LSMGO,741.3
18588,2025-10-02,Singapore,IFO380,418.3
18589,2025-10-02,Fujairah,VLSFO,564.44
18590,2025-10-02,Fujairah,LSMGO,740.99
18591,2025-10-02,Fujairah,IFO380,407.03
18592,2025-10-02,Rotterdam,VLSFO,564.34
18593,2025-10-02,Rotterdam,LSMGO,700.07
18594,2025-10-02,Rotterdam,IFO380,399.3
18595,2025-10-02,Visakhapatnam,VLSFO,626.17
18596,2025-10-02,Visakhapatnam,LSMGO,866.04
18597,2025-10-02,Visakhapatnam,IFO380,451.54
18598,2025-10-02,Houston,VLSFO,541.98
18599,2025-10-02,Houston,LSMGO,652.13
18600,2025-10-02,Houston,IFO380,397.94
18601,2025-10-03,Singapore,VLSFO,585.18
18602,2025-10-03,Singapore,LSMGO,755.52
18603,2025-10-03,Singapore,IFO380,424.01
18604,2025-10-03,Fujairah,VLSFO,578.05
18605,2025-10-03,Fujairah,LSMGO,741.59
18606,2025-10-03,Fujairah,IFO380,416.21
18607,2025-10-03,Rotterdam,VLSFO,551.52
18608,2025-10-03,Rotterdam,LSMGO,683.3
18609,2025-10-03,Rotterdam,IFO380,400.22
18610,2025-10-03,Visakhapatnam,VLSFO,619.72
18611,2025-10-03,Visakhapatnam,LSMGO,852.46
18612,2025-10-03,Visakhapatnam,IFO380,443.88
18613,2025-10-03,Houston,VLSFO,547.34
18614,2025-10-03,Houston,LSMGO,679.76
18615,2025-10-03,Houston,IFO380,398.11
18616,2025-10-06,Singapore,VLSFO,587.04
18617,2025-10-06,Singapore,LSMGO,753.18
18618,2025-10-06,Singapore,IFO380,422.26
18619,2025-10-06,Fujairah,VLSFO,567.37
18620,2025-10-06,Fujairah,LSMGO,740.26
18621,2025-10-06,Fujairah,IFO380,409.16
18622,2025-10-06,Rotterdam,VLSFO,568.02
18623,2025-10-06,Rotterdam,LSMGO,709.7
18624,2025-10-06,Rotterdam,IFO380,417.14
18625,2025-10-06,Visakhapatnam,VLSFO,613.13
18626,2025-10-06,Visakhapatnam,LSMGO,841.97
18627,2025-10-06,Visakhapatnam,IFO380,441.89
18628,2025-10-06,Houston,VLSFO,538.35
18629,2025-10-06,Houston,LSMGO,663.18
18630,2025-10-06,Houston,IFO380,384.68
18631,2025-10-07,Singapore,VLSFO,583.41
18632,2025-10-07,Singapore,LSMGO,740.42
18633,2025-10-07,Singapore,IFO380,418.43
18634,2025-10-07,Fujairah,VLSFO,575.85
18635,2025-10-07,Fujairah,LSMGO,752.87
18636,2025-10-07,Fujairah,IFO380,410.39
18637,2025-10-07,Rotterdam,VLSFO,564.26
18638,2025-10-07,Rotterdam,LSMGO,708.32
18639,2025-10-07,Rotterdam,IFO380,404.6
18640,2025-10-07,Visakhapatnam,VLSFO,616.8
18641,2025-10-07,Visakhapatnam,LSMGO,844.52
18642,2025-10-07,Visakhapatnam,IFO380,440.24
18643,2025-10-07,Houston,VLSFO,542.27
18644,2025-10-07,Houston,LSMGO,660.38
18645,2025-10-07,Houston,IFO380,393.21
18646,2025-10-08,Singapore,VLSFO,582.06
18647,2025-10-08,Singapore,LSMGO,749.67
18648,2025-10-08,Singapore,IFO380,424.31
18649,2025-10-08,Fujairah,VLSFO,574.69
18650,2025-10-08,Fujairah,LSMGO,745.48
18651,2025-10-08,Fujairah,IFO380,407.85
18652,2025-10-08,Rotterdam,VLSFO,546.3
18653,2025-10-08,Rotterdam,LSMGO,688.89
18654,2025-10-08,Rotterdam,IFO380,390.66
18655,2025-10-08,Visakhapatnam,VLSFO,619.25
18656,2025-10-08,Visakhapatnam,LSMGO,855.5
18657,2025-10-08,Visakhapatnam,IFO380,445.79
18658,2025-10-08,Houston,VLSFO,543.44
18659,2025-10-08,Houston,LSMGO,667.96
18660,2025-10-08,Houston,IFO380,387.27
18661,2025-10-09,Singapore,VLSFO,585.99
18662,2025-10-09,Singapore,LSMGO,753.64
18663,2025-10-09,Singapore,IFO380,424.3
18664,2025-10-09,Fujairah,VLSFO,571.3
18665,2025-10-09,Fujairah,LSMGO,737.86
18666,2025-10-09,Fujairah,IFO380,410.59
18667,2025-10-09,Rotterdam,VLSFO,561.96
18668,2025-10-09,Rotterdam,LSMGO,718.46
18669,2025-10-09,Rotterdam,IFO380,407.35
18670,2025-10-09,Visakhapatnam,VLSFO,620.59
18671,2025-10-09,Visakhapatnam,LSMGO,859.32
18672,2025-10-09,Visakhapatnam,IFO380,444.93
18673,2025-10-09,Houston,VLSFO,537.3
18674,2025-10-09,Houston,LSMGO,669.8
18675,2025-10-09,Houston,IFO380,384.22
18676,2025-10-10,Singapore,VLSFO,577.34
18677,2025-10-10,Singapore,LSMGO,732.69
18678,2025-10-10,Singapore,IFO380,418.17
18679,2025-10-10,Fujairah,VLSFO,571.23
18680,2025-10-10,Fujairah,LSMGO,752.88
18681,2025-10-10,Fujairah,IFO380,408.52
18682,2025-10-10,Rotterdam,VLSFO,556.81
18683,2025-10-10,Rotterdam,LSMGO,689.08
18684,2025-10-10,Rotterdam,IFO380,405.23
18685,2025-10-10,Visakhapatnam,VLSFO,623.07
18686,2025-10-10,Visakhapatnam,LSMGO,855.98
18687,2025-10-10,Visakhapatnam,IFO380,445.25
18688,2025-10-10,Houston,VLSFO,539.57
18689,2025-10-10,Houston,LSMGO,655.04
18690,2025-10-10,Houston,IFO380,393.41
18691,2025-10-13,Singapore,VLSFO,579.49
18692,2025-10-13,Singapore,LSMGO,748.29
18693,2025-10-13,Singapore,IFO380,417.26
18694,2025-10-13,Fujairah,VLSFO,565.43
18695,2025-10-13,Fujairah,LSMGO,746.54
18696,2025-10-13,Fujairah,IFO380,404.75
18697,2025-10-13,Rotterdam,VLSFO,554.77
18698,2025-10-13,Rotterdam,LSMGO,695.49
18699,2025-10-13,Rotterdam,IFO380,399.05
18700,2025-10-13,Visakhapatnam,VLSFO,622.82
18701,2025-10-13,Visakhapatnam,LSMGO,853.06
18702,2025-10-13,Visakhapatnam,IFO380,446.14
18703,2025-10-13,Houston,VLSFO,545.45
18704,2025-10-13,Houston,LSMGO,671.76
18705,2025-10-13,Houston,IFO380,393.34
18706,2025-10-14,Singapore,VLSFO,577.15
18707,2025-10-14,Singapore,LSMGO,745.86
18708,2025-10-14,Singapore,IFO380,413.69
18709,2025-10-14,Fujairah,VLSFO,576.97
18710,2025-10-14,Fujairah,LSMGO,750.43
18711,2025-10-14,Fujairah,IFO380,417.02
18712,2025-10-14,Rotterdam,VLSFO,557.29
18713,2025-10-14,Rotterdam,LSMGO,709.61
18714,2025-10-14,Rotterdam,IFO380,405.79
18715,2025-10-14,Visakhapatnam,VLSFO,620.07
18716,2025-10-14,Visakhapatnam,LSMGO,850.17
18717,2025-10-14,Visakhapatnam,IFO380,442.82
18718,2025-10-14,Houston,VLSFO,546.12
18719,2025-10-14,Houston,LSMGO,685.58
18720,2025-10-14,Houston,IFO380,394.28
18721,2025-10-15,Singapore,VLSFO,580.77
18722,2025-10-15,Singapore,LSMGO,758.57
18723,2025-10-15,Singapore,IFO380,415.94
18724,2025-10-15,Fujairah,VLSFO,572.05
18725,2025-10-15,Fujairah,LSMGO,759.26
18726,2025-10-15,Fujairah,IFO380,417.04
18727,2025-10-15,Rotterdam,VLSFO,548.0
18728,2025-10-15,Rotterdam,LSMGO,693.98
18729,2025-10-15,Rotterdam,IFO380,399.31
18730,2025-10-15,Visakhapatnam,VLSFO,615.61
18731,2025-10-15,Visakhapatnam,LSMGO,852.28
18732,2025-10-15,Visakhapatnam,IFO380,439.24
18733,2025-10-15,Houston,VLSFO,543.49
18734,2025-10-15,Houston,LSMGO,673.0
18735,2025-10-15,Houston,IFO380,395.0
18736,2025-10-16,Singapore,VLSFO,583.94
18737,2025-10-16,Singapore,LSMGO,748.18
18738,2025-10-16,Singapore,IFO380,416.55
18739,2025-10-16,Fujairah,VLSFO,574.44
18740,2025-10-16,Fujairah,LSMGO,746.59
18741,2025-10-16,Fujairah,IFO380,418.92
18742,2025-10-16,Rotterdam,VLSFO,555.05
18743,2025-10-16,Rotterdam,LSMGO,697.42
18744,2025-10-16,Rotterdam,IFO380,399.49
18745,2025-10-16,Visakhapatnam,VLSFO,613.77
18746,2025-10-16,Visakhapatnam,LSMGO,846.68
18747,2025-10-16,Visakhapatnam,IFO380,446.4
18748,2025-10-16,Houston,VLSFO,548.2
18749,2025-10-16,Houston,LSMGO,672.65
18750,2025-10-16,Houston,IFO380,393.36
18751,2025-10-17,Singapore,VLSFO,581.38
18752,2025-10-17,Singapore,LSMGO,734.78
18753,2025-10-17,Singapore,IFO380,419.14
18754,2025-10-17,Fujairah,VLSFO,567.58
18755,2025-10-17,Fujairah,LSMGO,746.69
18756,2025-10-17,Fujairah,IFO380,407.3
18757,2025-10-17,Rotterdam,VLSFO,562.84
18758,2025-10-17,Rotterdam,LSMGO,718.01
18759,2025-10-17,Rotterdam,IFO380,409.54
18760,2025-10-17,Visakhapatnam,VLSFO,620.45
18761,2025-10-17,Visakhapatnam,LSMGO,863.07
18762,2025-10-17,Visakhapatnam,IFO380,444.62
18763,2025-10-17,Houston,VLSFO,533.05
18764,2025-10-17,Houston,LSMGO,653.1
18765,2025-10-17,Houston,IFO380,383.88
18766,2025-10-20,Singapore,VLSFO,592.59
18767,2025-10-20,Singapore,LSMGO,751.44
18768,2025-10-20,Singapore,IFO380,430.59
18769,2025-10-20,Fujairah,VLSFO,573.05
18770,2025-10-20,Fujairah,LSMGO,750.07
18771,2025-10-20,Fujairah,IFO380,405.07
18772,2025-10-20,Rotterdam,VLSFO,554.6
18773,2025-10-20,Rotterdam,LSMGO,698.04
18774,2025-10-20,Rotterdam,IFO380,399.99
18775,2025-10-20,Visakhapatnam,VLSFO,624.24
18776,2025-10-20,Visakhapatnam,LSMGO,854.22
18777,2025-10-20,Visakhapatnam,IFO380,447.75
18778,2025-10-20,Houston,VLSFO,545.73
18779,2025-10-20,Houston,LSMGO,664.3
18780,2025-10-20,Houston,IFO380,390.64
18781,2025-10-21,Singapore,VLSFO,595.19
18782,2025-10-21,Singapore,LSMGO,763.26
18783,2025-10-21,Singapore,IFO380,420.39
18784,2025-10-21,Fujairah,VLSFO,580.5
18785,2025-10-21,Fujairah,LSMGO,764.15
18786,2025-10-21,Fujairah,IFO380,412.83
18787,2025-10-21,Rotterdam,VLSFO,554.32
18788,2025-10-21,Rotterdam,LSMGO,693.18
18789,2025-10-21,Rotterdam,IFO380,398.86
18790,2025-10-21,Visakhapatnam,VLSFO,624.3
18791,2025-10-21,Visakhapatnam,LSMGO,863.77
18792,2025-10-21,Visakhapatnam,IFO380,449.58
18793,2025-10-21,Houston,VLSFO,548.35
18794,2025-10-21,Houston,LSMGO,681.16
18795,2025-10-21,Houston,IFO380,396.74
18796,2025-10-22,Singapore,VLSFO,582.06
18797,2025-10-22,Singapore,LSMGO,747.81
18798,2025-10-22,Singapore,IFO380,419.52
18799,2025-10-22,Fujairah,VLSFO,572.13
18800,2025-10-22,Fujairah,LSMGO,751.69
18801,2025-10-22,Fujairah,IFO380,411.7
18802,2025-10-22,Rotterdam,VLSFO,567.05
18803,2025-10-22,Rotterdam,LSMGO,720.33
18804,2025-10-22,Rotterdam,IFO380,412.25
18805,2025-10-22,Visakhapatnam,VLSFO,618.84
18806,2025-10-22,Visakhapatnam,LSMGO,851.98
18807,2025-10-22,Visakhapatnam,IFO380,450.73
18808,2025-10-22,Houston,VLSFO,534.1
18809,2025-10-22,Houston,LSMGO,650.36
18810,2025-10-22,Houston,IFO380,385.43
18811,2025-10-23,Singapore,VLSFO,587.8
18812,2025-10-23,Singapore,LSMGO,745.13
18813,2025-10-23,Singapore,IFO380,427.06
18814,2025-10-23,Fujairah,VLSFO,571.67
18815,2025-10-23,Fujairah,LSMGO,749.78
18816,2025-10-23,Fujairah,IFO380,416.16
18817,2025-10-23,Rotterdam,VLSFO,558.54
18818,2025-10-23,Rotterdam,LSMGO,691.64
18819,2025-10-23,Rotterdam,IFO380,396.28
18820,2025-10-23,Visakhapatnam,VLSFO,612.86
18821,2025-10-23,Visakhapatnam,LSMGO,848.82
18822,2025-10-23,Visakhapatnam,IFO380,437.94
18823,2025-10-23,Houston,VLSFO,550.56
18824,2025-10-23,Houston,LSMGO,677.38
18825,2025-10-23,Houston,IFO380,384.12
18826,2025-10-24,Singapore,VLSFO,583.82
18827,2025-10-24,Singapore,LSMGO,744.51
18828,2025-10-24,Singapore,IFO380,426.3
18829,2025-10-24,Fujairah,VLSFO,575.1
18830,2025-10-24,Fujairah,LSMGO,745.92
18831,2025-10-24,Fujairah,IFO380,409.2
18832,2025-10-24,Rotterdam,VLSFO,554.61
18833,2025-10-24,Rotterdam,LSMGO,692.02
18834,2025-10-24,Rotterdam,IFO380,398.34
18835,2025-10-24,Visakhapatnam,VLSFO,623.08
18836,2025-10-24,Visakhapatnam,LSMGO,858.72
18837,2025-10-24,Visakhapatnam,IFO380,449.17
18838,2025-10-24,Houston,VLSFO,552.76
18839,2025-10-24,Houston,LSMGO,666.3
18840,2025-10-24,Houston,IFO380,396.07
18841,2025-10-27,Singapore,VLSFO,585.47
18842,2025-10-27,Singapore,LSMGO,741.99
18843,2025-10-27,Singapore,IFO380,429.38
18844,2025-10-27,Fujairah,VLSFO,579.96
18845,2025-10-27,Fujairah,LSMGO,755.8
18846,2025-10-27,Fujairah,IFO380,419.12
18847,2025-10-27,Rotterdam,VLSFO,558.25
18848,2025-10-27,Rotterdam,LSMGO,695.44
18849,2025-10-27,Rotterdam,IFO380,404.58
18850,2025-10-27,Visakhapatnam,VLSFO,627.79
18851,2025-10-27,Visakhapatnam,LSMGO,872.28
18852,2025-10-27,Visakhapatnam,IFO380,453.21
18853,2025-10-27,Houston,VLSFO,552.29
18854,2025-10-27,Houston,LSMGO,682.63
18855,2025-10-27,Houston,IFO380,399.68
18856,2025-10-28,Singapore,VLSFO,582.08
18857,2025-10-28,Singapore,LSMGO,758.29
18858,2025-10-28,Singapore,IFO380,419.68
18859,2025-10-28,Fujairah,VLSFO,574.97
18860,2025-10-28,Fujairah,LSMGO,744.64
18861,2025-10-28,Fujairah,IFO380,413.03
18862,2025-10-28,Rotterdam,VLSFO,555.57
18863,2025-10-28,Rotterdam,LSMGO,682.1
18864,2025-10-28,Rotterdam,IFO380,403.38
18865,2025-10-28,Visakhapatnam,VLSFO,616.95
18866,2025-10-28,Visakhapatnam,LSMGO,853.96
18867,2025-10-28,Visakhapatnam,IFO380,442.66
18868,2025-10-28,Houston,VLSFO,531.28
18869,2025-10-28,Houston,LSMGO,650.52
18870,2025-10-28,Houston,IFO380,385.01
18871,2025-10-29,Singapore,VLSFO,590.55
18872,2025-10-29,Singapore,LSMGO,762.95
18873,2025-10-29,Singapore,IFO380,414.09
18874,2025-10-29,Fujairah,VLSFO,575.82
18875,2025-10-29,Fujairah,LSMGO,744.3
18876,2025-10-29,Fujairah,IFO380,418.5
18877,2025-10-29,Rotterdam,VLSFO,554.01
18878,2025-10-29,Rotterdam,LSMGO,694.61
18879,2025-10-29,Rotterdam,IFO380,400.52
18880,2025-10-29,Visakhapatnam,VLSFO,618.9
18881,2025-10-29,Visakhapatnam,LSMGO,851.21
18882,2025-10-29,Visakhapatnam,IFO380,448.5
18883,2025-10-29,Houston,VLSFO,542.76
18884,2025-10-29,Houston,LSMGO,660.1
18885,2025-10-29,Houston,IFO380,391.69
18886,2025-10-30,Singapore,VLSFO,578.72
18887,2025-10-30,Singapore,LSMGO,726.38
18888,2025-10-30,Singapore,IFO380,415.18
18889,2025-10-30,Fujairah,VLSFO,569.18
18890,2025-10-30,Fujairah,LSMGO,741.54
18891,2025-10-30,Fujairah,IFO380,412.79
18892,2025-10-30,Rotterdam,VLSFO,551.18
18893,2025-10-30,Rotterdam,LSMGO,680.63
18894,2025-10-30,Rotterdam,IFO380,398.39
18895,2025-10-30,Visakhapatnam,VLSFO,624.16
18896,2025-10-30,Visakhapatnam,LSMGO,849.67
18897,2025-10-30,Visakhapatnam,IFO380,453.62
18898,2025-10-30,Houston,VLSFO,540.27
18899,2025-10-30,Houston,LSMGO,651.97
18900,2025-10-30,Houston,IFO380,385.44
18901,2025-10-31,Singapore,VLSFO,580.73
18902,2025-10-31,Singapore,LSMGO,749.59
18903,2025-10-31,Singapore,IFO380,410.92
18904,2025-10-31,Fujairah,VLSFO,584.1
18905,2025-10-31,Fujairah,LSMGO,772.38
18906,2025-10-31,Fujairah,IFO380,418.28
18907,2025-10-31,Rotterdam,VLSFO,561.21
18908,2025-10-31,Rotterdam,LSMGO,711.15
18909,2025-10-31,Rotterdam,IFO380,403.8
18910,2025-10-31,Visakhapatnam,VLSFO,619.89
18911,2025-10-31,Visakhapatnam,LSMGO,867.11
18912,2025-10-31,Visakhapatnam,IFO380,448.38
18913,2025-10-31,Houston,VLSFO,544.9
18914,2025-10-31,Houston,LSMGO,664.34
18915,2025-10-31,Houston,IFO380,393.63
18916,2025-11-03,Singapore,VLSFO,589.47
18917,2025-11-03,Singapore,LSMGO,766.88
18918,2025-11-03,Singapore,IFO380,420.25
18919,2025-11-03,Fujairah,VLSFO,574.38
18920,2025-11-03,Fujairah,LSMGO,752.23
18921,2025-11-03,Fujairah,IFO380,411.08
18922,2025-11-03,Rotterdam,VLSFO,559.86
18923,2025-11-03,Rotterdam,LSMGO,695.94
18924,2025-11-03,Rotterdam,IFO380,402.03
18925,2025-11-03,Visakhapatnam,VLSFO,618.35
18926,2025-11-03,Visakhapatnam,LSMGO,857.67
18927,2025-11-03,Visakhapatnam,IFO380,448.33
18928,2025-11-03,Houston,VLSFO,547.48
18929,2025-11-03,Houston,LSMGO,656.66
18930,2025-11-03,Houston,IFO380,388.74
18931,2025-11-04,Singapore,VLSFO,584.67
18932,2025-11-04,Singapore,LSMGO,742.12
18933,2025-11-04,Singapore,IFO380,425.45
18934,2025-11-04,Fujairah,VLSFO,579.96
18935,2025-11-04,Fujairah,LSMGO,758.39
18936,2025-11-04,Fujairah,IFO380,417.53
18937,2025-11-04,Rotterdam,VLSFO,566.62
18938,2025-11-04,Rotterdam,LSMGO,714.35
18939,2025-11-04,Rotterdam,IFO380,416.16
18940,2025-11-04,Visakhapatnam,VLSFO,629.64
18941,2025-11-04,Visakhapatnam,LSMGO,878.16
18942,2025-11-04,Visakhapatnam,IFO380,453.39
18943,2025-11-04,Houston,VLSFO,540.35
18944,2025-11-04,Houston,LSMGO,667.33
18945,2025-11-04,Houston,IFO380,389.49
18946,2025-11-05,Singapore,VLSFO,594.65
18947,2025-11-05,Singapore,LSMGO,750.43
18948,2025-11-05,Singapore,IFO380,426.9
18949,2025-11-05,Fujairah,VLSFO,580.06
18950,2025-11-05,Fujairah,LSMGO,761.68
18951,2025-11-05,Fujairah,IFO380,416.09
18952,2025-11-05,Rotterdam,VLSFO,556.95
18953,2025-11-05,Rotterdam,LSMGO,695.93
18954,2025-11-05,Rotterdam,IFO380,397.38
18955,2025-11-05,Visakhapatnam,VLSFO,611.8
18956,2025-11-05,Visakhapatnam,LSMGO,831.83
18957,2025-11-05,Visakhapatnam,IFO380,440.54
18958,2025-11-05,Houston,VLSFO,555.13
18959,2025-11-05,Houston,LSMGO,697.03
18960,2025-11-05,Houston,IFO380,403.38
18961,2025-11-06,Singapore,VLSFO,597.56
18962,2025-11-06,Singapore,LSMGO,768.48
18963,2025-11-06,Singapore,IFO380,435.78
18964,2025-11-06,Fujairah,VLSFO,582.16
18965,2025-11-06,Fujairah,LSMGO,753.37
18966,2025-11-06,Fujairah,IFO380,420.23
18967,2025-11-06,Rotterdam,VLSFO,552.24
18968,2025-11-06,Rotterdam,LSMGO,702.81
18969,2025-11-06,Rotterdam,IFO380,397.04
18970,2025-11-06,Visakhapatnam,VLSFO,620.0
18971,2025-11-06,Visakhapatnam,LSMGO,862.13
18972,2025-11-06,Visakhapatnam,IFO380,448.42
18973,2025-11-06,Houston,VLSFO,553.83
18974,2025-11-06,Houston,LSMGO,676.62
18975,2025-11-06,Houston,IFO380,391.0
18976,2025-11-07,Singapore,VLSFO,588.05
18977,2025-11-07,Singapore,LSMGO,767.82
18978,2025-11-07,Singapore,IFO380,420.77
18979,2025-11-07,Fujairah,VLSFO,588.67
18980,2025-11-07,Fujairah,LSMGO,775.46
18981,2025-11-07,Fujairah,IFO380,418.98
18982,2025-11-07,Rotterdam,VLSFO,553.41
18983,2025-11-07,Rotterdam,LSMGO,698.91
18984,2025-11-07,Rotterdam,IFO380,398.26
18985,2025-11-07,Visakhapatnam,VLSFO,623.68
18986,2025-11-07,Visakhapatnam,LSMGO,877.46
18987,2025-11-07,Visakhapatnam,IFO380,444.97
18988,2025-11-07,Houston,VLSFO,541.06
18989,2025-11-07,Houston,LSMGO,663.85
18990,2025-11-07,Houston,IFO380,385.58
18991,2025-11-10,Singapore,VLSFO,597.64
18992,2025-11-10,Singapore,LSMGO,768.6
18993,2025-11-10,Singapore,IFO380,424.92
18994,2025-11-10,Fujairah,VLSFO,579.26
18995,2025-11-10,Fujairah,LSMGO,765.76
18996,2025-11-10,Fujairah,IFO380,424.88
18997,2025-11-10,Rotterdam,VLSFO,560.0
18998,2025-11-10,Rotterdam,LSMGO,696.63
18999,2025-11-10,Rotterdam,IFO380,402.17
19000,2025-11-10,Visakhapatnam,VLSFO,620.65
19001,2025-11-10,Visakhapatnam,LSMGO,861.6
19002,2025-11-10,Visakhapatnam,IFO380,447.72
19003,2025-11-10,Houston,VLSFO,544.28
19004,2025-11-10,Houston,LSMGO,668.24
19005,2025-11-10,Houston,IFO380,394.77
19006,2025-11-11,Singapore,VLSFO,587.15
19007,2025-11-11,Singapore,LSMGO,756.31
19008,2025-11-11,Singapore,IFO380,423.3
19009,2025-11-11,Fujairah,VLSFO,577.59
19010,2025-11-11,Fujairah,LSMGO,757.43
19011,2025-11-11,Fujairah,IFO380,412.15
19012,2025-11-11,Rotterdam,VLSFO,562.69
19013,2025-11-11,Rotterdam,LSMGO,705.12
19014,2025-11-11,Rotterdam,IFO380,411.79
19015,2025-11-11,Visakhapatnam,VLSFO,623.47
19016,2025-11-11,Visakhapatnam,LSMGO,854.4
19017,2025-11-11,Visakhapatnam,IFO380,452.33
19018,2025-11-11,Houston,VLSFO,554.15
19019,2025-11-11,Houston,LSMGO,670.78
19020,2025-11-11,Houston,IFO380,406.72
19021,2025-11-12,Singapore,VLSFO,594.03
19022,2025-11-12,Singapore,LSMGO,765.6
19023,2025-11-12,Singapore,IFO380,428.62
19024,2025-11-12,Fujairah,VLSFO,575.11
19025,2025-11-12,Fujairah,LSMGO,747.13
19026,2025-11-12,Fujairah,IFO380,413.83
19027,2025-11-12,Rotterdam,VLSFO,561.94
19028,2025-11-12,Rotterdam,LSMGO,717.32
19029,2025-11-12,Rotterdam,IFO380,405.34
19030,2025-11-12,Visakhapatnam,VLSFO,627.99
19031,2025-11-12,Visakhapatnam,LSMGO,867.81
19032,2025-11-12,Visakhapatnam,IFO380,449.57
19033,2025-11-12,Houston,VLSFO,551.96
19034,2025-11-12,Houston,LSMGO,680.17
19035,2025-11-12,Houston,IFO380,394.97
19036,2025-11-13,Singapore,VLSFO,589.41
19037,2025-11-13,Singapore,LSMGO,751.8
19038,2025-11-13,Singapore,IFO380,413.47
19039,2025-11-13,Fujairah,VLSFO,576.59
19040,2025-11-13,Fujairah,LSMGO,741.35
19041,2025-11-13,Fujairah,IFO380,412.5
19042,2025-11-13,Rotterdam,VLSFO,562.42
19043,2025-11-13,Rotterdam,LSMGO,706.96
19044,2025-11-13,Rotterdam,IFO380,407.13
19045,2025-11-13,Visakhapatnam,VLSFO,629.57
19046,2025-11-13,Visakhapatnam,LSMGO,862.81
19047,2025-11-13,Visakhapatnam,IFO380,449.77
19048,2025-11-13,Houston,VLSFO,546.4
19049,2025-11-13,Houston,LSMGO,668.62
19050,2025-11-13,Houston,IFO380,396.97
19051,2025-11-14,Singapore,VLSFO,594.78
19052,2025-11-14,Singapore,LSMGO,764.94
19053,2025-11-14,Singapore,IFO380,421.96
19054,2025-11-14,Fujairah,VLSFO,575.38
19055,2025-11-14,Fujairah,LSMGO,752.74
19056,2025-11-14,Fujairah,IFO380,409.77
19057,2025-11-14,Rotterdam,VLSFO,550.51
19058,2025-11-14,Rotterdam,LSMGO,682.52
19059,2025-11-14,Rotterdam,IFO380,397.33
19060,2025-11-14,Visakhapatnam,VLSFO,627.62
19061,2025-11-14,Visakhapatnam,LSMGO,878.61
19062,2025-11-14,Visakhapatnam,IFO380,448.79
19063,2025-11-14,Houston,VLSFO,551.44
19064,2025-11-14,Houston,LSMGO,681.04
19065,2025-11-14,Houston,IFO380,395.51
19066,2025-11-17,Singapore,VLSFO,590.09
19067,2025-11-17,Singapore,LSMGO,755.63
19068,2025-11-17,Singapore,IFO380,435.33
19069,2025-11-17,Fujairah,VLSFO,576.07
19070,2025-11-17,Fujairah,LSMGO,751.43
19071,2025-11-17,Fujairah,IFO380,411.11
19072,2025-11-17,Rotterdam,VLSFO,556.41
19073,2025-11-17,Rotterdam,LSMGO,693.44
19074,2025-11-17,Rotterdam,IFO380,397.62
19075,2025-11-17,Visakhapatnam,VLSFO,627.53
19076,2025-11-17,Visakhapatnam,LSMGO,881.67
19077,2025-11-17,Visakhapatnam,IFO380,454.41
19078,2025-11-17,Houston,VLSFO,554.22
19079,2025-11-17,Houston,LSMGO,674.33
19080,2025-11-17,Houston,IFO380,406.84
19081,2025-11-18,Singapore,VLSFO,600.19
19082,2025-11-18,Singapore,LSMGO,774.41
19083,2025-11-18,Singapore,IFO380,429.41
19084,2025-11-18,Fujairah,VLSFO,578.86
19085,2025-11-18,Fujairah,LSMGO,759.13
19086,2025-11-18,Fujairah,IFO380,414.41
19087,2025-11-18,Rotterdam,VLSFO,556.82
19088,2025-11-18,Rotterdam,LSMGO,700.66
19089,2025-11-18,Rotterdam,IFO380,410.9
19090,2025-11-18,Visakhapatnam,VLSFO,623.38
19091,2025-11-18,Visakhapatnam,LSMGO,847.89
19092,2025-11-18,Visakhapatnam,IFO380,449.39
19093,2025-11-18,Houston,VLSFO,556.46
19094,2025-11-18,Houston,LSMGO,681.95
19095,2025-11-18,Houston,IFO380,405.01
19096,2025-11-19,Singapore,VLSFO,590.43
19097,2025-11-19,Singapore,LSMGO,760.97
19098,2025-11-19,Singapore,IFO380,424.11
19099,2025-11-19,Fujairah,VLSFO,582.81
19100,2025-11-19,Fujairah,LSMGO,754.77
19101,2025-11-19,Fujairah,IFO380,421.14
19102,2025-11-19,Rotterdam,VLSFO,563.41
19103,2025-11-19,Rotterdam,LSMGO,717.7
19104,2025-11-19,Rotterdam,IFO380,401.53
19105,2025-11-19,Visakhapatnam,VLSFO,623.99
19106,2025-11-19,Visakhapatnam,LSMGO,860.07
19107,2025-11-19,Visakhapatnam,IFO380,445.24
19108,2025-11-19,Houston,VLSFO,550.63
19109,2025-11-19,Houston,LSMGO,671.58
19110,2025-11-19,Houston,IFO380,391.18
19111,2025-11-20,Singapore,VLSFO,591.21
19112,2025-11-20,Singapore,LSMGO,751.37
19113,2025-11-20,Singapore,IFO380,427.6
19114,2025-11-20,Fujairah,VLSFO,581.45
19115,2025-11-20,Fujairah,LSMGO,751.09
19116,2025-11-20,Fujairah,IFO380,416.05
19117,2025-11-20,Rotterdam,VLSFO,560.61
19118,2025-11-20,Rotterdam,LSMGO,712.37
19119,2025-11-20,Rotterdam,IFO380,404.18
19120,2025-11-20,Visakhapatnam,VLSFO,627.33
19121,2025-11-20,Visakhapatnam,LSMGO,870.35
19122,2025-11-20,Visakhapatnam,IFO380,454.82
19123,2025-11-20,Houston,VLSFO,552.24
19124,2025-11-20,Houston,LSMGO,677.33
19125,2025-11-20,Houston,IFO380,398.07
19126,2025-11-21,Singapore,VLSFO,587.38
19127,2025-11-21,Singapore,LSMGO,764.15
19128,2025-11-21,Singapore,IFO380,426.1
19129,2025-11-21,Fujairah,VLSFO,585.81
19130,2025-11-21,Fujairah,LSMGO,773.63
19131,2025-11-21,Fujairah,IFO380,430.74
19132,2025-11-21,Rotterdam,VLSFO,565.06
19133,2025-11-21,Rotterdam,LSMGO,725.3
19134,2025-11-21,Rotterdam,IFO380,402.42
19135,2025-11-21,Visakhapatnam,VLSFO,634.38
19136,2025-11-21,Visakhapatnam,LSMGO,865.3
19137,2025-11-21,Visakhapatnam,IFO380,457.25
19138,2025-11-21,Houston,VLSFO,552.59
19139,2025-11-21,Houston,LSMGO,686.87
19140,2025-11-21,Houston,IFO380,395.57
19141,2025-11-24,Singapore,VLSFO,597.56
19142,2025-11-24,Singapore,LSMGO,756.7
19143,2025-11-24,Singapore,IFO380,435.54
19144,2025-11-24,Fujairah,VLSFO,581.88
19145,2025-11-24,Fujairah,LSMGO,758.63
19146,2025-11-24,Fujairah,IFO380,425.52
19147,2025-11-24,Rotterdam,VLSFO,561.75
19148,2025-11-24,Rotterdam,LSMGO,695.3
19149,2025-11-24,Rotterdam,IFO380,406.62
19150,2025-11-24,Visakhapatnam,VLSFO,629.84
19151,2025-11-24,Visakhapatnam,LSMGO,873.23
19152,2025-11-24,Visakhapatnam,IFO380,453.97
19153,2025-11-24,Houston,VLSFO,543.46
19154,2025-11-24,Houston,LSMGO,671.52
19155,2025-11-24,Houston,IFO380,391.07
19156,2025-11-25,Singapore,VLSFO,597.47
19157,2025-11-25,Singapore,LSMGO,759.18
19158,2025-11-25,Singapore,IFO380,430.15
19159,2025-11-25,Fujairah,VLSFO,578.32
19160,2025-11-25,Fujairah,LSMGO,757.95
19161,2025-11-25,Fujairah,IFO380,418.23
19162,2025-11-25,Rotterdam,VLSFO,564.04
19163,2025-11-25,Rotterdam,LSMGO,722.18
19164,2025-11-25,Rotterdam,IFO380,405.1
19165,2025-11-25,Visakhapatnam,VLSFO,638.69
19166,2025-11-25,Visakhapatnam,LSMGO,882.04
19167,2025-11-25,Visakhapatnam,IFO380,459.91
19168,2025-11-25,Houston,VLSFO,553.94
19169,2025-11-25,Houston,LSMGO,671.25
19170,2025-11-25,Houston,IFO380,398.47
19171,2025-11-26,Singapore,VLSFO,598.04
19172,2025-11-26,Singapore,LSMGO,754.66
19173,2025-11-26,Singapore,IFO380,428.99
19174,2025-11-26,Fujairah,VLSFO,580.75
19175,2025-11-26,Fujairah,LSMGO,757.96
19176,2025-11-26,Fujairah,IFO380,414.13
19177,2025-11-26,Rotterdam,VLSFO,556.76
19178,2025-11-26,Rotterdam,LSMGO,699.38
19179,2025-11-26,Rotterdam,IFO380,397.85
19180,2025-11-26,Visakhapatnam,VLSFO,633.45
19181,2025-11-26,Visakhapatnam,LSMGO,867.68
19182,2025-11-26,Visakhapatnam,IFO380,457.04
19183,2025-11-26,Houston,VLSFO,555.07
19184,2025-11-26,Houston,LSMGO,682.49
19185,2025-11-26,Houston,IFO380,402.73
19186,2025-11-27,Singapore,VLSFO,598.95
19187,2025-11-27,Singapore,LSMGO,754.94
19188,2025-11-27,Singapore,IFO380,427.18
19189,2025-11-27,Fujairah,VLSFO,583.65
19190,2025-11-27,Fujairah,LSMGO,767.05
19191,2025-11-27,Fujairah,IFO380,418.86
19192,2025-11-27,Rotterdam,VLSFO,564.6
19193,2025-11-27,Rotterdam,LSMGO,710.86
19194,2025-11-27,Rotterdam,IFO380,406.12
19195,2025-11-27,Visakhapatnam,VLSFO,624.21
19196,2025-11-27,Visakhapatnam,LSMGO,863.88
19197,2025-11-27,Visakhapatnam,IFO380,455.07
19198,2025-11-27,Houston,VLSFO,547.25
19199,2025-11-27,Houston,LSMGO,664.81
19200,2025-11-27,Houston,IFO380,388.07
19201,2025-11-28,Singapore,VLSFO,593.82
19202,2025-11-28,Singapore,LSMGO,758.42
19203,2025-11-28,Singapore,IFO380,421.78
19204,2025-11-28,Fujairah,VLSFO,592.12
19205,2025-11-28,Fujairah,LSMGO,761.91
19206,2025-11-28,Fujairah,IFO380,424.86
19207,2025-11-28,Rotterdam,VLSFO,561.62
19208,2025-11-28,Rotterdam,LSMGO,710.43
19209,2025-11-28,Rotterdam,IFO380,394.71
19210,2025-11-28,Visakhapatnam,VLSFO,644.49
19211,2025-11-28,Visakhapatnam,LSMGO,894.5
19212,2025-11-28,Visakhapatnam,IFO380,462.53
19213,2025-11-28,Houston,VLSFO,556.49
19214,2025-11-28,Houston,LSMGO,683.35
19215,2025-11-28,Houston,IFO380,403.26
19216,2025-12-01,Singapore,VLSFO,597.36
19217,2025-12-01,Singapore,LSMGO,765.5
19218,2025-12-01,Singapore,IFO380,433.35
19219,2025-12-01,Fujairah,VLSFO,588.96
19220,2025-12-01,Fujairah,LSMGO,764.9
19221,2025-12-01,Fujairah,IFO380,433.18
19222,2025-12-01,Rotterdam,VLSFO,565.65
19223,2025-12-01,Rotterdam,LSMGO,702.38
19224,2025-12-01,Rotterdam,IFO380,407.36
19225,2025-12-01,Visakhapatnam,VLSFO,643.22
19226,2025-12-01,Visakhapatnam,LSMGO,894.59
19227,2025-12-01,Visakhapatnam,IFO380,461.76
19228,2025-12-01,Houston,VLSFO,556.0
19229,2025-12-01,Houston,LSMGO,693.08
19230,2025-12-01,Houston,IFO380,397.42
19231,2025-12-02,Singapore,VLSFO,603.89
19232,2025-12-02,Singapore,LSMGO,773.54
19233,2025-12-02,Singapore,IFO380,436.5
19234,2025-12-02,Fujairah,VLSFO,587.75
19235,2025-12-02,Fujairah,LSMGO,767.27
19236,2025-12-02,Fujairah,IFO380,417.23
19237,2025-12-02,Rotterdam,VLSFO,573.01
19238,2025-12-02,Rotterdam,LSMGO,727.26
19239,2025-12-02,Rotterdam,IFO380,413.32
19240,2025-12-02,Visakhapatnam,VLSFO,623.41
19241,2025-12-02,Visakhapatnam,LSMGO,861.45
19242,2025-12-02,Visakhapatnam,IFO380,451.22
19243,2025-12-02,Houston,VLSFO,551.1
19244,2025-12-02,Houston,LSMGO,661.11
19245,2025-12-02,Houston,IFO380,396.48
19246,2025-12-03,Singapore,VLSFO,593.52
19247,2025-12-03,Singapore,LSMGO,762.18
19248,2025-12-03,Singapore,IFO380,427.18
19249,2025-12-03,Fujairah,VLSFO,593.28
19250,2025-12-03,Fujairah,LSMGO,773.61
19251,2025-12-03,Fujairah,IFO380,423.27
19252,2025-12-03,Rotterdam,VLSFO,574.6
19253,2025-12-03,Rotterdam,LSMGO,713.67
19254,2025-12-03,Rotterdam,IFO380,414.09
19255,2025-12-03,Visakhapatnam,VLSFO,628.23
19256,2025-12-03,Visakhapatnam,LSMGO,861.38
19257,2025-12-03,Visakhapatnam,IFO380,455.87
19258,2025-12-03,Houston,VLSFO,557.29
19259,2025-12-03,Houston,LSMGO,691.74
19260,2025-12-03,Houston,IFO380,406.55
19261,2025-12-04,Singapore,VLSFO,601.89
19262,2025-12-04,Singapore,LSMGO,773.24
19263,2025-12-04,Singapore,IFO380,438.57
19264,2025-12-04,Fujairah,VLSFO,588.47
19265,2025-12-04,Fujairah,LSMGO,767.17
19266,2025-12-04,Fujairah,IFO380,426.87
19267,2025-12-04,Rotterdam,VLSFO,567.68
19268,2025-12-04,Rotterdam,LSMGO,707.27
19269,2025-12-04,Rotterdam,IFO380,405.88
19270,2025-12-04,Visakhapatnam,VLSFO,628.62
19271,2025-12-04,Visakhapatnam,LSMGO,873.06
19272,2025-12-04,Visakhapatnam,IFO380,448.73
19273,2025-12-04,Houston,VLSFO,559.16
19274,2025-12-04,Houston,LSMGO,686.12
19275,2025-12-04,Houston,IFO380,407.47
19276,2025-12-05,Singapore,VLSFO,597.8
19277,2025-12-05,Singapore,LSMGO,765.53
19278,2025-12-05,Singapore,IFO380,432.95
19279,2025-12-05,Fujairah,VLSFO,578.89
19280,2025-12-05,Fujairah,LSMGO,750.33
19281,2025-12-05,Fujairah,IFO380,420.07
19282,2025-12-05,Rotterdam,VLSFO,580.29
19283,2025-12-05,Rotterdam,LSMGO,724.96
19284,2025-12-05,Rotterdam,IFO380,420.45
19285,2025-12-05,Visakhapatnam,VLSFO,635.03
19286,2025-12-05,Visakhapatnam,LSMGO,880.99
19287,2025-12-05,Visakhapatnam,IFO380,464.54
19288,2025-12-05,Houston,VLSFO,568.39
19289,2025-12-05,Houston,LSMGO,714.43
19290,2025-12-05,Houston,IFO380,408.83
19291,2025-12-08,Singapore,VLSFO,602.62
19292,2025-12-08,Singapore,LSMGO,768.15
19293,2025-12-08,Singapore,IFO380,434.34
19294,2025-12-08,Fujairah,VLSFO,593.65
19295,2025-12-08,Fujairah,LSMGO,787.1
19296,2025-12-08,Fujairah,IFO380,422.81
19297,2025-12-08,Rotterdam,VLSFO,575.64
19298,2025-12-08,Rotterdam,LSMGO,727.47
19299,2025-12-08,Rotterdam,IFO380,414.59
19300,2025-12-08,Visakhapatnam,VLSFO,628.94
19301,2025-12-08,Visakhapatnam,LSMGO,873.81
19302,2025-12-08,Visakhapatnam,IFO380,454.34
19303,2025-12-08,Houston,VLSFO,563.79
19304,2025-12-08,Houston,LSMGO,688.08
19305,2025-12-08,Houston,IFO380,396.45
19306,2025-12-09,Singapore,VLSFO,597.38
19307,2025-12-09,Singapore,LSMGO,759.29
19308,2025-12-09,Singapore,IFO380,427.7
19309,2025-12-09,Fujairah,VLSFO,587.28
19310,2025-12-09,Fujairah,LSMGO,762.85
19311,2025-12-09,Fujairah,IFO380,421.89
19312,2025-12-09,Rotterdam,VLSFO,574.5
19313,2025-12-09,Rotterdam,LSMGO,716.01
19314,2025-12-09,Rotterdam,IFO380,417.76
19315,2025-12-09,Visakhapatnam,VLSFO,638.68
19316,2025-12-09,Visakhapatnam,LSMGO,878.08
19317,2025-12-09,Visakhapatnam,IFO380,461.36
19318,2025-12-09,Houston,VLSFO,558.57
19319,2025-12-09,Houston,LSMGO,681.94
19320,2025-12-09,Houston,IFO380,402.06
19321,2025-12-10,Singapore,VLSFO,603.48
19322,2025-12-10,Singapore,LSMGO,789.09
19323,2025-12-10,Singapore,IFO380,434.21
19324,2025-12-10,Fujairah,VLSFO,590.06
19325,2025-12-10,Fujairah,LSMGO,772.26
19326,2025-12-10,Fujairah,IFO380,422.85
19327,2025-12-10,Rotterdam,VLSFO,578.3
19328,2025-12-10,Rotterdam,LSMGO,723.76
19329,2025-12-10,Rotterdam,IFO380,415.55
19330,2025-12-10,Visakhapatnam,VLSFO,638.05
19331,2025-12-10,Visakhapatnam,LSMGO,868.84
19332,2025-12-10,Visakhapatnam,IFO380,464.07
19333,2025-12-10,Houston,VLSFO,563.58
19334,2025-12-10,Houston,LSMGO,704.26
19335,2025-12-10,Houston,IFO380,404.96
19336,2025-12-11,Singapore,VLSFO,604.5
19337,2025-12-11,Singapore,LSMGO,783.47
19338,2025-12-11,Singapore,IFO380,434.12
19339,2025-12-11,Fujairah,VLSFO,598.81
19340,2025-12-11,Fujairah,LSMGO,786.06
19341,2025-12-11,Fujairah,IFO380,431.99
19342,2025-12-11,Rotterdam,VLSFO,575.1
19343,2025-12-11,Rotterdam,LSMGO,722.7
19344,2025-12-11,Rotterdam,IFO380,408.3
19345,2025-12-11,Visakhapatnam,VLSFO,635.05
19346,2025-12-11,Visakhapatnam,LSMGO,864.47
19347,2025-12-11,Visakhapatnam,IFO380,453.67
19348,2025-12-11,Houston,VLSFO,564.43
19349,2025-12-11,Houston,LSMGO,700.08
19350,2025-12-11,Houston,IFO380,409.6
19351,2025-12-12,Singapore,VLSFO,602.11
19352,2025-12-12,Singapore,LSMGO,766.01
19353,2025-12-12,Singapore,IFO380,438.45
19354,2025-12-12,Fujairah,VLSFO,595.8
19355,2025-12-12,Fujairah,LSMGO,786.36
19356,2025-12-12,Fujairah,IFO380,430.17
19357,2025-12-12,Rotterdam,VLSFO,568.44
19358,2025-12-12,Rotterdam,LSMGO,714.1
19359,2025-12-12,Rotterdam,IFO380,415.3
19360,2025-12-12,Visakhapatnam,VLSFO,653.07
19361,2025-12-12,Visakhapatnam,LSMGO,912.82
19362,2025-12-12,Visakhapatnam,IFO380,469.7
19363,2025-12-12,Houston,VLSFO,557.24
19364,2025-12-12,Houston,LSMGO,684.49
19365,2025-12-12,Houston,IFO380,396.16
19366,2025-12-15,Singapore,VLSFO,608.75
19367,2025-12-15,Singapore,LSMGO,776.15
19368,2025-12-15,Singapore,IFO380,433.14
19369,2025-12-15,Fujairah,VLSFO,585.56
19370,2025-12-15,Fujairah,LSMGO,779.17
19371,2025-12-15,Fujairah,IFO380,420.7
19372,2025-12-15,Rotterdam,VLSFO,577.38
19373,2025-12-15,Rotterdam,LSMGO,726.37
19374,2025-12-15,Rotterdam,IFO380,419.33
19375,2025-12-15,Visakhapatnam,VLSFO,635.49
19376,2025-12-15,Visakhapatnam,LSMGO,890.91
19377,2025-12-15,Visakhapatnam,IFO380,454.65
19378,2025-12-15,Houston,VLSFO,562.51
19379,2025-12-15,Houston,LSMGO,692.65
19380,2025-12-15,Houston,IFO380,402.25
19381,2025-12-16,Singapore,VLSFO,602.76
19382,2025-12-16,Singapore,LSMGO,770.03
19383,2025-12-16,Singapore,IFO380,439.25
19384,2025-12-16,Fujairah,VLSFO,593.55
19385,2025-12-16,Fujairah,LSMGO,768.65
19386,2025-12-16,Fujairah,IFO380,421.34
19387,2025-12-16,Rotterdam,VLSFO,562.61
19388,2025-12-16,Rotterdam,LSMGO,693.2
19389,2025-12-16,Rotterdam,IFO380,405.58
19390,2025-12-16,Visakhapatnam,VLSFO,646.78
19391,2025-12-16,Visakhapatnam,LSMGO,905.99
19392,2025-12-16,Visakhapatnam,IFO380,459.92
19393,2025-12-16,Houston,VLSFO,564.66
19394,2025-12-16,Houston,LSMGO,704.31
19395,2025-12-16,Houston,IFO380,407.05
19396,2025-12-17,Singapore,VLSFO,603.13
19397,2025-12-17,Singapore,LSMGO,776.89
19398,2025-12-17,Singapore,IFO380,434.65
19399,2025-12-17,Fujairah,VLSFO,589.13
19400,2025-12-17,Fujairah,LSMGO,772.93
19401,2025-12-17,Fujairah,IFO380,419.63
19402,2025-12-17,Rotterdam,VLSFO,581.84
19403,2025-12-17,Rotterdam,LSMGO,748.7
19404,2025-12-17,Rotterdam,IFO380,417.9
19405,2025-12-17,Visakhapatnam,VLSFO,630.3
19406,2025-12-17,Visakhapatnam,LSMGO,875.67
19407,2025-12-17,Visakhapatnam,IFO380,457.64
19408,2025-12-17,Houston,VLSFO,557.26
19409,2025-12-17,Houston,LSMGO,684.81
19410,2025-12-17,Houston,IFO380,397.08
19411,2025-12-18,Singapore,VLSFO,601.82
19412,2025-12-18,Singapore,LSMGO,770.48
19413,2025-12-18,Singapore,IFO380,437.89
19414,2025-12-18,Fujairah,VLSFO,594.75
19415,2025-12-18,Fujairah,LSMGO,771.51
19416,2025-12-18,Fujairah,IFO380,426.49
19417,2025-12-18,Rotterdam,VLSFO,573.37
19418,2025-12-18,Rotterdam,LSMGO,727.55
19419,2025-12-18,Rotterdam,IFO380,411.23
19420,2025-12-18,Visakhapatnam,VLSFO,650.9
19421,2025-12-18,Visakhapatnam,LSMGO,887.86
19422,2025-12-18,Visakhapatnam,IFO380,469.85
19423,2025-12-18,Houston,VLSFO,557.42
19424,2025-12-18,Houston,LSMGO,682.6
19425,2025-12-18,Houston,IFO380,402.72
19426,2025-12-19,Singapore,VLSFO,597.73
19427,2025-12-19,Singapore,LSMGO,754.57
19428,2025-12-19,Singapore,IFO380,428.33
19429,2025-12-19,Fujairah,VLSFO,595.13
19430,2025-12-19,Fujairah,LSMGO,785.46
19431,2025-12-19,Fujairah,IFO380,437.47
19432,2025-12-19,Rotterdam,VLSFO,570.54
19433,2025-12-19,Rotterdam,LSMGO,702.48
19434,2025-12-19,Rotterdam,IFO380,412.27
19435,2025-12-19,Visakhapatnam,VLSFO,634.05
19436,2025-12-19,Visakhapatnam,LSMGO,881.96
19437,2025-12-19,Visakhapatnam,IFO380,459.62
19438,2025-12-19,Houston,VLSFO,565.95
19439,2025-12-19,Houston,LSMGO,700.59
19440,2025-12-19,Houston,IFO380,408.39
19441,2025-12-22,Singapore,VLSFO,607.72
19442,2025-12-22,Singapore,LSMGO,780.88
19443,2025-12-22,Singapore,IFO380,434.02
19444,2025-12-22,Fujairah,VLSFO,589.55
19445,2025-12-22,Fujairah,LSMGO,767.28
19446,2025-12-22,Fujairah,IFO380,418.12
19447,2025-12-22,Rotterdam,VLSFO,575.96
19448,2025-12-22,Rotterdam,LSMGO,734.67
19449,2025-12-22,Rotterdam,IFO380,412.15
19450,2025-12-22,Visakhapatnam,VLSFO,641.46
19451,2025-12-22,Visakhapatnam,LSMGO,897.47
19452,2025-12-22,Visakhapatnam,IFO380,455.95
19453,2025-12-22,Houston,VLSFO,558.33
19454,2025-12-22,Houston,LSMGO,697.93
19455,2025-12-22,Houston,IFO380,389.07
19456,2025-12-23,Singapore,VLSFO,606.29
19457,2025-12-23,Singapore,LSMGO,775.83
19458,2025-12-23,Singapore,IFO380,434.1
19459,2025-12-23,Fujairah,VLSFO,596.75
19460,2025-12-23,Fujairah,LSMGO,773.59
19461,2025-12-23,Fujairah,IFO380,435.28
19462,2025-12-23,Rotterdam,VLSFO,584.96
19463,2025-12-23,Rotterdam,LSMGO,740.75
19464,2025-12-23,Rotterdam,IFO380,416.96
19465,2025-12-23,Visakhapatnam,VLSFO,641.8
19466,2025-12-23,Visakhapatnam,LSMGO,886.35
19467,2025-12-23,Visakhapatnam,IFO380,457.33
19468,2025-12-23,Houston,VLSFO,561.76
19469,2025-12-23,Houston,LSMGO,695.53
19470,2025-12-23,Houston,IFO380,404.7
19471,2025-12-24,Singapore,VLSFO,600.38
19472,2025-12-24,Singapore,LSMGO,783.5
19473,2025-12-24,Singapore,IFO380,431.37
19474,2025-12-24,Fujairah,VLSFO,597.39
19475,2025-12-24,Fujairah,LSMGO,778.34
19476,2025-12-24,Fujairah,IFO380,432.9
19477,2025-12-24,Rotterdam,VLSFO,589.07
19478,2025-12-24,Rotterdam,LSMGO,747.16
19479,2025-12-24,Rotterdam,IFO380,430.08
19480,2025-12-24,Visakhapatnam,VLSFO,645.96
19481,2025-12-24,Visakhapatnam,LSMGO,891.07
19482,2025-12-24,Visakhapatnam,IFO380,465.95
19483,2025-12-24,Houston,VLSFO,563.4
19484,2025-12-24,Houston,LSMGO,688.81
19485,2025-12-24,Houston,IFO380,403.55
19486,2025-12-25,Singapore,VLSFO,608.62
19487,2025-12-25,Singapore,LSMGO,798.77
19488,2025-12-25,Singapore,IFO380,433.31
19489,2025-12-25,Fujairah,VLSFO,594.0
19490,2025-12-25,Fujairah,LSMGO,782.23
19491,2025-12-25,Fujairah,IFO380,423.72
19492,2025-12-25,Rotterdam,VLSFO,574.11
19493,2025-12-25,Rotterdam,LSMGO,725.67
19494,2025-12-25,Rotterdam,IFO380,419.04
19495,2025-12-25,Visakhapatnam,VLSFO,653.64
19496,2025-12-25,Visakhapatnam,LSMGO,902.15
19497,2025-12-25,Visakhapatnam,IFO380,469.43
19498,2025-12-25,Houston,VLSFO,570.98
19499,2025-12-25,Houston,LSMGO,711.31
19500,2025-12-25,Houston,IFO380,412.93
19501,2025-12-26,Singapore,VLSFO,602.23
19502,2025-12-26,Singapore,LSMGO,768.74
19503,2025-12-26,Singapore,IFO380,438.17
19504,2025-12-26,Fujairah,VLSFO,595.48
19505,2025-12-26,Fujairah,LSMGO,782.11
19506,2025-12-26,Fujairah,IFO380,430.02
19507,2025-12-26,Rotterdam,VLSFO,580.72
19508,2025-12-26,Rotterdam,LSMGO,735.25
19509,2025-12-26,Rotterdam,IFO380,425.63
19510,2025-12-26,Visakhapatnam,VLSFO,651.47
19511,2025-12-26,Visakhapatnam,LSMGO,909.86
19512,2025-12-26,Visakhapatnam,IFO380,471.66
19513,2025-12-26,Houston,VLSFO,572.04
19514,2025-12-26,Houston,LSMGO,699.63
19515,2025-12-26,Houston,IFO380,416.45
19516,2025-12-29,Singapore,VLSFO,608.79
19517,2025-12-29,Singapore,LSMGO,770.76
19518,2025-12-29,Singapore,IFO380,436.82
19519,2025-12-29,Fujairah,VLSFO,596.06
19520,2025-12-29,Fujairah,LSMGO,773.07
19521,2025-12-29,Fujairah,IFO380,430.12
19522,2025-12-29,Rotterdam,VLSFO,584.81
19523,2025-12-29,Rotterdam,LSMGO,730.38
19524,2025-12-29,Rotterdam,IFO380,421.27
19525,2025-12-29,Visakhapatnam,VLSFO,638.84
19526,2025-12-29,Visakhapatnam,LSMGO,878.53
19527,2025-12-29,Visakhapatnam,IFO380,457.79
19528,2025-12-29,Houston,VLSFO,570.91
19529,2025-12-29,Houston,LSMGO,702.15
19530,2025-12-29,Houston,IFO380,409.04
19531,2025-12-30,Singapore,VLSFO,606.33
19532,2025-12-30,Singapore,LSMGO,769.73
19533,2025-12-30,Singapore,IFO380,438.42
19534,2025-12-30,Fujairah,VLSFO,592.41
19535,2025-12-30,Fujairah,LSMGO,757.11
19536,2025-12-30,Fujairah,IFO380,426.19
19537,2025-12-30,Rotterdam,VLSFO,580.0
19538,2025-12-30,Rotterdam,LSMGO,725.51
19539,2025-12-30,Rotterdam,IFO380,418.09
19540,2025-12-30,Visakhapatnam,VLSFO,645.71
19541,2025-12-30,Visakhapatnam,LSMGO,895.21
19542,2025-12-30,Visakhapatnam,IFO380,464.31
19543,2025-12-30,Houston,VLSFO,576.64
19544,2025-12-30,Houston,LSMGO,716.14
19545,2025-12-30,Houston,IFO380,420.0
19546,2025-12-31,Singapore,VLSFO,614.07
19547,2025-12-31,Singapore,LSMGO,785.6
19548,2025-12-31,Singapore,IFO380,438.43
19549,2025-12-31,Fujairah,VLSFO,600.96
19550,2025-12-31,Fujairah,LSMGO,774.13
19551,2025-12-31,Fujairah,IFO380,439.31
19552,2025-12-31,Rotterdam,VLSFO,581.22
19553,2025-12-31,Rotterdam,LSMGO,723.46
19554,2025-12-31,Rotterdam,IFO380,418.25
19555,2025-12-31,Visakhapatnam,VLSFO,643.87
19556,2025-12-31,Visakhapatnam,LSMGO,888.93
19557,2025-12-31,Visakhapatnam,IFO380,468.52
19558,2025-12-31,Houston,VLSFO,570.61
19559,2025-12-31,Houston,LSMGO,697.94
19560,2025-12-31,Houston,IFO380,408.32
19561,2026-01-01,Singapore,VLSFO,625.85
19562,2026-01-01,Singapore,LSMGO,800.26
19563,2026-01-01,Singapore,IFO380,442.37
19564,2026-01-01,Fujairah,VLSFO,615.58
19565,2026-01-01,Fujairah,LSMGO,803.98
19566,2026-01-01,Fujairah,IFO380,439.42
19567,2026-01-01,Rotterdam,VLSFO,588.75
19568,2026-01-01,Rotterdam,LSMGO,733.18
19569,2026-01-01,Rotterdam,IFO380,425.73
19570,2026-01-01,Visakhapatnam,VLSFO,659.08
19571,2026-01-01,Visakhapatnam,LSMGO,903.84
19572,2026-01-01,Visakhapatnam,IFO380,466.54
19573,2026-01-01,Houston,VLSFO,580.17
19574,2026-01-01,Houston,LSMGO,719.48
19575,2026-01-01,Houston,IFO380,427.76
19576,2026-01-02,Singapore,VLSFO,624.1
19577,2026-01-02,Singapore,LSMGO,798.92
19578,2026-01-02,Singapore,IFO380,446.29
19579,2026-01-02,Fujairah,VLSFO,601.09
19580,2026-01-02,Fujairah,LSMGO,786.99
19581,2026-01-02,Fujairah,IFO380,432.15
19582,2026-01-02,Rotterdam,VLSFO,588.12
19583,2026-01-02,Rotterdam,LSMGO,740.85
19584,2026-01-02,Rotterdam,IFO380,425.7
19585,2026-01-02,Visakhapatnam,VLSFO,658.5
19586,2026-01-02,Visakhapatnam,LSMGO,920.33
19587,2026-01-02,Visakhapatnam,IFO380,470.68
19588,2026-01-02,Houston,VLSFO,577.93
19589,2026-01-02,Houston,LSMGO,719.49
19590,2026-01-02,Houston,IFO380,415.71
19591,2026-01-05,Singapore,VLSFO,630.87
19592,2026-01-05,Singapore,LSMGO,820.26
19593,2026-01-05,Singapore,IFO380,455.51
19594,2026-01-05,Fujairah,VLSFO,610.85
19595,2026-01-05,Fujairah,LSMGO,799.2
19596,2026-01-05,Fujairah,IFO380,442.45
19597,2026-01-05,Rotterdam,VLSFO,585.01
19598,2026-01-05,Rotterdam,LSMGO,731.67
19599,2026-01-05,Rotterdam,IFO380,422.05
19600,2026-01-05,Visakhapatnam,VLSFO,660.5
19601,2026-01-05,Visakhapatnam,LSMGO,923.22
19602,2026-01-05,Visakhapatnam,IFO380,481.37
19603,2026-01-05,Houston,VLSFO,576.75
19604,2026-01-05,Houston,LSMGO,718.17
19605,2026-01-05,Houston,IFO380,415.85
19606,2026-01-06,Singapore,VLSFO,626.87
19607,2026-01-06,Singapore,LSMGO,806.54
19608,2026-01-06,Singapore,IFO380,447.72
19609,2026-01-06,Fujairah,VLSFO,609.18
19610,2026-01-06,Fujairah,LSMGO,802.07
19611,2026-01-06,Fujairah,IFO380,438.73
19612,2026-01-06,Rotterdam,VLSFO,602.57
19613,2026-01-06,Rotterdam,LSMGO,756.53
19614,2026-01-06,Rotterdam,IFO380,429.74
19615,2026-01-06,Visakhapatnam,VLSFO,663.69
19616,2026-01-06,Visakhapatnam,LSMGO,913.78
19617,2026-01-06,Visakhapatnam,IFO380,477.43
19618,2026-01-06,Houston,VLSFO,569.11
19619,2026-01-06,Houston,LSMGO,706.82
19620,2026-01-06,Houston,IFO380,408.55
19621,2026-01-07,Singapore,VLSFO,633.5
19622,2026-01-07,Singapore,LSMGO,809.28
19623,2026-01-07,Singapore,IFO380,463.05
19624,2026-01-07,Fujairah,VLSFO,613.54
19625,2026-01-07,Fujairah,LSMGO,803.18
19626,2026-01-07,Fujairah,IFO380,443.12
19627,2026-01-07,Rotterdam,VLSFO,601.58
19628,2026-01-07,Rotterdam,LSMGO,747.86
19629,2026-01-07,Rotterdam,IFO380,426.25
19630,2026-01-07,Visakhapatnam,VLSFO,653.65
19631,2026-01-07,Visakhapatnam,LSMGO,901.87
19632,2026-01-07,Visakhapatnam,IFO380,469.66
19633,2026-01-07,Houston,VLSFO,579.36
19634,2026-01-07,Houston,LSMGO,716.92
19635,2026-01-07,Houston,IFO380,409.99
19636,2026-01-08,Singapore,VLSFO,630.12
19637,2026-01-08,Singapore,LSMGO,806.17
19638,2026-01-08,Singapore,IFO380,468.34
19639,2026-01-08,Fujairah,VLSFO,609.39
19640,2026-01-08,Fujairah,LSMGO,804.85
19641,2026-01-08,Fujairah,IFO380,438.49
19642,2026-01-08,Rotterdam,VLSFO,592.2
19643,2026-01-08,Rotterdam,LSMGO,727.31
19644,2026-01-08,Rotterdam,IFO380,427.19
19645,2026-01-08,Visakhapatnam,VLSFO,658.96
19646,2026-01-08,Visakhapatnam,LSMGO,914.04
19647,2026-01-08,Visakhapatnam,IFO380,470.87
19648,2026-01-08,Houston,VLSFO,579.73
19649,2026-01-08,Houston,LSMGO,712.38
19650,2026-01-08,Houston,IFO380,419.03
19651,2026-01-09,Singapore,VLSFO,623.07
19652,2026-01-09,Singapore,LSMGO,795.21
19653,2026-01-09,Singapore,IFO380,452.51
19654,2026-01-09,Fujairah,VLSFO,621.54
19655,2026-01-09,Fujairah,LSMGO,802.87
19656,2026-01-09,Fujairah,IFO380,445.42
19657,2026-01-09,Rotterdam,VLSFO,591.29
19658,2026-01-09,Rotterdam,LSMGO,744.13
19659,2026-01-09,Rotterdam,IFO380,430.55
19660,2026-01-09,Visakhapatnam,VLSFO,665.57
19661,2026-01-09,Visakhapatnam,LSMGO,908.32
19662,2026-01-09,Visakhapatnam,IFO380,482.54
19663,2026-01-09,Houston,VLSFO,589.82
19664,2026-01-09,Houston,LSMGO,724.39
19665,2026-01-09,Houston,IFO380,423.96
19666,2026-01-12,Singapore,VLSFO,626.51
19667,2026-01-12,Singapore,LSMGO,802.81
19668,2026-01-12,Singapore,IFO380,452.16
19669,2026-01-12,Fujairah,VLSFO,613.85
19670,2026-01-12,Fujairah,LSMGO,792.84
19671,2026-01-12,Fujairah,IFO380,437.38
19672,2026-01-12,Rotterdam,VLSFO,597.47
19673,2026-01-12,Rotterdam,LSMGO,749.01
19674,2026-01-12,Rotterdam,IFO380,433.86
19675,2026-01-12,Visakhapatnam,VLSFO,665.65
19676,2026-01-12,Visakhapatnam,LSMGO,923.1
19677,2026-01-12,Visakhapatnam,IFO380,484.95
19678,2026-01-12,Houston,VLSFO,577.39
19679,2026-01-12,Houston,LSMGO,705.27
19680,2026-01-12,Houston,IFO380,412.71
19681,2026-01-13,Singapore,VLSFO,621.85
19682,2026-01-13,Singapore,LSMGO,776.64
19683,2026-01-13,Singapore,IFO380,447.26
19684,2026-01-13,Fujairah,VLSFO,617.39
19685,2026-01-13,Fujairah,LSMGO,796.59
19686,2026-01-13,Fujairah,IFO380,445.3
19687,2026-01-13,Rotterdam,VLSFO,594.06
19688,2026-01-13,Rotterdam,LSMGO,749.54
19689,2026-01-13,Rotterdam,IFO380,428.4
19690,2026-01-13,Visakhapatnam,VLSFO,657.47
19691,2026-01-13,Visakhapatnam,LSMGO,906.11
19692,2026-01-13,Visakhapatnam,IFO380,471.47
19693,2026-01-13,Houston,VLSFO,582.65
19694,2026-01-13,Houston,LSMGO,707.14
19695,2026-01-13,Houston,IFO380,417.07
19696,2026-01-14,Singapore,VLSFO,622.61
19697,2026-01-14,Singapore,LSMGO,798.32
19698,2026-01-14,Singapore,IFO380,447.2
19699,2026-01-14,Fujairah,VLSFO,616.13
19700,2026-01-14,Fujairah,LSMGO,809.42
19701,2026-01-14,Fujairah,IFO380,440.37
19702,2026-01-14,Rotterdam,VLSFO,595.69
19703,2026-01-14,Rotterdam,LSMGO,747.34
19704,2026-01-14,Rotterdam,IFO380,429.76
19705,2026-01-14,Visakhapatnam,VLSFO,657.89
19706,2026-01-14,Visakhapatnam,LSMGO,922.46
19707,2026-01-14,Visakhapatnam,IFO380,470.05
19708,2026-01-14,Houston,VLSFO,572.71
19709,2026-01-14,Houston,LSMGO,705.21
19710,2026-01-14,Houston,IFO380,408.09
19711,2026-01-15,Singapore,VLSFO,628.57
19712,2026-01-15,Singapore,LSMGO,809.91
19713,2026-01-15,Singapore,IFO380,450.9
19714,2026-01-15,Fujairah,VLSFO,618.81
19715,2026-01-15,Fujairah,LSMGO,807.17
19716,2026-01-15,Fujairah,IFO380,447.22
19717,2026-01-15,Rotterdam,VLSFO,599.14
19718,2026-01-15,Rotterdam,LSMGO,747.28
19719,2026-01-15,Rotterdam,IFO380,431.74
19720,2026-01-15,Visakhapatnam,VLSFO,656.25
19721,2026-01-15,Visakhapatnam,LSMGO,915.06
19722,2026-01-15,Visakhapatnam,IFO380,474.97
19723,2026-01-15,Houston,VLSFO,578.09
19724,2026-01-15,Houston,LSMGO,726.25
19725,2026-01-15,Houston,IFO380,410.98
19726,2026-01-16,Singapore,VLSFO,634.57
19727,2026-01-16,Singapore,LSMGO,813.06
19728,2026-01-16,Singapore,IFO380,457.61
19729,2026-01-16,Fujairah,VLSFO,616.55
19730,2026-01-16,Fujairah,LSMGO,800.28
19731,2026-01-16,Fujairah,IFO380,438.03
19732,2026-01-16,Rotterdam,VLSFO,604.27
19733,2026-01-16,Rotterdam,LSMGO,749.21
19734,2026-01-16,Rotterdam,IFO380,430.9
19735,2026-01-16,Visakhapatnam,VLSFO,669.34
19736,2026-01-16,Visakhapatnam,LSMGO,908.86
19737,2026-01-16,Visakhapatnam,IFO380,486.17
19738,2026-01-16,Houston,VLSFO,588.69
19739,2026-01-16,Houston,LSMGO,715.46
19740,2026-01-16,Houston,IFO380,423.22
19741,2026-01-19,Singapore,VLSFO,624.2
19742,2026-01-19,Singapore,LSMGO,780.76
19743,2026-01-19,Singapore,IFO380,449.65
19744,2026-01-19,Fujairah,VLSFO,621.4
19745,2026-01-19,Fujairah,LSMGO,814.91
19746,2026-01-19,Fujairah,IFO380,446.97
19747,2026-01-19,Rotterdam,VLSFO,595.18
19748,2026-01-19,Rotterdam,LSMGO,744.27
19749,2026-01-19,Rotterdam,IFO380,420.74
19750,2026-01-19,Visakhapatnam,VLSFO,661.28
19751,2026-01-19,Visakhapatnam,LSMGO,918.33
19752,2026-01-19,Visakhapatnam,IFO380,474.22
19753,2026-01-19,Houston,VLSFO,585.57
19754,2026-01-19,Houston,LSMGO,729.99
19755,2026-01-19,Houston,IFO380,421.59
19756,2026-01-20,Singapore,VLSFO,628.08
19757,2026-01-20,Singapore,LSMGO,812.43
19758,2026-01-20,Singapore,IFO380,457.96
19759,2026-01-20,Fujairah,VLSFO,616.7
19760,2026-01-20,Fujairah,LSMGO,811.82
19761,2026-01-20,Fujairah,IFO380,441.93
19762,2026-01-20,Rotterdam,VLSFO,594.2
19763,2026-01-20,Rotterdam,LSMGO,739.03
19764,2026-01-20,Rotterdam,IFO380,422.58
19765,2026-01-20,Visakhapatnam,VLSFO,667.12
19766,2026-01-20,Visakhapatnam,LSMGO,916.99
19767,2026-01-20,Visakhapatnam,IFO380,474.65
19768,2026-01-20,Houston,VLSFO,593.62
19769,2026-01-20,Houston,LSMGO,723.05
19770,2026-01-20,Houston,IFO380,435.39
19771,2026-01-21,Singapore,VLSFO,623.86
19772,2026-01-21,Singapore,LSMGO,811.04
19773,2026-01-21,Singapore,IFO380,447.62
19774,2026-01-21,Fujairah,VLSFO,621.24
19775,2026-01-21,Fujairah,LSMGO,815.71
19776,2026-01-21,Fujairah,IFO380,445.29
19777,2026-01-21,Rotterdam,VLSFO,602.86
19778,2026-01-21,Rotterdam,LSMGO,739.24
19779,2026-01-21,Rotterdam,IFO380,433.51
19780,2026-01-21,Visakhapatnam,VLSFO,667.0
19781,2026-01-21,Visakhapatnam,LSMGO,912.05
19782,2026-01-21,Visakhapatnam,IFO380,481.2
19783,2026-01-21,Houston,VLSFO,585.19
19784,2026-01-21,Houston,LSMGO,729.17
19785,2026-01-21,Houston,IFO380,422.33
19786,2026-01-22,Singapore,VLSFO,626.45
19787,2026-01-22,Singapore,LSMGO,800.22
19788,2026-01-22,Singapore,IFO380,450.55
19789,2026-01-22,Fujairah,VLSFO,626.35
19790,2026-01-22,Fujairah,LSMGO,827.77
19791,2026-01-22,Fujairah,IFO380,450.69
19792,2026-01-22,Rotterdam,VLSFO,598.55
19793,2026-01-22,Rotterdam,LSMGO,747.74
19794,2026-01-22,Rotterdam,IFO380,430.06
19795,2026-01-22,Visakhapatnam,VLSFO,672.64
19796,2026-01-22,Visakhapatnam,LSMGO,933.42
19797,2026-01-22,Visakhapatnam,IFO380,483.73
19798,2026-01-22,Houston,VLSFO,582.58
19799,2026-01-22,Houston,LSMGO,727.39
19800,2026-01-22,Houston,IFO380,421.9
19801,2026-01-23,Singapore,VLSFO,632.45
19802,2026-01-23,Singapore,LSMGO,808.18
19803,2026-01-23,Singapore,IFO380,460.21
19804,2026-01-23,Fujairah,VLSFO,623.43
19805,2026-01-23,Fujairah,LSMGO,814.57
19806,2026-01-23,Fujairah,IFO380,455.79
19807,2026-01-23,Rotterdam,VLSFO,597.5
19808,2026-01-23,Rotterdam,LSMGO,757.75
19809,2026-01-23,Rotterdam,IFO380,432.12
19810,2026-01-23,Visakhapatnam,VLSFO,661.65
19811,2026-01-23,Visakhapatnam,LSMGO,918.36
19812,2026-01-23,Visakhapatnam,IFO380,477.0
19813,2026-01-23,Houston,VLSFO,586.16
19814,2026-01-23,Houston,LSMGO,710.4
19815,2026-01-23,Houston,IFO380,412.23
19816,2026-01-26,Singapore,VLSFO,635.57
19817,2026-01-26,Singapore,LSMGO,815.5
19818,2026-01-26,Singapore,IFO380,462.81
19819,2026-01-26,Fujairah,VLSFO,618.8
19820,2026-01-26,Fujairah,LSMGO,808.94
19821,2026-01-26,Fujairah,IFO380,444.67
19822,2026-01-26,Rotterdam,VLSFO,605.92
19823,2026-01-26,Rotterdam,LSMGO,751.15
19824,2026-01-26,Rotterdam,IFO380,439.96
19825,2026-01-26,Visakhapatnam,VLSFO,673.38
19826,2026-01-26,Visakhapatnam,LSMGO,933.25
19827,2026-01-26,Visakhapatnam,IFO380,484.98
19828,2026-01-26,Houston,VLSFO,583.33
19829,2026-01-26,Houston,LSMGO,732.48
19830,2026-01-26,Houston,IFO380,418.71
19831,2026-01-27,Singapore,VLSFO,633.46
19832,2026-01-27,Singapore,LSMGO,805.74
19833,2026-01-27,Singapore,IFO380,460.13
19834,2026-01-27,Fujairah,VLSFO,627.15
19835,2026-01-27,Fujairah,LSMGO,810.52
19836,2026-01-27,Fujairah,IFO380,447.81
19837,2026-01-27,Rotterdam,VLSFO,594.49
19838,2026-01-27,Rotterdam,LSMGO,758.99
19839,2026-01-27,Rotterdam,IFO380,424.93
19840,2026-01-27,Visakhapatnam,VLSFO,670.33
19841,2026-01-27,Visakhapatnam,LSMGO,913.09
19842,2026-01-27,Visakhapatnam,IFO380,478.17
19843,2026-01-27,Houston,VLSFO,591.88
19844,2026-01-27,Houston,LSMGO,719.03
19845,2026-01-27,Houston,IFO380,422.89
19846,2026-01-28,Singapore,VLSFO,632.53
19847,2026-01-28,Singapore,LSMGO,810.23
19848,2026-01-28,Singapore,IFO380,457.05
19849,2026-01-28,Fujairah,VLSFO,620.66
19850,2026-01-28,Fujairah,LSMGO,803.74
19851,2026-01-28,Fujairah,IFO380,451.66
19852,2026-01-28,Rotterdam,VLSFO,594.54
19853,2026-01-28,Rotterdam,LSMGO,740.96
19854,2026-01-28,Rotterdam,IFO380,431.82
19855,2026-01-28,Visakhapatnam,VLSFO,670.16
19856,2026-01-28,Visakhapatnam,LSMGO,923.06
19857,2026-01-28,Visakhapatnam,IFO380,480.81
19858,2026-01-28,Houston,VLSFO,582.66
19859,2026-01-28,Houston,LSMGO,707.63
19860,2026-01-28,Houston,IFO380,421.56
19861,2026-01-29,Singapore,VLSFO,644.99
19862,2026-01-29,Singapore,LSMGO,829.66
19863,2026-01-29,Singapore,IFO380,464.77
19864,2026-01-29,Fujairah,VLSFO,626.27
19865,2026-01-29,Fujairah,LSMGO,800.51
19866,2026-01-29,Fujairah,IFO380,450.56
19867,2026-01-29,Rotterdam,VLSFO,609.2
19868,2026-01-29,Rotterdam,LSMGO,758.64
19869,2026-01-29,Rotterdam,IFO380,443.97
19870,2026-01-29,Visakhapatnam,VLSFO,671.96
19871,2026-01-29,Visakhapatnam,LSMGO,930.59
19872,2026-01-29,Visakhapatnam,IFO380,484.33
19873,2026-01-29,Houston,VLSFO,594.26
19874,2026-01-29,Houston,LSMGO,734.01
19875,2026-01-29,Houston,IFO380,427.03
19876,2026-01-30,Singapore,VLSFO,632.97
19877,2026-01-30,Singapore,LSMGO,809.65
19878,2026-01-30,Singapore,IFO380,451.64
19879,2026-01-30,Fujairah,VLSFO,628.99
19880,2026-01-30,Fujairah,LSMGO,809.66
19881,2026-01-30,Fujairah,IFO380,448.0
19882,2026-01-30,Rotterdam,VLSFO,607.36
19883,2026-01-30,Rotterdam,LSMGO,771.63
19884,2026-01-30,Rotterdam,IFO380,430.55
19885,2026-01-30,Visakhapatnam,VLSFO,671.29
19886,2026-01-30,Visakhapatnam,LSMGO,926.97
19887,2026-01-30,Visakhapatnam,IFO380,480.21
19888,2026-01-30,Houston,VLSFO,592.34
19889,2026-01-30,Houston,LSMGO,726.73
19890,2026-01-30,Houston,IFO380,426.47
19891,2026-02-02,Singapore,VLSFO,651.98
19892,2026-02-02,Singapore,LSMGO,823.52
19893,2026-02-02,Singapore,IFO380,470.1
19894,2026-02-02,Fujairah,VLSFO,630.67
19895,2026-02-02,Fujairah,LSMGO,826.62
19896,2026-02-02,Fujairah,IFO380,449.69
19897,2026-02-02,Rotterdam,VLSFO,607.97
19898,2026-02-02,Rotterdam,LSMGO,766.96
19899,2026-02-02,Rotterdam,IFO380,438.76
19900,2026-02-02,Visakhapatnam,VLSFO,676.42
19901,2026-02-02,Visakhapatnam,LSMGO,937.68
19902,2026-02-02,Visakhapatnam,IFO380,487.35
19903,2026-02-02,Houston,VLSFO,596.33
19904,2026-02-02,Houston,LSMGO,738.21
19905,2026-02-02,Houston,IFO380,427.62
19906,2026-02-03,Singapore,VLSFO,648.61
19907,2026-02-03,Singapore,LSMGO,841.36
19908,2026-02-03,Singapore,IFO380,462.81
19909,2026-02-03,Fujairah,VLSFO,626.4
19910,2026-02-03,Fujairah,LSMGO,815.8
19911,2026-02-03,Fujairah,IFO380,451.3
19912,2026-02-03,Rotterdam,VLSFO,603.62
19913,2026-02-03,Rotterdam,LSMGO,748.12
19914,2026-02-03,Rotterdam,IFO380,432.61
19915,2026-02-03,Visakhapatnam,VLSFO,678.65
19916,2026-02-03,Visakhapatnam,LSMGO,934.05
19917,2026-02-03,Visakhapatnam,IFO380,491.5
19918,2026-02-03,Houston,VLSFO,590.62
19919,2026-02-03,Houston,LSMGO,738.87
19920,2026-02-03,Houston,IFO380,422.53
19921,2026-02-04,Singapore,VLSFO,645.74
19922,2026-02-04,Singapore,LSMGO,827.15
19923,2026-02-04,Singapore,IFO380,469.01
19924,2026-02-04,Fujairah,VLSFO,623.69
19925,2026-02-04,Fujairah,LSMGO,807.63
19926,2026-02-04,Fujairah,IFO380,444.58
19927,2026-02-04,Rotterdam,VLSFO,608.68
19928,2026-02-04,Rotterdam,LSMGO,766.2
19929,2026-02-04,Rotterdam,IFO380,436.13
19930,2026-02-04,Visakhapatnam,VLSFO,684.12
19931,2026-02-04,Visakhapatnam,LSMGO,954.52
19932,2026-02-04,Visakhapatnam,IFO380,491.52
19933,2026-02-04,Houston,VLSFO,594.6
19934,2026-02-04,Houston,LSMGO,730.48
19935,2026-02-04,Houston,IFO380,434.55
19936,2026-02-05,Singapore,VLSFO,636.35
19937,2026-02-05,Singapore,LSMGO,808.99
19938,2026-02-05,Singapore,IFO380,457.81
19939,2026-02-05,Fujairah,VLSFO,628.28
19940,2026-02-05,Fujairah,LSMGO,813.24
19941,2026-02-05,Fujairah,IFO380,455.76
19942,2026-02-05,Rotterdam,VLSFO,603.17
19943,2026-02-05,Rotterdam,LSMGO,755.93
19944,2026-02-05,Rotterdam,IFO380,437.28
19945,2026-02-05,Visakhapatnam,VLSFO,680.81
19946,2026-02-05,Visakhapatnam,LSMGO,950.96
19947,2026-02-05,Visakhapatnam,IFO380,489.68
19948,2026-02-05,Houston,VLSFO,596.39
19949,2026-02-05,Houston,LSMGO,730.0
19950,2026-02-05,Houston,IFO380,435.85
19951,2026-02-06,Singapore,VLSFO,635.43
19952,2026-02-06,Singapore,LSMGO,823.41
19953,2026-02-06,Singapore,IFO380,456.52
19954,2026-02-06,Fujairah,VLSFO,627.03
19955,2026-02-06,Fujairah,LSMGO,812.49
19956,2026-02-06,Fujairah,IFO380,452.83
19957,2026-02-06,Rotterdam,VLSFO,609.71
19958,2026-02-06,Rotterdam,LSMGO,772.3
19959,2026-02-06,Rotterdam,IFO380,435.46
19960,2026-02-06,Visakhapatnam,VLSFO,677.16
19961,2026-02-06,Visakhapatnam,LSMGO,938.87
19962,2026-02-06,Visakhapatnam,IFO380,482.84
19963,2026-02-06,Houston,VLSFO,593.28
19964,2026-02-06,Houston,LSMGO,736.86
19965,2026-02-06,Houston,IFO380,428.69
19966,2026-02-09,Singapore,VLSFO,643.91
19967,2026-02-09,Singapore,LSMGO,819.31
19968,2026-02-09,Singapore,IFO380,461.8
19969,2026-02-09,Fujairah,VLSFO,621.13
19970,2026-02-09,Fujairah,LSMGO,810.36
19971,2026-02-09,Fujairah,IFO380,447.44
19972,2026-02-09,Rotterdam,VLSFO,611.33
19973,2026-02-09,Rotterdam,LSMGO,780.16
19974,2026-02-09,Rotterdam,IFO380,443.16
19975,2026-02-09,Visakhapatnam,VLSFO,683.86
19976,2026-02-09,Visakhapatnam,LSMGO,942.09
19977,2026-02-09,Visakhapatnam,IFO380,493.67
19978,2026-02-09,Houston,VLSFO,603.61
19979,2026-02-09,Houston,LSMGO,735.27
19980,2026-02-09,Houston,IFO380,439.33
19981,2026-02-10,Singapore,VLSFO,640.55
19982,2026-02-10,Singapore,LSMGO,829.56
19983,2026-02-10,Singapore,IFO380,472.81
19984,2026-02-10,Fujairah,VLSFO,628.58
19985,2026-02-10,Fujairah,LSMGO,830.39
19986,2026-02-10,Fujairah,IFO380,453.38
19987,2026-02-10,Rotterdam,VLSFO,606.96
19988,2026-02-10,Rotterdam,LSMGO,758.75
19989,2026-02-10,Rotterdam,IFO380,439.01
19990,2026-02-10,Visakhapatnam,VLSFO,678.32
19991,2026-02-10,Visakhapatnam,LSMGO,935.12
19992,2026-02-10,Visakhapatnam,IFO380,488.45
19993,2026-02-10,Houston,VLSFO,602.41
19994,2026-02-10,Houston,LSMGO,741.15
19995,2026-02-10,Houston,IFO380,428.58
19996,2026-02-11,Singapore,VLSFO,642.88
19997,2026-02-11,Singapore,LSMGO,817.99
19998,2026-02-11,Singapore,IFO380,465.55
19999,2026-02-11,Fujairah,VLSFO,630.18
20000,2026-02-11,Fujairah,LSMGO,823.25
20001,2026-02-11,Fujairah,IFO380,453.19
20002,2026-02-11,Rotterdam,VLSFO,608.85
20003,2026-02-11,Rotterdam,LSMGO,761.38
20004,2026-02-11,Rotterdam,IFO380,444.14
20005,2026-02-11,Visakhapatnam,VLSFO,680.84
20006,2026-02-11,Visakhapatnam,LSMGO,943.36
20007,2026-02-11,Visakhapatnam,IFO380,490.16
20008,2026-02-11,Houston,VLSFO,604.35
20009,2026-02-11,Houston,LSMGO,748.16
20010,2026-02-11,Houston,IFO380,435.64
20011,2026-02-12,Singapore,VLSFO,643.52
20012,2026-02-12,Singapore,LSMGO,829.45
20013,2026-02-12,Singapore,IFO380,464.99
20014,2026-02-12,Fujairah,VLSFO,632.42
20015,2026-02-12,Fujairah,LSMGO,820.57
20016,2026-02-12,Fujairah,IFO380,458.99
20017,2026-02-12,Rotterdam,VLSFO,610.85
20018,2026-02-12,Rotterdam,LSMGO,766.0
20019,2026-02-12,Rotterdam,IFO380,438.93
20020,2026-02-12,Visakhapatnam,VLSFO,681.86
20021,2026-02-12,Visakhapatnam,LSMGO,931.82
20022,2026-02-12,Visakhapatnam,IFO380,492.48
20023,2026-02-12,Houston,VLSFO,604.02
20024,2026-02-12,Houston,LSMGO,733.81
20025,2026-02-12,Houston,IFO380,428.65
20026,2026-02-13,Singapore,VLSFO,641.74
20027,2026-02-13,Singapore,LSMGO,830.62
20028,2026-02-13,Singapore,IFO380,462.75
20029,2026-02-13,Fujairah,VLSFO,637.62
20030,2026-02-13,Fujairah,LSMGO,831.11
20031,2026-02-13,Fujairah,IFO380,458.5
20032,2026-02-13,Rotterdam,VLSFO,611.89
20033,2026-02-13,Rotterdam,LSMGO,772.95
20034,2026-02-13,Rotterdam,IFO380,441.24
20035,2026-02-13,Visakhapatnam,VLSFO,680.68
20036,2026-02-13,Visakhapatnam,LSMGO,936.59
20037,2026-02-13,Visakhapatnam,IFO380,491.31
20038,2026-02-13,Houston,VLSFO,589.55
20039,2026-02-13,Houston,LSMGO,725.18
20040,2026-02-13,Houston,IFO380,427.52
20041,2026-02-16,Singapore,VLSFO,646.52
20042,2026-02-16,Singapore,LSMGO,826.53
20043,2026-02-16,Singapore,IFO380,460.3
20044,2026-02-16,Fujairah,VLSFO,627.57
20045,2026-02-16,Fujairah,LSMGO,819.23
20046,2026-02-16,Fujairah,IFO380,453.38
20047,2026-02-16,Rotterdam,VLSFO,613.75
20048,2026-02-16,Rotterdam,LSMGO,765.68
20049,2026-02-16,Rotterdam,IFO380,446.4
20050,2026-02-16,Visakhapatnam,VLSFO,675.08
20051,2026-02-16,Visakhapatnam,LSMGO,934.45
20052,2026-02-16,Visakhapatnam,IFO380,485.41
20053,2026-02-16,Houston,VLSFO,602.98
20054,2026-02-16,Houston,LSMGO,742.36
20055,2026-02-16,Houston,IFO380,438.93
20056,2026-02-17,Singapore,VLSFO,644.68
20057,2026-02-17,Singapore,LSMGO,825.26
20058,2026-02-17,Singapore,IFO380,459.22
20059,2026-02-17,Fujairah,VLSFO,633.36
20060,2026-02-17,Fujairah,LSMGO,836.21
20061,2026-02-17,Fujairah,IFO380,461.74
20062,2026-02-17,Rotterdam,VLSFO,612.98
20063,2026-02-17,Rotterdam,LSMGO,756.92
20064,2026-02-17,Rotterdam,IFO380,445.2
20065,2026-02-17,Visakhapatnam,VLSFO,682.28
20066,2026-02-17,Visakhapatnam,LSMGO,935.4
20067,2026-02-17,Visakhapatnam,IFO380,483.81
20068,2026-02-17,Houston,VLSFO,597.74
20069,2026-02-17,Houston,LSMGO,725.43
20070,2026-02-17,Houston,IFO380,434.64
20071,2026-02-18,Singapore,VLSFO,649.97
20072,2026-02-18,Singapore,LSMGO,824.87
20073,2026-02-18,Singapore,IFO380,468.08
20074,2026-02-18,Fujairah,VLSFO,629.97
20075,2026-02-18,Fujairah,LSMGO,824.37
20076,2026-02-18,Fujairah,IFO380,452.91
20077,2026-02-18,Rotterdam,VLSFO,608.18
20078,2026-02-18,Rotterdam,LSMGO,748.67
20079,2026-02-18,Rotterdam,IFO380,430.2
20080,2026-02-18,Visakhapatnam,VLSFO,699.62
20081,2026-02-18,Visakhapatnam,LSMGO,976.13
20082,2026-02-18,Visakhapatnam,IFO380,495.15
20083,2026-02-18,Houston,VLSFO,597.3
20084,2026-02-18,Houston,LSMGO,739.26
20085,2026-02-18,Houston,IFO380,420.31
20086,2026-02-19,Singapore,VLSFO,645.15
20087,2026-02-19,Singapore,LSMGO,817.5
20088,2026-02-19,Singapore,IFO380,473.22
20089,2026-02-19,Fujairah,VLSFO,626.59
20090,2026-02-19,Fujairah,LSMGO,823.71
20091,2026-02-19,Fujairah,IFO380,454.08
20092,2026-02-19,Rotterdam,VLSFO,605.36
20093,2026-02-19,Rotterdam,LSMGO,759.88
20094,2026-02-19,Rotterdam,IFO380,439.54
20095,2026-02-19,Visakhapatnam,VLSFO,693.46
20096,2026-02-19,Visakhapatnam,LSMGO,957.81
20097,2026-02-19,Visakhapatnam,IFO380,492.43
20098,2026-02-19,Houston,VLSFO,597.53
20099,2026-02-19,Houston,LSMGO,742.79
20100,2026-02-19,Houston,IFO380,431.78
20101,2026-02-20,Singapore,VLSFO,638.77
20102,2026-02-20,Singapore,LSMGO,808.31
20103,2026-02-20,Singapore,IFO380,457.8
20104,2026-02-20,Fujairah,VLSFO,634.42
20105,2026-02-20,Fujairah,LSMGO,825.69
20106,2026-02-20,Fujairah,IFO380,448.5
20107,2026-02-20,Rotterdam,VLSFO,616.28
20108,2026-02-20,Rotterdam,LSMGO,766.52
20109,2026-02-20,Rotterdam,IFO380,443.42
20110,2026-02-20,Visakhapatnam,VLSFO,688.43
20111,2026-02-20,Visakhapatnam,LSMGO,943.34
20112,2026-02-20,Visakhapatnam,IFO380,494.6
20113,2026-02-20,Houston,VLSFO,606.23
20114,2026-02-20,Houston,LSMGO,743.72
20115,2026-02-20,Houston,IFO380,435.62
20116,2026-02-23,Singapore,VLSFO,637.93
20117,2026-02-23,Singapore,LSMGO,826.62
20118,2026-02-23,Singapore,IFO380,461.88
20119,2026-02-23,Fujairah,VLSFO,646.92
20120,2026-02-23,Fujairah,LSMGO,850.73
20121,2026-02-23,Fujairah,IFO380,467.85
20122,2026-02-23,Rotterdam,VLSFO,613.25
20123,2026-02-23,Rotterdam,LSMGO,768.11
20124,2026-02-23,Rotterdam,IFO380,445.07
20125,2026-02-23,Visakhapatnam,VLSFO,681.63
20126,2026-02-23,Visakhapatnam,LSMGO,939.13
20127,2026-02-23,Visakhapatnam,IFO380,490.15
20128,2026-02-23,Houston,VLSFO,606.76
20129,2026-02-23,Houston,LSMGO,745.88
20130,2026-02-23,Houston,IFO380,436.04
20131,2026-02-24,Singapore,VLSFO,643.07
20132,2026-02-24,Singapore,LSMGO,819.79
20133,2026-02-24,Singapore,IFO380,459.87
20134,2026-02-24,Fujairah,VLSFO,629.12
20135,2026-02-24,Fujairah,LSMGO,811.4
20136,2026-02-24,Fujairah,IFO380,457.55
20137,2026-02-24,Rotterdam,VLSFO,607.43
20138,2026-02-24,Rotterdam,LSMGO,760.21
20139,2026-02-24,Rotterdam,IFO380,444.67
20140,2026-02-24,Visakhapatnam,VLSFO,690.03
20141,2026-02-24,Visakhapatnam,LSMGO,954.08
20142,2026-02-24,Visakhapatnam,IFO380,502.03
20143,2026-02-24,Houston,VLSFO,597.16
20144,2026-02-24,Houston,LSMGO,736.43
20145,2026-02-24,Houston,IFO380,429.0
20146,2026-02-25,Singapore,VLSFO,652.37
20147,2026-02-25,Singapore,LSMGO,840.39
20148,2026-02-25,Singapore,IFO380,463.37
20149,2026-02-25,Fujairah,VLSFO,628.93
20150,2026-02-25,Fujairah,LSMGO,824.47
20151,2026-02-25,Fujairah,IFO380,457.84
20152,2026-02-25,Rotterdam,VLSFO,614.42
20153,2026-02-25,Rotterdam,LSMGO,776.13
20154,2026-02-25,Rotterdam,IFO380,444.61
20155,2026-02-25,Visakhapatnam,VLSFO,694.82
20156,2026-02-25,Visakhapatnam,LSMGO,958.94
20157,2026-02-25,Visakhapatnam,IFO380,502.75
20158,2026-02-25,Houston,VLSFO,606.44
20159,2026-02-25,Houston,LSMGO,747.23
20160,2026-02-25,Houston,IFO380,426.46
20161,2026-02-26,Singapore,VLSFO,648.74
20162,2026-02-26,Singapore,LSMGO,816.64
20163,2026-02-26,Singapore,IFO380,469.27
20164,2026-02-26,Fujairah,VLSFO,635.47
20165,2026-02-26,Fujairah,LSMGO,826.97
20166,2026-02-26,Fujairah,IFO380,459.03
20167,2026-02-26,Rotterdam,VLSFO,611.55
20168,2026-02-26,Rotterdam,LSMGO,758.95
20169,2026-02-26,Rotterdam,IFO380,444.42
20170,2026-02-26,Visakhapatnam,VLSFO,687.1
20171,2026-02-26,Visakhapatnam,LSMGO,946.93
20172,2026-02-26,Visakhapatnam,IFO380,497.98
20173,2026-02-26,Houston,VLSFO,595.61
20174,2026-02-26,Houston,LSMGO,734.86
20175,2026-02-26,Houston,IFO380,426.22
20176,2026-02-27,Singapore,VLSFO,651.91
20177,2026-02-27,Singapore,LSMGO,817.55
20178,2026-02-27,Singapore,IFO380,467.69
20179,2026-02-27,Fujairah,VLSFO,633.57
20180,2026-02-27,Fujairah,LSMGO,825.85
20181,2026-02-27,Fujairah,IFO380,454.57
20182,2026-02-27,Rotterdam,VLSFO,615.4
20183,2026-02-27,Rotterdam,LSMGO,778.11
20184,2026-02-27,Rotterdam,IFO380,438.33
20185,2026-02-27,Visakhapatnam,VLSFO,690.1
20186,2026-02-27,Visakhapatnam,LSMGO,959.94
20187,2026-02-27,Visakhapatnam,IFO380,500.2
20188,2026-02-27,Houston,VLSFO,601.99
20189,2026-02-27,Houston,LSMGO,734.52
20190,2026-02-27,Houston,IFO380,436.41
20191,2026-03-02,Singapore,VLSFO,660.92
20192,2026-03-02,Singapore,LSMGO,849.3
20193,2026-03-02,Singapore,IFO380,481.72
20194,2026-03-02,Fujairah,VLSFO,628.13
20195,2026-03-02,Fujairah,LSMGO,830.31
20196,2026-03-02,Fujairah,IFO380,454.03
20197,2026-03-02,Rotterdam,VLSFO,610.1
20198,2026-03-02,Rotterdam,LSMGO,763.47
20199,2026-03-02,Rotterdam,IFO380,439.37
20200,2026-03-02,Visakhapatnam,VLSFO,699.5
20201,2026-03-02,Visakhapatnam,LSMGO,965.01
20202,2026-03-02,Visakhapatnam,IFO380,500.71
20203,2026-03-02,Houston,VLSFO,616.89
20204,2026-03-02,Houston,LSMGO,766.1
20205,2026-03-02,Houston,IFO380,440.45
20206,2026-03-03,Singapore,VLSFO,646.22
20207,2026-03-03,Singapore,LSMGO,828.98
20208,2026-03-03,Singapore,IFO380,463.36
20209,2026-03-03,Fujairah,VLSFO,635.89
20210,2026-03-03,Fujairah,LSMGO,826.59
20211,2026-03-03,Fujairah,IFO380,459.08
20212,2026-03-03,Rotterdam,VLSFO,616.15
20213,2026-03-03,Rotterdam,LSMGO,778.04
20214,2026-03-03,Rotterdam,IFO380,444.55
20215,2026-03-03,Visakhapatnam,VLSFO,692.44
20216,2026-03-03,Visakhapatnam,LSMGO,954.47
20217,2026-03-03,Visakhapatnam,IFO380,499.48
20218,2026-03-03,Houston,VLSFO,606.33
20219,2026-03-03,Houston,LSMGO,753.9
20220,2026-03-03,Houston,IFO380,442.04
20221,2026-03-04,Singapore,VLSFO,654.09
20222,2026-03-04,Singapore,LSMGO,838.77
20223,2026-03-04,Singapore,IFO380,475.36
20224,2026-03-04,Fujairah,VLSFO,635.3
20225,2026-03-04,Fujairah,LSMGO,831.24
20226,2026-03-04,Fujairah,IFO380,462.73
20227,2026-03-04,Rotterdam,VLSFO,613.78
20228,2026-03-04,Rotterdam,LSMGO,765.34
20229,2026-03-04,Rotterdam,IFO380,445.39
20230,2026-03-04,Visakhapatnam,VLSFO,689.96
20231,2026-03-04,Visakhapatnam,LSMGO,956.1
20232,2026-03-04,Visakhapatnam,IFO380,506.16
20233,2026-03-04,Houston,VLSFO,602.27
20234,2026-03-04,Houston,LSMGO,749.15
20235,2026-03-04,Houston,IFO380,424.3
20236,2026-03-05,Singapore,VLSFO,651.86
20237,2026-03-05,Singapore,LSMGO,837.33
20238,2026-03-05,Singapore,IFO380,476.13
20239,2026-03-05,Fujairah,VLSFO,636.6
20240,2026-03-05,Fujairah,LSMGO,829.27
20241,2026-03-05,Fujairah,IFO380,461.22
20242,2026-03-05,Rotterdam,VLSFO,618.65
20243,2026-03-05,Rotterdam,LSMGO,792.46
20244,2026-03-05,Rotterdam,IFO380,452.79
20245,2026-03-05,Visakhapatnam,VLSFO,687.76
20246,2026-03-05,Visakhapatnam,LSMGO,946.9
20247,2026-03-05,Visakhapatnam,IFO380,500.15
20248,2026-03-05,Houston,VLSFO,598.7
20249,2026-03-05,Houston,LSMGO,741.41
20250,2026-03-05,Houston,IFO380,433.49
20251,2026-03-06,Singapore,VLSFO,653.66
20252,2026-03-06,Singapore,LSMGO,853.45
20253,2026-03-06,Singapore,IFO380,471.99
20254,2026-03-06,Fujairah,VLSFO,631.49
20255,2026-03-06,Fujairah,LSMGO,812.2
20256,2026-03-06,Fujairah,IFO380,455.98
20257,2026-03-06,Rotterdam,VLSFO,616.04
20258,2026-03-06,Rotterdam,LSMGO,778.38
20259,2026-03-06,Rotterdam,IFO380,437.6
20260,2026-03-06,Visakhapatnam,VLSFO,694.7
20261,2026-03-06,Visakhapatnam,LSMGO,956.8
20262,2026-03-06,Visakhapatnam,IFO380,493.92
20263,2026-03-06,Houston,VLSFO,602.14
20264,2026-03-06,Houston,LSMGO,732.6
20265,2026-03-06,Houston,IFO380,434.35
20266,2026-03-09,Singapore,VLSFO,658.98
20267,2026-03-09,Singapore,LSMGO,851.98
20268,2026-03-09,Singapore,IFO380,474.01
20269,2026-03-09,Fujairah,VLSFO,638.54
20270,2026-03-09,Fujairah,LSMGO,833.54
20271,2026-03-09,Fujairah,IFO380,463.96
20272,2026-03-09,Rotterdam,VLSFO,620.94
20273,2026-03-09,Rotterdam,LSMGO,777.7
20274,2026-03-09,Rotterdam,IFO380,454.48
20275,2026-03-09,Visakhapatnam,VLSFO,696.39
20276,2026-03-09,Visakhapatnam,LSMGO,967.7
20277,2026-03-09,Visakhapatnam,IFO380,503.34
20278,2026-03-09,Houston,VLSFO,615.35
20279,2026-03-09,Houston,LSMGO,761.61
20280,2026-03-09,Houston,IFO380,440.84
20281,2026-03-10,Singapore,VLSFO,659.28
20282,2026-03-10,Singapore,LSMGO,839.99
20283,2026-03-10,Singapore,IFO380,474.9
20284,2026-03-10,Fujairah,VLSFO,639.43
20285,2026-03-10,Fujairah,LSMGO,844.01
20286,2026-03-10,Fujairah,IFO380,464.06
20287,2026-03-10,Rotterdam,VLSFO,621.35
20288,2026-03-10,Rotterdam,LSMGO,780.64
20289,2026-03-10,Rotterdam,IFO380,453.89
20290,2026-03-10,Visakhapatnam,VLSFO,681.68
20291,2026-03-10,Visakhapatnam,LSMGO,952.9
20292,2026-03-10,Visakhapatnam,IFO380,490.03
20293,2026-03-10,Houston,VLSFO,602.84
20294,2026-03-10,Houston,LSMGO,760.24
20295,2026-03-10,Houston,IFO380,431.33
20296,2026-03-11,Singapore,VLSFO,654.96
20297,2026-03-11,Singapore,LSMGO,841.06
20298,2026-03-11,Singapore,IFO380,463.6
20299,2026-03-11,Fujairah,VLSFO,642.44
20300,2026-03-11,Fujairah,LSMGO,841.32
20301,2026-03-11,Fujairah,IFO380,464.81
20302,2026-03-11,Rotterdam,VLSFO,625.35
20303,2026-03-11,Rotterdam,LSMGO,795.87
20304,2026-03-11,Rotterdam,IFO380,455.56
20305,2026-03-11,Visakhapatnam,VLSFO,699.31
20306,2026-03-11,Visakhapatnam,LSMGO,967.03
20307,2026-03-11,Visakhapatnam,IFO380,504.42
20308,2026-03-11,Houston,VLSFO,610.26
20309,2026-03-11,Houston,LSMGO,737.47
20310,2026-03-11,Houston,IFO380,436.9
20311,2026-03-12,Singapore,VLSFO,659.13
20312,2026-03-12,Singapore,LSMGO,848.68
20313,2026-03-12,Singapore,IFO380,471.41
20314,2026-03-12,Fujairah,VLSFO,637.96
20315,2026-03-12,Fujairah,LSMGO,832.32
20316,2026-03-12,Fujairah,IFO380,455.73
20317,2026-03-12,Rotterdam,VLSFO,614.83
20318,2026-03-12,Rotterdam,LSMGO,774.29
20319,2026-03-12,Rotterdam,IFO380,447.18
20320,2026-03-12,Visakhapatnam,VLSFO,700.97
20321,2026-03-12,Visakhapatnam,LSMGO,962.44
20322,2026-03-12,Visakhapatnam,IFO380,508.3
20323,2026-03-12,Houston,VLSFO,624.53
20324,2026-03-12,Houston,LSMGO,771.76
20325,2026-03-12,Houston,IFO380,448.05
20326,2026-03-13,Singapore,VLSFO,658.59
20327,2026-03-13,Singapore,LSMGO,835.68
20328,2026-03-13,Singapore,IFO380,474.25
20329,2026-03-13,Fujairah,VLSFO,645.32
20330,2026-03-13,Fujairah,LSMGO,837.96
20331,2026-03-13,Fujairah,IFO380,463.43
20332,2026-03-13,Rotterdam,VLSFO,618.35
20333,2026-03-13,Rotterdam,LSMGO,785.24
20334,2026-03-13,Rotterdam,IFO380,448.58
20335,2026-03-13,Visakhapatnam,VLSFO,688.55
20336,2026-03-13,Visakhapatnam,LSMGO,950.92
20337,2026-03-13,Visakhapatnam,IFO380,486.91
20338,2026-03-13,Houston,VLSFO,604.57
20339,2026-03-13,Houston,LSMGO,746.62
20340,2026-03-13,Houston,IFO380,435.47
20341,2026-03-16,Singapore,VLSFO,660.59
20342,2026-03-16,Singapore,LSMGO,838.64
20343,2026-03-16,Singapore,IFO380,473.6
20344,2026-03-16,Fujairah,VLSFO,640.16
20345,2026-03-16,Fujairah,LSMGO,832.06
20346,2026-03-16,Fujairah,IFO380,461.27
20347,2026-03-16,Rotterdam,VLSFO,619.38
20348,2026-03-16,Rotterdam,LSMGO,786.02
20349,2026-03-16,Rotterdam,IFO380,448.55
20350,2026-03-16,Visakhapatnam,VLSFO,689.58
20351,2026-03-16,Visakhapatnam,LSMGO,954.65
20352,2026-03-16,Visakhapatnam,IFO380,494.34
20353,2026-03-16,Houston,VLSFO,601.85
20354,2026-03-16,Houston,LSMGO,739.97
20355,2026-03-16,Houston,IFO380,436.28
20356,2026-03-17,Singapore,VLSFO,653.67
20357,2026-03-17,Singapore,LSMGO,835.99
20358,2026-03-17,Singapore,IFO380,471.58
20359,2026-03-17,Fujairah,VLSFO,650.4
20360,2026-03-17,Fujairah,LSMGO,851.73
20361,2026-03-17,Fujairah,IFO380,469.04
20362,2026-03-17,Rotterdam,VLSFO,619.22
20363,2026-03-17,Rotterdam,LSMGO,776.12
20364,2026-03-17,Rotterdam,IFO380,454.38
20365,2026-03-17,Visakhapatnam,VLSFO,688.61
20366,2026-03-17,Visakhapatnam,LSMGO,967.26
20367,2026-03-17,Visakhapatnam,IFO380,499.91
20368,2026-03-17,Houston,VLSFO,602.99
20369,2026-03-17,Houston,LSMGO,741.01
20370,2026-03-17,Houston,IFO380,431.78
20371,2026-03-18,Singapore,VLSFO,652.79
20372,2026-03-18,Singapore,LSMGO,827.18
20373,2026-03-18,Singapore,IFO380,467.98
20374,2026-03-18,Fujairah,VLSFO,643.66
20375,2026-03-18,Fujairah,LSMGO,837.85
20376,2026-03-18,Fujairah,IFO380,463.89
20377,2026-03-18,Rotterdam,VLSFO,621.02
20378,2026-03-18,Rotterdam,LSMGO,770.6
20379,2026-03-18,Rotterdam,IFO380,444.14
20380,2026-03-18,Visakhapatnam,VLSFO,693.7
20381,2026-03-18,Visakhapatnam,LSMGO,958.45
20382,2026-03-18,Visakhapatnam,IFO380,499.37
20383,2026-03-18,Houston,VLSFO,607.24
20384,2026-03-18,Houston,LSMGO,738.94
20385,2026-03-18,Houston,IFO380,434.31
20386,2026-03-19,Singapore,VLSFO,657.43
20387,2026-03-19,Singapore,LSMGO,833.18
20388,2026-03-19,Singapore,IFO380,473.72
20389,2026-03-19,Fujairah,VLSFO,642.0
20390,2026-03-19,Fujairah,LSMGO,826.19
20391,2026-03-19,Fujairah,IFO380,459.79
20392,2026-03-19,Rotterdam,VLSFO,615.4
20393,2026-03-19,Rotterdam,LSMGO,776.36
20394,2026-03-19,Rotterdam,IFO380,444.3
20395,2026-03-19,Visakhapatnam,VLSFO,691.53
20396,2026-03-19,Visakhapatnam,LSMGO,951.94
20397,2026-03-19,Visakhapatnam,IFO380,495.69
20398,2026-03-19,Houston,VLSFO,603.52
20399,2026-03-19,Houston,LSMGO,738.49
20400,2026-03-19,Houston,IFO380,433.26
20401,2026-03-20,Singapore,VLSFO,641.74
20402,2026-03-20,Singapore,LSMGO,824.62
20403,2026-03-20,Singapore,IFO380,460.95
20404,2026-03-20,Fujairah,VLSFO,635.71
20405,2026-03-20,Fujairah,LSMGO,830.78
20406,2026-03-20,Fujairah,IFO380,456.63
20407,2026-03-20,Rotterdam,VLSFO,614.79
20408,2026-03-20,Rotterdam,LSMGO,754.06
20409,2026-03-20,Rotterdam,IFO380,436.66
20410,2026-03-20,Visakhapatnam,VLSFO,697.12
20411,2026-03-20,Visakhapatnam,LSMGO,970.19
20412,2026-03-20,Visakhapatnam,IFO380,508.04
20413,2026-03-20,Houston,VLSFO,603.17
20414,2026-03-20,Houston,LSMGO,747.18
20415,2026-03-20,Houston,IFO380,433.59
20416,2026-03-23,Singapore,VLSFO,656.05
20417,2026-03-23,Singapore,LSMGO,839.24
20418,2026-03-23,Singapore,IFO380,467.41
20419,2026-03-23,Fujairah,VLSFO,644.18
20420,2026-03-23,Fujairah,LSMGO,841.87
20421,2026-03-23,Fujairah,IFO380,466.12
20422,2026-03-23,Rotterdam,VLSFO,624.89
20423,2026-03-23,Rotterdam,LSMGO,780.91
20424,2026-03-23,Rotterdam,IFO380,445.81
20425,2026-03-23,Visakhapatnam,VLSFO,684.84
20426,2026-03-23,Visakhapatnam,LSMGO,949.04
20427,2026-03-23,Visakhapatnam,IFO380,501.99
20428,2026-03-23,Houston,VLSFO,602.94
20429,2026-03-23,Houston,LSMGO,754.13
20430,2026-03-23,Houston,IFO380,436.41
20431,2026-03-24,Singapore,VLSFO,652.43
20432,2026-03-24,Singapore,LSMGO,834.85
20433,2026-03-24,Singapore,IFO380,472.6
20434,2026-03-24,Fujairah,VLSFO,636.63
20435,2026-03-24,Fujairah,LSMGO,832.51
20436,2026-03-24,Fujairah,IFO380,459.51
20437,2026-03-24,Rotterdam,VLSFO,625.46
20438,2026-03-24,Rotterdam,LSMGO,789.16
20439,2026-03-24,Rotterdam,IFO380,445.15
20440,2026-03-24,Visakhapatnam,VLSFO,698.84
20441,2026-03-24,Visakhapatnam,LSMGO,959.77
20442,2026-03-24,Visakhapatnam,IFO380,512.83
20443,2026-03-24,Houston,VLSFO,612.38
20444,2026-03-24,Houston,LSMGO,746.93
20445,2026-03-24,Houston,IFO380,435.2
20446,2026-03-25,Singapore,VLSFO,655.31
20447,2026-03-25,Singapore,LSMGO,843.05
20448,2026-03-25,Singapore,IFO380,464.37
20449,2026-03-25,Fujairah,VLSFO,644.39
20450,2026-03-25,Fujairah,LSMGO,857.36
20451,2026-03-25,Fujairah,IFO380,472.73
20452,2026-03-25,Rotterdam,VLSFO,624.82
20453,2026-03-25,Rotterdam,LSMGO,786.29
20454,2026-03-25,Rotterdam,IFO380,454.77
20455,2026-03-25,Visakhapatnam,VLSFO,694.97
20456,2026-03-25,Visakhapatnam,LSMGO,962.32
20457,2026-03-25,Visakhapatnam,IFO380,498.03
20458,2026-03-25,Houston,VLSFO,617.28
20459,2026-03-25,Houston,LSMGO,757.05
20460,2026-03-25,Houston,IFO380,450.45
20461,2026-03-26,Singapore,VLSFO,644.98
20462,2026-03-26,Singapore,LSMGO,823.32
20463,2026-03-26,Singapore,IFO380,459.06
20464,2026-03-26,Fujairah,VLSFO,642.84
20465,2026-03-26,Fujairah,LSMGO,831.0
20466,2026-03-26,Fujairah,IFO380,461.44
20467,2026-03-26,Rotterdam,VLSFO,629.86
20468,2026-03-26,Rotterdam,LSMGO,794.44
20469,2026-03-26,Rotterdam,IFO380,456.99
20470,2026-03-26,Visakhapatnam,VLSFO,689.09
20471,2026-03-26,Visakhapatnam,LSMGO,943.14
20472,2026-03-26,Visakhapatnam,IFO380,494.59
20473,2026-03-26,Houston,VLSFO,603.44
20474,2026-03-26,Houston,LSMGO,737.77
20475,2026-03-26,Houston,IFO380,440.73
20476,2026-03-27,Singapore,VLSFO,653.54
20477,2026-03-27,Singapore,LSMGO,828.79
20478,2026-03-27,Singapore,IFO380,470.11
20479,2026-03-27,Fujairah,VLSFO,646.3
20480,2026-03-27,Fujairah,LSMGO,837.81
20481,2026-03-27,Fujairah,IFO380,465.87
20482,2026-03-27,Rotterdam,VLSFO,622.55
20483,2026-03-27,Rotterdam,LSMGO,790.68
20484,2026-03-27,Rotterdam,IFO380,455.86
20485,2026-03-27,Visakhapatnam,VLSFO,703.14
20486,2026-03-27,Visakhapatnam,LSMGO,968.07
20487,2026-03-27,Visakhapatnam,IFO380,503.74
20488,2026-03-27,Houston,VLSFO,608.0
20489,2026-03-27,Houston,LSMGO,749.52
20490,2026-03-27,Houston,IFO380,435.41
20491,2026-03-30,Singapore,VLSFO,651.32
20492,2026-03-30,Singapore,LSMGO,822.46
20493,2026-03-30,Singapore,IFO380,464.47
20494,2026-03-30,Fujairah,VLSFO,635.23
20495,2026-03-30,Fujairah,LSMGO,838.36
20496,2026-03-30,Fujairah,IFO380,457.88
20497,2026-03-30,Rotterdam,VLSFO,629.36
20498,2026-03-30,Rotterdam,LSMGO,798.77
20499,2026-03-30,Rotterdam,IFO380,455.06
20500,2026-03-30,Visakhapatnam,VLSFO,690.1
20501,2026-03-30,Visakhapatnam,LSMGO,957.59
20502,2026-03-30,Visakhapatnam,IFO380,498.65
20503,2026-03-30,Houston,VLSFO,608.87
20504,2026-03-30,Houston,LSMGO,758.57
20505,2026-03-30,Houston,IFO380,437.77
20506,2026-03-31,Singapore,VLSFO,655.04
20507,2026-03-31,Singapore,LSMGO,837.98
20508,2026-03-31,Singapore,IFO380,468.38
20509,2026-03-31,Fujairah,VLSFO,640.54
20510,2026-03-31,Fujairah,LSMGO,836.68
20511,2026-03-31,Fujairah,IFO380,464.43
20512,2026-03-31,Rotterdam,VLSFO,618.97
20513,2026-03-31,Rotterdam,LSMGO,780.62
20514,2026-03-31,Rotterdam,IFO380,444.25
20515,2026-03-31,Visakhapatnam,VLSFO,691.51
20516,2026-03-31,Visakhapatnam,LSMGO,953.49
20517,2026-03-31,Visakhapatnam,IFO380,489.94
20518,2026-03-31,Houston,VLSFO,602.05
20519,2026-03-31,Houston,LSMGO,742.68
20520,2026-03-31,Houston,IFO380,429.56
