id,event_type,route,port_id,severity,description,event_date,source
1,port_congestion,Australia-Haldia,9,Medium,[Kamarajar (Ennore) / Australia-Haldia] Berth queue exceeding 12 vessels; average waiting time rose to 78 hours.,2022-11-18,AIS Congestion Tracker
2,freight_anomaly,Mozambique-Gangavaram,1,Medium,[Paradip / Mozambique-Gangavaram] Bunker fuel price volatility exceeds 90th percentile following crude market rally.,2022-09-06,Baltic Exchange Market Monitor
3,port_congestion,Russia-Paradip,26,Medium,[Vostochny / Russia-Paradip] Mechanized coal conveyor breakdown causing delayed discharge at mechanized berths.,2022-02-20,AIS Congestion Tracker
4,port_congestion,Russia-Visakhapatnam,4,Low,[Dhamra / Russia-Visakhapatnam] Tidal window restrictions combined with dredging operations causing vessel hold-ups.,2025-02-27,AIS Congestion Tracker
5,port_congestion,Russia-Visakhapatnam,21,Medium,[Samarinda / Russia-Visakhapatnam] Berth queue exceeding 12 vessels; average waiting time rose to 78 hours.,2023-04-03,Terminal Operations Log
6,port_congestion,USA-Gangavaram,19,Low,[Balikpapan / USA-Gangavaram] Berth queue exceeding 12 vessels; average waiting time rose to 78 hours.,2021-02-14,AIS Congestion Tracker
7,freight_anomaly,Indonesia-Mundra,31,Medium,[Rotterdam / Indonesia-Mundra] BDI index surged 250 points following unexpected chartering volume for Queensland coal.,2021-10-09,Baltic Exchange Market Monitor
8,weather,Australia-Gangavaram,27,Low,[Vanino / Australia-Gangavaram] Heavy monsoon swell (>4.2m) preventing safe pilot boarding at outer anchorage.,2023-08-24,JTWC Cyclone Warning
9,freight_anomaly,USA-Gangavaram,14,Medium,[Cochin / USA-Gangavaram] BDI index surged 250 points following unexpected chartering volume for Queensland coal.,2024-08-14,FreightIQ Anomaly Engine
10,freight_anomaly,Indonesia-Gangavaram,27,Medium,[Vanino / Indonesia-Gangavaram] BDI index surged 250 points following unexpected chartering volume for Queensland coal.,2025-10-15,Baltic Exchange Market Monitor
11,weather,Australia-Gopalpur,27,Low,[Vanino / Australia-Gopalpur] Typhoon warning in South China Sea requiring southern deviation for westbound bulkers.,2025-04-06,Marine Weather Routing Service
12,port_congestion,Mozambique-Visakhapatnam,21,Medium,[Samarinda / Mozambique-Visakhapatnam] Mechanized coal conveyor breakdown causing delayed discharge at mechanized berths.,2022-04-01,AIS Congestion Tracker
13,weather,Mozambique-Gangavaram,27,Medium,[Vanino / Mozambique-Gangavaram] Typhoon warning in South China Sea requiring southern deviation for westbound bulkers.,2022-09-03,JTWC Cyclone Warning
14,weather,India-Chennai,2,High,[Visakhapatnam / India-Chennai] Typhoon warning in South China Sea requiring southern deviation for westbound bulkers.,2021-05-03,Marine Weather Routing Service
15,weather,Australia-Haldia,18,Low,[Port Hedland / Australia-Haldia] Tropical Cyclone alert issued for Bay of Bengal; port operations suspended for 48 hours.,2022-09-20,Marine Weather Routing Service
16,freight_anomaly,Indonesia-Paradip,25,High,[Beira / Indonesia-Paradip] Sudden freight spike (+18% DoD) driven by tightening Capesize tonnage in Pacific basin.,2022-03-01,Baltic Exchange Market Monitor
17,weather,Australia-Paradip,4,Medium,[Dhamra / Australia-Paradip] Dense fog conditions restricting channel navigation to daylight hours only.,2022-11-19,Marine Weather Routing Service
18,geopolitical,Indonesia-Paradip,3,Low,[Gangavaram / Indonesia-Paradip] Sanction compliance verification tightening on Far East coal flows.,2021-06-21,Maritime Security Advisory
19,port_congestion,USA-Visakhapatnam,3,High,[Gangavaram / USA-Visakhapatnam] High yard inventory utilization (>92%) slowing down discharge rates.,2025-12-18,Port Authority Circular
20,weather,USA-Mundra,27,Low,[Vanino / USA-Mundra] Typhoon warning in South China Sea requiring southern deviation for westbound bulkers.,2023-09-14,JTWC Cyclone Warning
21,port_congestion,USA-Mundra,12,High,[Kandla (Deendayal) / USA-Mundra] Tidal window restrictions combined with dredging operations causing vessel hold-ups.,2025-12-22,Port Authority Circular
22,weather,Russia-Visakhapatnam,28,Medium,[Singapore / Russia-Visakhapatnam] Heavy monsoon swell (>4.2m) preventing safe pilot boarding at outer anchorage.,2025-04-18,India Meteorological Department (IMD)
23,port_congestion,Mozambique-Visakhapatnam,21,Medium,[Samarinda / Mozambique-Visakhapatnam] Tidal window restrictions combined with dredging operations causing vessel hold-ups.,2024-08-16,Port Authority Circular
24,freight_anomaly,Mozambique-Visakhapatnam,5,High,[Gopalpur / Mozambique-Visakhapatnam] Panamax Atlantic round voyage rates collapsed -12% on low grain demand.,2022-04-18,Baltic Exchange Market Monitor
25,weather,Australia-Dhamra,10,Medium,[Tuticorin (V.O.C.) / Australia-Dhamra] Tropical Cyclone alert issued for Bay of Bengal; port operations suspended for 48 hours.,2025-01-09,Marine Weather Routing Service
26,freight_anomaly,Australia-Visakhapatnam,5,Medium,[Gopalpur / Australia-Visakhapatnam] Panamax Atlantic round voyage rates collapsed -12% on low grain demand.,2023-07-24,Clarksons Intelligence
27,freight_anomaly,Australia-Mundra,3,High,[Gangavaram / Australia-Mundra] BDI index surged 250 points following unexpected chartering volume for Queensland coal.,2021-11-10,Baltic Exchange Market Monitor
28,port_congestion,Indonesia-Haldia,28,High,[Singapore / Indonesia-Haldia] Mechanized coal conveyor breakdown causing delayed discharge at mechanized berths.,2024-05-17,Terminal Operations Log
29,port_congestion,Indonesia-Mundra,7,Medium,[Kolkata / Indonesia-Mundra] High yard inventory utilization (>92%) slowing down discharge rates.,2024-12-23,AIS Congestion Tracker
30,freight_anomaly,Indonesia-Haldia,26,Low,[Vostochny / Indonesia-Haldia] Bunker fuel price volatility exceeds 90th percentile following crude market rally.,2024-12-06,Clarksons Intelligence
31,weather,Australia-Gopalpur,13,Medium,[Nhava Sheva (JNPT) / Australia-Gopalpur] Typhoon warning in South China Sea requiring southern deviation for westbound bulkers.,2024-05-01,JTWC Cyclone Warning
32,freight_anomaly,India-Chennai,21,Medium,[Samarinda / India-Chennai] Bunker fuel price volatility exceeds 90th percentile following crude market rally.,2022-05-24,Clarksons Intelligence
33,port_congestion,Australia-Gangavaram,14,Medium,[Cochin / Australia-Gangavaram] Berth queue exceeding 12 vessels; average waiting time rose to 78 hours.,2023-08-16,Terminal Operations Log
34,port_congestion,Mozambique-Visakhapatnam,21,High,[Samarinda / Mozambique-Visakhapatnam] High yard inventory utilization (>92%) slowing down discharge rates.,2022-01-15,Terminal Operations Log
35,freight_anomaly,Indonesia-Paradip,17,Low,[Newcastle / Indonesia-Paradip] Bunker fuel price volatility exceeds 90th percentile following crude market rally.,2023-11-10,Clarksons Intelligence
36,freight_anomaly,Australia-Visakhapatnam,5,High,[Gopalpur / Australia-Visakhapatnam] Panamax Atlantic round voyage rates collapsed -12% on low grain demand.,2021-01-31,Baltic Exchange Market Monitor
37,weather,Mozambique-Paradip,14,High,[Cochin / Mozambique-Paradip] Dense fog conditions restricting channel navigation to daylight hours only.,2022-12-18,JTWC Cyclone Warning
38,port_congestion,USA-Gangavaram,5,Low,[Gopalpur / USA-Gangavaram] Berth queue exceeding 12 vessels; average waiting time rose to 78 hours.,2021-01-08,Port Authority Circular
39,geopolitical,Indonesia-Haldia,1,Low,[Paradip / Indonesia-Haldia] Red Sea security advisory prompting operators to route via Cape of Good Hope (+14 days).,2022-11-11,Ministry Trade Notice
40,geopolitical,Australia-Haldia,31,Low,[Rotterdam / Australia-Haldia] Sanction compliance verification tightening on Far East coal flows.,2024-08-13,Maritime Security Advisory
41,freight_anomaly,Australia-Gangavaram,26,Low,[Vostochny / Australia-Gangavaram] Sudden freight spike (+18% DoD) driven by tightening Capesize tonnage in Pacific basin.,2024-02-17,FreightIQ Anomaly Engine
42,weather,Australia-Gangavaram,32,Medium,[Shanghai (Qingdao) / Australia-Gangavaram] Heavy monsoon swell (>4.2m) preventing safe pilot boarding at outer anchorage.,2022-12-01,JTWC Cyclone Warning
43,port_congestion,Australia-Visakhapatnam,5,Medium,[Gopalpur / Australia-Visakhapatnam] Mechanized coal conveyor breakdown causing delayed discharge at mechanized berths.,2023-07-01,Port Authority Circular
44,geopolitical,USA-Visakhapatnam,9,Low,[Kamarajar (Ennore) / USA-Visakhapatnam] Canal transit quota reduction increasing reservation auction premiums.,2021-02-04,Maritime Security Advisory
45,freight_anomaly,Mozambique-Paradip,2,High,[Visakhapatnam / Mozambique-Paradip] Sudden freight spike (+18% DoD) driven by tightening Capesize tonnage in Pacific basin.,2022-09-24,FreightIQ Anomaly Engine
46,weather,Indonesia-Mundra,26,Low,[Vostochny / Indonesia-Mundra] Dense fog conditions restricting channel navigation to daylight hours only.,2023-12-05,India Meteorological Department (IMD)
47,weather,Indonesia-Mundra,25,Low,[Beira / Indonesia-Mundra] Tropical Cyclone alert issued for Bay of Bengal; port operations suspended for 48 hours.,2024-06-05,Marine Weather Routing Service
48,geopolitical,Indonesia-Visakhapatnam,3,Low,[Gangavaram / Indonesia-Visakhapatnam] Red Sea security advisory prompting operators to route via Cape of Good Hope (+14 days).,2023-04-01,Maritime Security Advisory
49,port_congestion,Australia-Gopalpur,30,Low,[Colombo / Australia-Gopalpur] Mechanized coal conveyor breakdown causing delayed discharge at mechanized berths.,2025-11-11,Port Authority Circular
50,port_congestion,Mozambique-Gangavaram,24,Medium,[Maputo / Mozambique-Gangavaram] High yard inventory utilization (>92%) slowing down discharge rates.,2024-10-12,Terminal Operations Log
51,freight_anomaly,Australia-Dhamra,14,Low,[Cochin / Australia-Dhamra] BDI index surged 250 points following unexpected chartering volume for Queensland coal.,2021-10-06,Baltic Exchange Market Monitor
52,freight_anomaly,Indonesia-Paradip,4,Low,[Dhamra / Indonesia-Paradip] Panamax Atlantic round voyage rates collapsed -12% on low grain demand.,2022-02-28,FreightIQ Anomaly Engine
53,port_congestion,Australia-Gopalpur,23,Medium,[Baltimore / Australia-Gopalpur] Berth queue exceeding 12 vessels; average waiting time rose to 78 hours.,2023-06-05,Terminal Operations Log
54,geopolitical,Mozambique-Paradip,7,Low,[Kolkata / Mozambique-Paradip] Red Sea security advisory prompting operators to route via Cape of Good Hope (+14 days).,2022-08-27,Ministry Trade Notice
55,geopolitical,Mozambique-Visakhapatnam,5,Medium,[Gopalpur / Mozambique-Visakhapatnam] Export tariff modification announced by major coal-producing authority.,2022-07-29,Lloyd's List Intelligence
56,weather,India-Haldia,16,Medium,[Gladstone / India-Haldia] Typhoon warning in South China Sea requiring southern deviation for westbound bulkers.,2025-11-23,JTWC Cyclone Warning
57,geopolitical,Indonesia-Paradip,32,Low,[Shanghai (Qingdao) / Indonesia-Paradip] Red Sea security advisory prompting operators to route via Cape of Good Hope (+14 days).,2023-10-27,Lloyd's List Intelligence
58,weather,Australia-Haldia,19,Medium,[Balikpapan / Australia-Haldia] Tropical Cyclone alert issued for Bay of Bengal; port operations suspended for 48 hours.,2021-03-18,JTWC Cyclone Warning
59,freight_anomaly,Indonesia-Mundra,20,Low,[Tanjung Priok / Indonesia-Mundra] Sudden freight spike (+18% DoD) driven by tightening Capesize tonnage in Pacific basin.,2023-03-13,FreightIQ Anomaly Engine
60,weather,USA-Gangavaram,29,Low,[Port Klang / USA-Gangavaram] Typhoon warning in South China Sea requiring southern deviation for westbound bulkers.,2023-06-02,Marine Weather Routing Service
61,weather,Mozambique-Visakhapatnam,13,Medium,[Nhava Sheva (JNPT) / Mozambique-Visakhapatnam] Heavy monsoon swell (>4.2m) preventing safe pilot boarding at outer anchorage.,2021-02-12,India Meteorological Department (IMD)
62,geopolitical,USA-Gangavaram,4,Low,[Dhamra / USA-Gangavaram] Export tariff modification announced by major coal-producing authority.,2023-10-16,Ministry Trade Notice
63,port_congestion,USA-Gangavaram,2,Low,[Visakhapatnam / USA-Gangavaram] Tidal window restrictions combined with dredging operations causing vessel hold-ups.,2021-12-02,AIS Congestion Tracker
64,geopolitical,Indonesia-Mundra,2,Medium,[Visakhapatnam / Indonesia-Mundra] Sanction compliance verification tightening on Far East coal flows.,2021-03-11,Lloyd's List Intelligence
65,port_congestion,Australia-Paradip,6,Medium,[Haldia / Australia-Paradip] Berth queue exceeding 12 vessels; average waiting time rose to 78 hours.,2024-08-28,Port Authority Circular
66,geopolitical,Mozambique-Visakhapatnam,12,Low,[Kandla (Deendayal) / Mozambique-Visakhapatnam] Sanction compliance verification tightening on Far East coal flows.,2024-06-26,Maritime Security Advisory
67,freight_anomaly,USA-Gangavaram,5,Low,[Gopalpur / USA-Gangavaram] Sudden freight spike (+18% DoD) driven by tightening Capesize tonnage in Pacific basin.,2023-12-22,FreightIQ Anomaly Engine
68,port_congestion,USA-Mundra,30,Low,[Colombo / USA-Mundra] Mechanized coal conveyor breakdown causing delayed discharge at mechanized berths.,2024-06-06,Terminal Operations Log
69,weather,Mozambique-Paradip,1,High,[Paradip / Mozambique-Paradip] Typhoon warning in South China Sea requiring southern deviation for westbound bulkers.,2023-07-29,India Meteorological Department (IMD)
70,port_congestion,USA-Mundra,11,Medium,[Mundra / USA-Mundra] Tidal window restrictions combined with dredging operations causing vessel hold-ups.,2024-07-13,Port Authority Circular
71,freight_anomaly,USA-Gangavaram,31,Low,[Rotterdam / USA-Gangavaram] BDI index surged 250 points following unexpected chartering volume for Queensland coal.,2021-02-11,Clarksons Intelligence
72,freight_anomaly,Mozambique-Paradip,31,Low,[Rotterdam / Mozambique-Paradip] Panamax Atlantic round voyage rates collapsed -12% on low grain demand.,2021-11-12,Clarksons Intelligence
73,port_congestion,Indonesia-Visakhapatnam,13,Low,[Nhava Sheva (JNPT) / Indonesia-Visakhapatnam] Berth queue exceeding 12 vessels; average waiting time rose to 78 hours.,2023-07-15,Terminal Operations Log
74,port_congestion,Mozambique-Gangavaram,26,High,[Vostochny / Mozambique-Gangavaram] Berth queue exceeding 12 vessels; average waiting time rose to 78 hours.,2025-07-15,AIS Congestion Tracker
75,freight_anomaly,Indonesia-Mundra,9,Medium,[Kamarajar (Ennore) / Indonesia-Mundra] Sudden freight spike (+18% DoD) driven by tightening Capesize tonnage in Pacific basin.,2022-02-08,FreightIQ Anomaly Engine
76,geopolitical,USA-Gangavaram,9,Medium,[Kamarajar (Ennore) / USA-Gangavaram] Export tariff modification announced by major coal-producing authority.,2025-03-14,Lloyd's List Intelligence
77,port_congestion,Russia-Visakhapatnam,14,Medium,[Cochin / Russia-Visakhapatnam] Tidal window restrictions combined with dredging operations causing vessel hold-ups.,2024-08-18,Terminal Operations Log
78,port_congestion,Australia-Visakhapatnam,4,Low,[Dhamra / Australia-Visakhapatnam] Berth queue exceeding 12 vessels; average waiting time rose to 78 hours.,2021-03-15,AIS Congestion Tracker
79,weather,Australia-Visakhapatnam,19,Low,[Balikpapan / Australia-Visakhapatnam] Tropical Cyclone alert issued for Bay of Bengal; port operations suspended for 48 hours.,2022-07-04,Marine Weather Routing Service
80,geopolitical,Australia-Gangavaram,27,Medium,[Vanino / Australia-Gangavaram] Canal transit quota reduction increasing reservation auction premiums.,2021-12-19,Ministry Trade Notice
81,port_congestion,Indonesia-Haldia,26,Low,[Vostochny / Indonesia-Haldia] Mechanized coal conveyor breakdown causing delayed discharge at mechanized berths.,2022-05-03,Terminal Operations Log
82,freight_anomaly,USA-Paradip,19,Medium,[Balikpapan / USA-Paradip] Sudden freight spike (+18% DoD) driven by tightening Capesize tonnage in Pacific basin.,2023-01-15,Clarksons Intelligence
83,geopolitical,Australia-Paradip,27,Medium,[Vanino / Australia-Paradip] Red Sea security advisory prompting operators to route via Cape of Good Hope (+14 days).,2021-08-28,Maritime Security Advisory
84,freight_anomaly,USA-Mundra,10,Medium,[Tuticorin (V.O.C.) / USA-Mundra] Panamax Atlantic round voyage rates collapsed -12% on low grain demand.,2023-11-30,FreightIQ Anomaly Engine
85,freight_anomaly,USA-Mundra,22,Low,[Norfolk (Hampton Roads) / USA-Mundra] Bunker fuel price volatility exceeds 90th percentile following crude market rally.,2021-09-22,Baltic Exchange Market Monitor
86,geopolitical,India-Haldia,17,Low,[Newcastle / India-Haldia] Canal transit quota reduction increasing reservation auction premiums.,2025-01-01,Lloyd's List Intelligence
87,weather,Australia-Gangavaram,22,Medium,[Norfolk (Hampton Roads) / Australia-Gangavaram] Dense fog conditions restricting channel navigation to daylight hours only.,2023-11-13,Marine Weather Routing Service
88,geopolitical,Indonesia-Paradip,15,Low,[Hay Point / Indonesia-Paradip] Sanction compliance verification tightening on Far East coal flows.,2023-12-06,Lloyd's List Intelligence
89,weather,Mozambique-Visakhapatnam,16,High,[Gladstone / Mozambique-Visakhapatnam] Heavy monsoon swell (>4.2m) preventing safe pilot boarding at outer anchorage.,2023-11-29,JTWC Cyclone Warning
90,weather,Russia-Paradip,17,Low,[Newcastle / Russia-Paradip] Dense fog conditions restricting channel navigation to daylight hours only.,2025-04-25,JTWC Cyclone Warning
91,freight_anomaly,USA-Visakhapatnam,26,Low,[Vostochny / USA-Visakhapatnam] Sudden freight spike (+18% DoD) driven by tightening Capesize tonnage in Pacific basin.,2025-02-07,Baltic Exchange Market Monitor
92,geopolitical,Australia-Mundra,21,Low,[Samarinda / Australia-Mundra] Canal transit quota reduction increasing reservation auction premiums.,2024-10-01,Lloyd's List Intelligence
93,geopolitical,Indonesia-Gangavaram,25,High,[Beira / Indonesia-Gangavaram] Red Sea security advisory prompting operators to route via Cape of Good Hope (+14 days).,2021-09-04,Ministry Trade Notice
94,geopolitical,USA-Paradip,16,High,[Gladstone / USA-Paradip] Export tariff modification announced by major coal-producing authority.,2023-01-16,Maritime Security Advisory
95,geopolitical,Russia-Paradip,10,Low,[Tuticorin (V.O.C.) / Russia-Paradip] Sanction compliance verification tightening on Far East coal flows.,2022-01-15,Lloyd's List Intelligence
96,port_congestion,Australia-Haldia,28,Medium,[Singapore / Australia-Haldia] High yard inventory utilization (>92%) slowing down discharge rates.,2021-09-24,Terminal Operations Log
97,weather,India-Haldia,30,Low,[Colombo / India-Haldia] Dense fog conditions restricting channel navigation to daylight hours only.,2025-02-26,India Meteorological Department (IMD)
98,port_congestion,USA-Visakhapatnam,9,Low,[Kamarajar (Ennore) / USA-Visakhapatnam] Berth queue exceeding 12 vessels; average waiting time rose to 78 hours.,2023-07-11,Port Authority Circular
99,geopolitical,India-Haldia,5,Low,[Gopalpur / India-Haldia] Red Sea security advisory prompting operators to route via Cape of Good Hope (+14 days).,2026-01-30,Maritime Security Advisory
100,port_congestion,USA-Visakhapatnam,30,Medium,[Colombo / USA-Visakhapatnam] Mechanized coal conveyor breakdown causing delayed discharge at mechanized berths.,2023-12-19,Terminal Operations Log
101,port_congestion,Australia-Dhamra,2,Medium,[Visakhapatnam / Australia-Dhamra] Mechanized coal conveyor breakdown causing delayed discharge at mechanized berths.,2025-07-26,Terminal Operations Log
102,port_congestion,Australia-Gangavaram,31,Medium,[Rotterdam / Australia-Gangavaram] Mechanized coal conveyor breakdown causing delayed discharge at mechanized berths.,2022-03-07,AIS Congestion Tracker
103,port_congestion,Australia-Gangavaram,20,Medium,[Tanjung Priok / Australia-Gangavaram] Mechanized coal conveyor breakdown causing delayed discharge at mechanized berths.,2021-07-02,Port Authority Circular
104,port_congestion,Australia-Dhamra,27,High,[Vanino / Australia-Dhamra] High yard inventory utilization (>92%) slowing down discharge rates.,2022-03-25,AIS Congestion Tracker
105,port_congestion,Indonesia-Gangavaram,28,Medium,[Singapore / Indonesia-Gangavaram] High yard inventory utilization (>92%) slowing down discharge rates.,2021-06-08,Port Authority Circular
106,weather,Indonesia-Gangavaram,30,High,[Colombo / Indonesia-Gangavaram] Dense fog conditions restricting channel navigation to daylight hours only.,2021-06-05,Marine Weather Routing Service
107,port_congestion,Indonesia-Dhamra,24,Low,[Maputo / Indonesia-Dhamra] Mechanized coal conveyor breakdown causing delayed discharge at mechanized berths.,2024-08-21,Port Authority Circular
108,freight_anomaly,Indonesia-Dhamra,27,Low,[Vanino / Indonesia-Dhamra] Panamax Atlantic round voyage rates collapsed -12% on low grain demand.,2026-01-16,Baltic Exchange Market Monitor
109,port_congestion,Australia-Mundra,7,Low,[Kolkata / Australia-Mundra] High yard inventory utilization (>92%) slowing down discharge rates.,2023-11-23,Port Authority Circular
110,freight_anomaly,Australia-Gangavaram,5,Low,[Gopalpur / Australia-Gangavaram] BDI index surged 250 points following unexpected chartering volume for Queensland coal.,2025-12-15,Baltic Exchange Market Monitor
111,freight_anomaly,Mozambique-Paradip,23,Medium,[Baltimore / Mozambique-Paradip] BDI index surged 250 points following unexpected chartering volume for Queensland coal.,2023-09-08,Baltic Exchange Market Monitor
112,freight_anomaly,Australia-Paradip,26,Medium,[Vostochny / Australia-Paradip] BDI index surged 250 points following unexpected chartering volume for Queensland coal.,2024-02-25,Baltic Exchange Market Monitor
113,weather,Russia-Paradip,5,High,[Gopalpur / Russia-Paradip] Tropical Cyclone alert issued for Bay of Bengal; port operations suspended for 48 hours.,2025-03-22,Marine Weather Routing Service
114,weather,Indonesia-Haldia,7,Medium,[Kolkata / Indonesia-Haldia] Tropical Cyclone alert issued for Bay of Bengal; port operations suspended for 48 hours.,2021-01-11,India Meteorological Department (IMD)
115,port_congestion,India-Haldia,11,Medium,[Mundra / India-Haldia] Mechanized coal conveyor breakdown causing delayed discharge at mechanized berths.,2024-05-13,Port Authority Circular
116,freight_anomaly,USA-Mundra,13,Low,[Nhava Sheva (JNPT) / USA-Mundra] Panamax Atlantic round voyage rates collapsed -12% on low grain demand.,2023-04-08,FreightIQ Anomaly Engine
117,freight_anomaly,Indonesia-Dhamra,12,Medium,[Kandla (Deendayal) / Indonesia-Dhamra] Panamax Atlantic round voyage rates collapsed -12% on low grain demand.,2025-10-03,Baltic Exchange Market Monitor
118,port_congestion,Indonesia-Paradip,7,Medium,[Kolkata / Indonesia-Paradip] Mechanized coal conveyor breakdown causing delayed discharge at mechanized berths.,2022-10-27,AIS Congestion Tracker
119,port_congestion,USA-Mundra,11,Low,[Mundra / USA-Mundra] Mechanized coal conveyor breakdown causing delayed discharge at mechanized berths.,2024-02-28,AIS Congestion Tracker
120,weather,Mozambique-Gangavaram,7,Low,[Kolkata / Mozambique-Gangavaram] Tropical Cyclone alert issued for Bay of Bengal; port operations suspended for 48 hours.,2023-05-14,Marine Weather Routing Service
121,weather,Australia-Haldia,2,Medium,[Visakhapatnam / Australia-Haldia] Typhoon warning in South China Sea requiring southern deviation for westbound bulkers.,2021-11-08,JTWC Cyclone Warning
122,port_congestion,Indonesia-Paradip,13,High,[Nhava Sheva (JNPT) / Indonesia-Paradip] Berth queue exceeding 12 vessels; average waiting time rose to 78 hours.,2022-03-23,Terminal Operations Log
123,weather,Indonesia-Haldia,31,High,[Rotterdam / Indonesia-Haldia] Heavy monsoon swell (>4.2m) preventing safe pilot boarding at outer anchorage.,2021-01-28,India Meteorological Department (IMD)
124,geopolitical,Indonesia-Mundra,24,Low,[Maputo / Indonesia-Mundra] Red Sea security advisory prompting operators to route via Cape of Good Hope (+14 days).,2022-11-29,Lloyd's List Intelligence
125,port_congestion,Australia-Gopalpur,11,Low,[Mundra / Australia-Gopalpur] High yard inventory utilization (>92%) slowing down discharge rates.,2024-05-13,AIS Congestion Tracker
126,port_congestion,USA-Gangavaram,28,Low,[Singapore / USA-Gangavaram] Berth queue exceeding 12 vessels; average waiting time rose to 78 hours.,2023-06-20,AIS Congestion Tracker
127,port_congestion,Indonesia-Gangavaram,5,Medium,[Gopalpur / Indonesia-Gangavaram] Mechanized coal conveyor breakdown causing delayed discharge at mechanized berths.,2023-11-29,Port Authority Circular
128,port_congestion,Indonesia-Paradip,32,Medium,[Shanghai (Qingdao) / Indonesia-Paradip] Tidal window restrictions combined with dredging operations causing vessel hold-ups.,2023-05-01,Terminal Operations Log
129,port_congestion,USA-Visakhapatnam,27,Medium,[Vanino / USA-Visakhapatnam] High yard inventory utilization (>92%) slowing down discharge rates.,2023-10-18,AIS Congestion Tracker
130,port_congestion,USA-Visakhapatnam,6,Low,[Haldia / USA-Visakhapatnam] Berth queue exceeding 12 vessels; average waiting time rose to 78 hours.,2022-04-28,AIS Congestion Tracker
131,port_congestion,Mozambique-Gangavaram,22,High,[Norfolk (Hampton Roads) / Mozambique-Gangavaram] Tidal window restrictions combined with dredging operations causing vessel hold-ups.,2025-03-24,AIS Congestion Tracker
132,port_congestion,Australia-Paradip,28,Medium,[Singapore / Australia-Paradip] High yard inventory utilization (>92%) slowing down discharge rates.,2021-10-26,AIS Congestion Tracker
133,weather,India-Haldia,11,Low,[Mundra / India-Haldia] Heavy monsoon swell (>4.2m) preventing safe pilot boarding at outer anchorage.,2022-05-15,India Meteorological Department (IMD)
134,port_congestion,USA-Visakhapatnam,31,Medium,[Rotterdam / USA-Visakhapatnam] Berth queue exceeding 12 vessels; average waiting time rose to 78 hours.,2021-10-11,Terminal Operations Log
135,geopolitical,Australia-Mundra,18,Medium,[Port Hedland / Australia-Mundra] Export tariff modification announced by major coal-producing authority.,2023-10-02,Ministry Trade Notice
136,port_congestion,India-Chennai,5,Medium,[Gopalpur / India-Chennai] Tidal window restrictions combined with dredging operations causing vessel hold-ups.,2024-05-16,Port Authority Circular
137,geopolitical,Indonesia-Mundra,26,High,[Vostochny / Indonesia-Mundra] Canal transit quota reduction increasing reservation auction premiums.,2021-05-09,Maritime Security Advisory
138,freight_anomaly,Australia-Gangavaram,21,Low,[Samarinda / Australia-Gangavaram] Bunker fuel price volatility exceeds 90th percentile following crude market rally.,2022-06-21,Baltic Exchange Market Monitor
139,port_congestion,Australia-Haldia,20,Low,[Tanjung Priok / Australia-Haldia] Berth queue exceeding 12 vessels; average waiting time rose to 78 hours.,2024-03-06,Port Authority Circular
140,freight_anomaly,Australia-Gangavaram,8,Low,[Chennai / Australia-Gangavaram] Sudden freight spike (+18% DoD) driven by tightening Capesize tonnage in Pacific basin.,2025-06-05,Clarksons Intelligence
141,port_congestion,Russia-Paradip,18,Medium,[Port Hedland / Russia-Paradip] Tidal window restrictions combined with dredging operations causing vessel hold-ups.,2022-06-12,Port Authority Circular
142,freight_anomaly,USA-Gangavaram,30,Low,[Colombo / USA-Gangavaram] Panamax Atlantic round voyage rates collapsed -12% on low grain demand.,2021-02-15,FreightIQ Anomaly Engine
143,freight_anomaly,Australia-Paradip,7,Low,[Kolkata / Australia-Paradip] BDI index surged 250 points following unexpected chartering volume for Queensland coal.,2021-09-08,FreightIQ Anomaly Engine
144,port_congestion,Australia-Mundra,22,Medium,[Norfolk (Hampton Roads) / Australia-Mundra] Berth queue exceeding 12 vessels; average waiting time rose to 78 hours.,2024-12-04,Terminal Operations Log
145,port_congestion,Mozambique-Paradip,17,Low,[Newcastle / Mozambique-Paradip] Mechanized coal conveyor breakdown causing delayed discharge at mechanized berths.,2021-12-21,AIS Congestion Tracker
146,freight_anomaly,Indonesia-Mundra,3,Medium,[Gangavaram / Indonesia-Mundra] Sudden freight spike (+18% DoD) driven by tightening Capesize tonnage in Pacific basin.,2021-11-18,FreightIQ Anomaly Engine
147,freight_anomaly,Indonesia-Mundra,14,Medium,[Cochin / Indonesia-Mundra] Bunker fuel price volatility exceeds 90th percentile following crude market rally.,2021-08-02,Clarksons Intelligence
148,port_congestion,Indonesia-Dhamra,7,Low,[Kolkata / Indonesia-Dhamra] Berth queue exceeding 12 vessels; average waiting time rose to 78 hours.,2025-12-22,Terminal Operations Log
149,port_congestion,USA-Gangavaram,15,Medium,[Hay Point / USA-Gangavaram] High yard inventory utilization (>92%) slowing down discharge rates.,2024-01-22,Port Authority Circular
150,port_congestion,Australia-Haldia,11,Medium,[Mundra / Australia-Haldia] High yard inventory utilization (>92%) slowing down discharge rates.,2023-07-16,Terminal Operations Log
151,port_congestion,Mozambique-Gangavaram,23,Medium,[Baltimore / Mozambique-Gangavaram] Mechanized coal conveyor breakdown causing delayed discharge at mechanized berths.,2022-04-17,Port Authority Circular
152,freight_anomaly,Australia-Paradip,21,Low,[Samarinda / Australia-Paradip] BDI index surged 250 points following unexpected chartering volume for Queensland coal.,2023-01-31,Baltic Exchange Market Monitor
153,weather,Australia-Dhamra,11,Medium,[Mundra / Australia-Dhamra] Heavy monsoon swell (>4.2m) preventing safe pilot boarding at outer anchorage.,2021-06-16,India Meteorological Department (IMD)
154,geopolitical,USA-Visakhapatnam,9,Low,[Kamarajar (Ennore) / USA-Visakhapatnam] Export tariff modification announced by major coal-producing authority.,2025-07-04,Maritime Security Advisory
155,freight_anomaly,Indonesia-Mundra,13,Medium,[Nhava Sheva (JNPT) / Indonesia-Mundra] Sudden freight spike (+18% DoD) driven by tightening Capesize tonnage in Pacific basin.,2023-10-12,Clarksons Intelligence
156,port_congestion,USA-Mundra,22,Medium,[Norfolk (Hampton Roads) / USA-Mundra] High yard inventory utilization (>92%) slowing down discharge rates.,2025-04-23,Port Authority Circular
157,freight_anomaly,India-Haldia,21,Low,[Samarinda / India-Haldia] Panamax Atlantic round voyage rates collapsed -12% on low grain demand.,2022-07-18,Baltic Exchange Market Monitor
158,weather,Indonesia-Paradip,16,Medium,[Gladstone / Indonesia-Paradip] Typhoon warning in South China Sea requiring southern deviation for westbound bulkers.,2021-05-03,JTWC Cyclone Warning
159,freight_anomaly,Indonesia-Gangavaram,12,High,[Kandla (Deendayal) / Indonesia-Gangavaram] Panamax Atlantic round voyage rates collapsed -12% on low grain demand.,2022-11-06,Baltic Exchange Market Monitor
160,port_congestion,USA-Mundra,15,Low,[Hay Point / USA-Mundra] High yard inventory utilization (>92%) slowing down discharge rates.,2025-06-14,AIS Congestion Tracker
161,weather,USA-Paradip,22,Medium,[Norfolk (Hampton Roads) / USA-Paradip] Heavy monsoon swell (>4.2m) preventing safe pilot boarding at outer anchorage.,2022-09-13,JTWC Cyclone Warning
162,freight_anomaly,Mozambique-Paradip,30,Low,[Colombo / Mozambique-Paradip] Bunker fuel price volatility exceeds 90th percentile following crude market rally.,2024-11-07,Baltic Exchange Market Monitor
163,geopolitical,Russia-Visakhapatnam,7,Medium,[Kolkata / Russia-Visakhapatnam] Sanction compliance verification tightening on Far East coal flows.,2021-03-04,Maritime Security Advisory
164,freight_anomaly,Mozambique-Gangavaram,20,High,[Tanjung Priok / Mozambique-Gangavaram] Bunker fuel price volatility exceeds 90th percentile following crude market rally.,2022-03-16,Clarksons Intelligence
165,freight_anomaly,USA-Mundra,19,Low,[Balikpapan / USA-Mundra] Sudden freight spike (+18% DoD) driven by tightening Capesize tonnage in Pacific basin.,2022-03-29,FreightIQ Anomaly Engine
166,geopolitical,USA-Paradip,20,Medium,[Tanjung Priok / USA-Paradip] Sanction compliance verification tightening on Far East coal flows.,2025-11-02,Ministry Trade Notice
167,port_congestion,Mozambique-Gangavaram,7,Medium,[Kolkata / Mozambique-Gangavaram] Mechanized coal conveyor breakdown causing delayed discharge at mechanized berths.,2024-04-25,AIS Congestion Tracker
168,port_congestion,Australia-Mundra,25,Low,[Beira / Australia-Mundra] Mechanized coal conveyor breakdown causing delayed discharge at mechanized berths.,2022-02-15,AIS Congestion Tracker
169,freight_anomaly,Indonesia-Haldia,22,Medium,[Norfolk (Hampton Roads) / Indonesia-Haldia] Bunker fuel price volatility exceeds 90th percentile following crude market rally.,2022-01-16,Baltic Exchange Market Monitor
170,weather,Mozambique-Gangavaram,5,Low,[Gopalpur / Mozambique-Gangavaram] Dense fog conditions restricting channel navigation to daylight hours only.,2024-02-17,JTWC Cyclone Warning
171,freight_anomaly,Indonesia-Dhamra,29,Medium,[Port Klang / Indonesia-Dhamra] Panamax Atlantic round voyage rates collapsed -12% on low grain demand.,2022-03-03,Clarksons Intelligence
172,geopolitical,Australia-Gangavaram,26,Low,[Vostochny / Australia-Gangavaram] Canal transit quota reduction increasing reservation auction premiums.,2022-03-19,Lloyd's List Intelligence
173,port_congestion,USA-Visakhapatnam,3,Medium,[Gangavaram / USA-Visakhapatnam] Mechanized coal conveyor breakdown causing delayed discharge at mechanized berths.,2022-09-29,Terminal Operations Log
174,weather,USA-Paradip,15,Low,[Hay Point / USA-Paradip] Typhoon warning in South China Sea requiring southern deviation for westbound bulkers.,2021-01-07,Marine Weather Routing Service
175,port_congestion,India-Chennai,13,Low,[Nhava Sheva (JNPT) / India-Chennai] Tidal window restrictions combined with dredging operations causing vessel hold-ups.,2023-07-08,Port Authority Circular
176,geopolitical,Australia-Gangavaram,19,Medium,[Balikpapan / Australia-Gangavaram] Sanction compliance verification tightening on Far East coal flows.,2022-08-14,Ministry Trade Notice
177,weather,USA-Paradip,12,High,[Kandla (Deendayal) / USA-Paradip] Tropical Cyclone alert issued for Bay of Bengal; port operations suspended for 48 hours.,2024-09-08,Marine Weather Routing Service
178,freight_anomaly,USA-Mundra,5,Low,[Gopalpur / USA-Mundra] Sudden freight spike (+18% DoD) driven by tightening Capesize tonnage in Pacific basin.,2023-02-11,Baltic Exchange Market Monitor
179,geopolitical,Australia-Gopalpur,16,Medium,[Gladstone / Australia-Gopalpur] Canal transit quota reduction increasing reservation auction premiums.,2022-07-11,Ministry Trade Notice
180,freight_anomaly,USA-Gangavaram,27,Low,[Vanino / USA-Gangavaram] Bunker fuel price volatility exceeds 90th percentile following crude market rally.,2022-10-02,Clarksons Intelligence
181,freight_anomaly,Australia-Gangavaram,24,High,[Maputo / Australia-Gangavaram] Bunker fuel price volatility exceeds 90th percentile following crude market rally.,2021-03-15,Baltic Exchange Market Monitor
182,port_congestion,Russia-Paradip,3,Medium,[Gangavaram / Russia-Paradip] High yard inventory utilization (>92%) slowing down discharge rates.,2021-06-28,Port Authority Circular
183,port_congestion,India-Haldia,14,Low,[Cochin / India-Haldia] Mechanized coal conveyor breakdown causing delayed discharge at mechanized berths.,2024-11-27,Port Authority Circular
184,port_congestion,Mozambique-Gangavaram,17,Low,[Newcastle / Mozambique-Gangavaram] High yard inventory utilization (>92%) slowing down discharge rates.,2022-03-08,AIS Congestion Tracker
185,geopolitical,Indonesia-Visakhapatnam,18,Low,[Port Hedland / Indonesia-Visakhapatnam] Red Sea security advisory prompting operators to route via Cape of Good Hope (+14 days).,2021-06-13,Lloyd's List Intelligence
186,weather,Australia-Haldia,31,Medium,[Rotterdam / Australia-Haldia] Typhoon warning in South China Sea requiring southern deviation for westbound bulkers.,2024-10-10,India Meteorological Department (IMD)
187,port_congestion,India-Haldia,24,High,[Maputo / India-Haldia] Tidal window restrictions combined with dredging operations causing vessel hold-ups.,2025-07-06,Terminal Operations Log
188,weather,Indonesia-Haldia,30,High,[Colombo / Indonesia-Haldia] Heavy monsoon swell (>4.2m) preventing safe pilot boarding at outer anchorage.,2025-01-17,Marine Weather Routing Service
189,port_congestion,Indonesia-Visakhapatnam,29,Low,[Port Klang / Indonesia-Visakhapatnam] High yard inventory utilization (>92%) slowing down discharge rates.,2021-01-07,AIS Congestion Tracker
190,freight_anomaly,Australia-Gangavaram,6,Low,[Haldia / Australia-Gangavaram] Sudden freight spike (+18% DoD) driven by tightening Capesize tonnage in Pacific basin.,2021-12-19,Clarksons Intelligence
191,weather,Indonesia-Haldia,20,Low,[Tanjung Priok / Indonesia-Haldia] Dense fog conditions restricting channel navigation to daylight hours only.,2022-11-14,JTWC Cyclone Warning
192,freight_anomaly,Australia-Mundra,18,Low,[Port Hedland / Australia-Mundra] Bunker fuel price volatility exceeds 90th percentile following crude market rally.,2024-04-12,FreightIQ Anomaly Engine
193,weather,Indonesia-Dhamra,5,Low,[Gopalpur / Indonesia-Dhamra] Heavy monsoon swell (>4.2m) preventing safe pilot boarding at outer anchorage.,2021-01-02,JTWC Cyclone Warning
194,geopolitical,Mozambique-Gangavaram,15,Medium,[Hay Point / Mozambique-Gangavaram] Red Sea security advisory prompting operators to route via Cape of Good Hope (+14 days).,2025-08-15,Lloyd's List Intelligence
195,weather,Indonesia-Dhamra,8,Medium,[Chennai / Indonesia-Dhamra] Typhoon warning in South China Sea requiring southern deviation for westbound bulkers.,2021-05-22,JTWC Cyclone Warning
196,weather,Mozambique-Paradip,4,Low,[Dhamra / Mozambique-Paradip] Dense fog conditions restricting channel navigation to daylight hours only.,2021-12-05,JTWC Cyclone Warning
197,geopolitical,India-Haldia,21,Medium,[Samarinda / India-Haldia] Sanction compliance verification tightening on Far East coal flows.,2026-02-08,Ministry Trade Notice
198,port_congestion,Indonesia-Dhamra,15,Low,[Hay Point / Indonesia-Dhamra] High yard inventory utilization (>92%) slowing down discharge rates.,2025-08-08,AIS Congestion Tracker
199,port_congestion,Indonesia-Mundra,2,Medium,[Visakhapatnam / Indonesia-Mundra] Tidal window restrictions combined with dredging operations causing vessel hold-ups.,2022-01-07,Port Authority Circular
200,weather,Mozambique-Gangavaram,11,Medium,[Mundra / Mozambique-Gangavaram] Heavy monsoon swell (>4.2m) preventing safe pilot boarding at outer anchorage.,2023-10-10,Marine Weather Routing Service
201,weather,Australia-Dhamra,18,High,[Port Hedland / Australia-Dhamra] Tropical Cyclone alert issued for Bay of Bengal; port operations suspended for 48 hours.,2022-04-13,Marine Weather Routing Service
202,weather,Mozambique-Visakhapatnam,26,Low,[Vostochny / Mozambique-Visakhapatnam] Dense fog conditions restricting channel navigation to daylight hours only.,2022-08-02,JTWC Cyclone Warning
203,port_congestion,India-Haldia,30,High,[Colombo / India-Haldia] High yard inventory utilization (>92%) slowing down discharge rates.,2022-11-14,Port Authority Circular
204,freight_anomaly,Mozambique-Paradip,5,High,[Gopalpur / Mozambique-Paradip] Sudden freight spike (+18% DoD) driven by tightening Capesize tonnage in Pacific basin.,2022-05-13,FreightIQ Anomaly Engine
205,freight_anomaly,Indonesia-Gangavaram,14,Medium,[Cochin / Indonesia-Gangavaram] Bunker fuel price volatility exceeds 90th percentile following crude market rally.,2025-05-11,Baltic Exchange Market Monitor
206,weather,USA-Visakhapatnam,13,Low,[Nhava Sheva (JNPT) / USA-Visakhapatnam] Tropical Cyclone alert issued for Bay of Bengal; port operations suspended for 48 hours.,2023-04-06,JTWC Cyclone Warning
207,port_congestion,USA-Paradip,19,Medium,[Balikpapan / USA-Paradip] Tidal window restrictions combined with dredging operations causing vessel hold-ups.,2021-09-24,Port Authority Circular
208,freight_anomaly,Australia-Mundra,15,Low,[Hay Point / Australia-Mundra] Bunker fuel price volatility exceeds 90th percentile following crude market rally.,2021-03-10,Clarksons Intelligence
209,freight_anomaly,Australia-Haldia,8,Medium,[Chennai / Australia-Haldia] Sudden freight spike (+18% DoD) driven by tightening Capesize tonnage in Pacific basin.,2023-12-25,FreightIQ Anomaly Engine
210,weather,USA-Gangavaram,20,Medium,[Tanjung Priok / USA-Gangavaram] Typhoon warning in South China Sea requiring southern deviation for westbound bulkers.,2021-03-18,Marine Weather Routing Service
211,port_congestion,Mozambique-Gangavaram,18,Low,[Port Hedland / Mozambique-Gangavaram] Tidal window restrictions combined with dredging operations causing vessel hold-ups.,2022-05-05,AIS Congestion Tracker
212,port_congestion,Australia-Gopalpur,27,Medium,[Vanino / Australia-Gopalpur] Berth queue exceeding 12 vessels; average waiting time rose to 78 hours.,2021-04-02,Port Authority Circular
213,geopolitical,Mozambique-Gangavaram,30,Low,[Colombo / Mozambique-Gangavaram] Canal transit quota reduction increasing reservation auction premiums.,2021-03-25,Maritime Security Advisory
214,geopolitical,Australia-Visakhapatnam,6,Medium,[Haldia / Australia-Visakhapatnam] Export tariff modification announced by major coal-producing authority.,2025-06-03,Ministry Trade Notice
215,port_congestion,Mozambique-Gangavaram,18,Medium,[Port Hedland / Mozambique-Gangavaram] Mechanized coal conveyor breakdown causing delayed discharge at mechanized berths.,2024-06-29,Terminal Operations Log
216,port_congestion,Australia-Gopalpur,7,Low,[Kolkata / Australia-Gopalpur] Mechanized coal conveyor breakdown causing delayed discharge at mechanized berths.,2024-05-15,Terminal Operations Log
217,freight_anomaly,Indonesia-Gangavaram,12,Low,[Kandla (Deendayal) / Indonesia-Gangavaram] BDI index surged 250 points following unexpected chartering volume for Queensland coal.,2025-08-29,Clarksons Intelligence
218,freight_anomaly,India-Haldia,4,Low,[Dhamra / India-Haldia] BDI index surged 250 points following unexpected chartering volume for Queensland coal.,2025-09-08,Baltic Exchange Market Monitor
219,freight_anomaly,Russia-Visakhapatnam,29,Medium,[Port Klang / Russia-Visakhapatnam] Sudden freight spike (+18% DoD) driven by tightening Capesize tonnage in Pacific basin.,2023-08-15,FreightIQ Anomaly Engine
220,freight_anomaly,Australia-Mundra,1,Medium,[Paradip / Australia-Mundra] BDI index surged 250 points following unexpected chartering volume for Queensland coal.,2023-11-30,FreightIQ Anomaly Engine
221,port_congestion,Indonesia-Gangavaram,27,Low,[Vanino / Indonesia-Gangavaram] Tidal window restrictions combined with dredging operations causing vessel hold-ups.,2021-02-08,Terminal Operations Log
222,port_congestion,Australia-Visakhapatnam,14,Low,[Cochin / Australia-Visakhapatnam] High yard inventory utilization (>92%) slowing down discharge rates.,2024-12-25,Port Authority Circular
223,freight_anomaly,Australia-Mundra,8,High,[Chennai / Australia-Mundra] Panamax Atlantic round voyage rates collapsed -12% on low grain demand.,2022-08-07,FreightIQ Anomaly Engine
224,geopolitical,Australia-Haldia,2,Medium,[Visakhapatnam / Australia-Haldia] Export tariff modification announced by major coal-producing authority.,2023-09-02,Ministry Trade Notice
225,port_congestion,Mozambique-Gangavaram,28,Medium,[Singapore / Mozambique-Gangavaram] Berth queue exceeding 12 vessels; average waiting time rose to 78 hours.,2021-07-12,AIS Congestion Tracker
226,port_congestion,Indonesia-Mundra,24,Low,[Maputo / Indonesia-Mundra] Berth queue exceeding 12 vessels; average waiting time rose to 78 hours.,2023-05-05,Terminal Operations Log
227,port_congestion,Indonesia-Visakhapatnam,1,High,[Paradip / Indonesia-Visakhapatnam] Tidal window restrictions combined with dredging operations causing vessel hold-ups.,2023-03-13,AIS Congestion Tracker
228,freight_anomaly,Indonesia-Mundra,19,Low,[Balikpapan / Indonesia-Mundra] Bunker fuel price volatility exceeds 90th percentile following crude market rally.,2022-05-15,Baltic Exchange Market Monitor
229,weather,Australia-Dhamra,17,Medium,[Newcastle / Australia-Dhamra] Heavy monsoon swell (>4.2m) preventing safe pilot boarding at outer anchorage.,2021-03-05,Marine Weather Routing Service
230,geopolitical,Indonesia-Dhamra,15,Medium,[Hay Point / Indonesia-Dhamra] Canal transit quota reduction increasing reservation auction premiums.,2021-10-11,Maritime Security Advisory
231,port_congestion,Russia-Paradip,8,Low,[Chennai / Russia-Paradip] Tidal window restrictions combined with dredging operations causing vessel hold-ups.,2022-11-13,AIS Congestion Tracker
232,freight_anomaly,Australia-Mundra,13,Medium,[Nhava Sheva (JNPT) / Australia-Mundra] Panamax Atlantic round voyage rates collapsed -12% on low grain demand.,2025-11-09,FreightIQ Anomaly Engine
233,weather,USA-Paradip,19,High,[Balikpapan / USA-Paradip] Heavy monsoon swell (>4.2m) preventing safe pilot boarding at outer anchorage.,2021-05-29,JTWC Cyclone Warning
234,port_congestion,Australia-Visakhapatnam,31,Low,[Rotterdam / Australia-Visakhapatnam] Berth queue exceeding 12 vessels; average waiting time rose to 78 hours.,2022-06-29,Port Authority Circular
235,freight_anomaly,Australia-Dhamra,23,High,[Baltimore / Australia-Dhamra] BDI index surged 250 points following unexpected chartering volume for Queensland coal.,2025-11-13,Baltic Exchange Market Monitor
236,port_congestion,Mozambique-Gangavaram,10,High,[Tuticorin (V.O.C.) / Mozambique-Gangavaram] Mechanized coal conveyor breakdown causing delayed discharge at mechanized berths.,2024-01-31,Terminal Operations Log
237,geopolitical,Indonesia-Paradip,32,Medium,[Shanghai (Qingdao) / Indonesia-Paradip] Canal transit quota reduction increasing reservation auction premiums.,2023-06-29,Ministry Trade Notice
238,weather,Indonesia-Paradip,25,High,[Beira / Indonesia-Paradip] Dense fog conditions restricting channel navigation to daylight hours only.,2023-04-05,India Meteorological Department (IMD)
239,port_congestion,Indonesia-Visakhapatnam,9,Medium,[Kamarajar (Ennore) / Indonesia-Visakhapatnam] Berth queue exceeding 12 vessels; average waiting time rose to 78 hours.,2023-12-26,Port Authority Circular
240,weather,USA-Paradip,31,Low,[Rotterdam / USA-Paradip] Tropical Cyclone alert issued for Bay of Bengal; port operations suspended for 48 hours.,2025-12-05,Marine Weather Routing Service
241,weather,Indonesia-Paradip,21,High,[Samarinda / Indonesia-Paradip] Tropical Cyclone alert issued for Bay of Bengal; port operations suspended for 48 hours.,2021-07-08,India Meteorological Department (IMD)
242,geopolitical,Russia-Paradip,1,Low,[Paradip / Russia-Paradip] Red Sea security advisory prompting operators to route via Cape of Good Hope (+14 days).,2022-07-27,Maritime Security Advisory
243,freight_anomaly,Australia-Mundra,5,Medium,[Gopalpur / Australia-Mundra] Bunker fuel price volatility exceeds 90th percentile following crude market rally.,2022-04-03,Baltic Exchange Market Monitor
244,weather,Indonesia-Gangavaram,6,High,[Haldia / Indonesia-Gangavaram] Dense fog conditions restricting channel navigation to daylight hours only.,2025-06-17,India Meteorological Department (IMD)
245,geopolitical,Mozambique-Paradip,24,Medium,[Maputo / Mozambique-Paradip] Red Sea security advisory prompting operators to route via Cape of Good Hope (+14 days).,2022-11-23,Maritime Security Advisory
246,freight_anomaly,India-Chennai,14,Medium,[Cochin / India-Chennai] Panamax Atlantic round voyage rates collapsed -12% on low grain demand.,2021-03-20,FreightIQ Anomaly Engine
247,freight_anomaly,Indonesia-Dhamra,16,High,[Gladstone / Indonesia-Dhamra] Bunker fuel price volatility exceeds 90th percentile following crude market rally.,2024-06-01,Clarksons Intelligence
248,port_congestion,Indonesia-Gangavaram,14,Low,[Cochin / Indonesia-Gangavaram] Berth queue exceeding 12 vessels; average waiting time rose to 78 hours.,2022-04-16,Port Authority Circular
249,geopolitical,Australia-Dhamra,28,Low,[Singapore / Australia-Dhamra] Red Sea security advisory prompting operators to route via Cape of Good Hope (+14 days).,2021-12-13,Lloyd's List Intelligence
250,weather,Indonesia-Mundra,27,Medium,[Vanino / Indonesia-Mundra] Tropical Cyclone alert issued for Bay of Bengal; port operations suspended for 48 hours.,2022-08-15,Marine Weather Routing Service
251,freight_anomaly,Russia-Visakhapatnam,3,Medium,[Gangavaram / Russia-Visakhapatnam] Sudden freight spike (+18% DoD) driven by tightening Capesize tonnage in Pacific basin.,2022-04-15,Clarksons Intelligence
252,weather,Australia-Haldia,21,Medium,[Samarinda / Australia-Haldia] Dense fog conditions restricting channel navigation to daylight hours only.,2025-10-24,Marine Weather Routing Service
253,geopolitical,Indonesia-Haldia,17,Medium,[Newcastle / Indonesia-Haldia] Red Sea security advisory prompting operators to route via Cape of Good Hope (+14 days).,2024-05-29,Ministry Trade Notice
254,geopolitical,India-Haldia,9,Low,[Kamarajar (Ennore) / India-Haldia] Canal transit quota reduction increasing reservation auction premiums.,2022-08-01,Maritime Security Advisory
255,geopolitical,Indonesia-Gangavaram,4,Medium,[Dhamra / Indonesia-Gangavaram] Red Sea security advisory prompting operators to route via Cape of Good Hope (+14 days).,2021-10-18,Lloyd's List Intelligence
256,port_congestion,Mozambique-Paradip,6,Low,[Haldia / Mozambique-Paradip] Mechanized coal conveyor breakdown causing delayed discharge at mechanized berths.,2024-09-06,AIS Congestion Tracker
257,freight_anomaly,Australia-Haldia,30,Low,[Colombo / Australia-Haldia] Bunker fuel price volatility exceeds 90th percentile following crude market rally.,2025-06-23,Baltic Exchange Market Monitor
258,port_congestion,USA-Visakhapatnam,25,Low,[Beira / USA-Visakhapatnam] High yard inventory utilization (>92%) slowing down discharge rates.,2025-10-29,Terminal Operations Log
259,weather,Australia-Visakhapatnam,22,Low,[Norfolk (Hampton Roads) / Australia-Visakhapatnam] Dense fog conditions restricting channel navigation to daylight hours only.,2021-09-15,Marine Weather Routing Service
260,geopolitical,Australia-Haldia,24,Low,[Maputo / Australia-Haldia] Sanction compliance verification tightening on Far East coal flows.,2025-06-04,Ministry Trade Notice
261,port_congestion,Indonesia-Paradip,15,Low,[Hay Point / Indonesia-Paradip] Berth queue exceeding 12 vessels; average waiting time rose to 78 hours.,2021-08-31,AIS Congestion Tracker
262,freight_anomaly,Australia-Gopalpur,11,Low,[Mundra / Australia-Gopalpur] Sudden freight spike (+18% DoD) driven by tightening Capesize tonnage in Pacific basin.,2022-01-25,Clarksons Intelligence
263,port_congestion,Australia-Haldia,11,Low,[Mundra / Australia-Haldia] High yard inventory utilization (>92%) slowing down discharge rates.,2023-11-25,Terminal Operations Log
264,port_congestion,Mozambique-Gangavaram,8,Low,[Chennai / Mozambique-Gangavaram] Berth queue exceeding 12 vessels; average waiting time rose to 78 hours.,2026-01-20,Port Authority Circular
265,freight_anomaly,India-Chennai,15,Low,[Hay Point / India-Chennai] Sudden freight spike (+18% DoD) driven by tightening Capesize tonnage in Pacific basin.,2022-08-09,FreightIQ Anomaly Engine
266,freight_anomaly,USA-Mundra,15,Low,[Hay Point / USA-Mundra] Sudden freight spike (+18% DoD) driven by tightening Capesize tonnage in Pacific basin.,2023-11-21,FreightIQ Anomaly Engine
267,freight_anomaly,Australia-Haldia,14,Low,[Cochin / Australia-Haldia] BDI index surged 250 points following unexpected chartering volume for Queensland coal.,2023-10-01,FreightIQ Anomaly Engine
268,weather,USA-Visakhapatnam,22,Medium,[Norfolk (Hampton Roads) / USA-Visakhapatnam] Dense fog conditions restricting channel navigation to daylight hours only.,2025-01-06,Marine Weather Routing Service
269,port_congestion,India-Chennai,31,Low,[Rotterdam / India-Chennai] Mechanized coal conveyor breakdown causing delayed discharge at mechanized berths.,2022-09-24,AIS Congestion Tracker
270,geopolitical,Indonesia-Haldia,2,Medium,[Visakhapatnam / Indonesia-Haldia] Export tariff modification announced by major coal-producing authority.,2024-12-27,Maritime Security Advisory
271,port_congestion,Mozambique-Gangavaram,24,Medium,[Maputo / Mozambique-Gangavaram] Tidal window restrictions combined with dredging operations causing vessel hold-ups.,2021-08-24,Terminal Operations Log
272,weather,Indonesia-Mundra,28,Medium,[Singapore / Indonesia-Mundra] Heavy monsoon swell (>4.2m) preventing safe pilot boarding at outer anchorage.,2023-03-15,JTWC Cyclone Warning
273,port_congestion,USA-Visakhapatnam,30,Medium,[Colombo / USA-Visakhapatnam] Mechanized coal conveyor breakdown causing delayed discharge at mechanized berths.,2022-05-01,Port Authority Circular
274,weather,USA-Paradip,32,Low,[Shanghai (Qingdao) / USA-Paradip] Typhoon warning in South China Sea requiring southern deviation for westbound bulkers.,2021-06-29,India Meteorological Department (IMD)
275,weather,India-Chennai,6,Low,[Haldia / India-Chennai] Typhoon warning in South China Sea requiring southern deviation for westbound bulkers.,2023-09-24,Marine Weather Routing Service
276,geopolitical,USA-Visakhapatnam,18,Medium,[Port Hedland / USA-Visakhapatnam] Sanction compliance verification tightening on Far East coal flows.,2026-02-03,Lloyd's List Intelligence
277,weather,Mozambique-Paradip,13,Medium,[Nhava Sheva (JNPT) / Mozambique-Paradip] Dense fog conditions restricting channel navigation to daylight hours only.,2022-03-16,Marine Weather Routing Service
278,geopolitical,Australia-Mundra,21,Medium,[Samarinda / Australia-Mundra] Canal transit quota reduction increasing reservation auction premiums.,2023-02-26,Ministry Trade Notice
279,port_congestion,Indonesia-Visakhapatnam,31,Low,[Rotterdam / Indonesia-Visakhapatnam] Tidal window restrictions combined with dredging operations causing vessel hold-ups.,2025-03-28,Terminal Operations Log
280,port_congestion,Indonesia-Dhamra,28,Low,[Singapore / Indonesia-Dhamra] High yard inventory utilization (>92%) slowing down discharge rates.,2022-02-09,Terminal Operations Log
281,freight_anomaly,USA-Paradip,18,Medium,[Port Hedland / USA-Paradip] Bunker fuel price volatility exceeds 90th percentile following crude market rally.,2024-07-11,FreightIQ Anomaly Engine
282,weather,Australia-Haldia,19,Low,[Balikpapan / Australia-Haldia] Heavy monsoon swell (>4.2m) preventing safe pilot boarding at outer anchorage.,2024-09-25,Marine Weather Routing Service
283,geopolitical,India-Chennai,30,Medium,[Colombo / India-Chennai] Red Sea security advisory prompting operators to route via Cape of Good Hope (+14 days).,2023-01-14,Lloyd's List Intelligence
284,freight_anomaly,Australia-Mundra,16,Low,[Gladstone / Australia-Mundra] Sudden freight spike (+18% DoD) driven by tightening Capesize tonnage in Pacific basin.,2023-10-10,FreightIQ Anomaly Engine
285,freight_anomaly,Indonesia-Dhamra,30,High,[Colombo / Indonesia-Dhamra] Bunker fuel price volatility exceeds 90th percentile following crude market rally.,2025-02-06,Clarksons Intelligence
286,freight_anomaly,Indonesia-Mundra,15,Medium,[Hay Point / Indonesia-Mundra] Bunker fuel price volatility exceeds 90th percentile following crude market rally.,2024-08-14,FreightIQ Anomaly Engine
287,port_congestion,Australia-Visakhapatnam,19,Medium,[Balikpapan / Australia-Visakhapatnam] Tidal window restrictions combined with dredging operations causing vessel hold-ups.,2022-01-12,AIS Congestion Tracker
288,freight_anomaly,Australia-Dhamra,8,Low,[Chennai / Australia-Dhamra] Sudden freight spike (+18% DoD) driven by tightening Capesize tonnage in Pacific basin.,2024-03-29,Baltic Exchange Market Monitor
289,geopolitical,Australia-Gangavaram,11,High,[Mundra / Australia-Gangavaram] Canal transit quota reduction increasing reservation auction premiums.,2024-04-14,Ministry Trade Notice
290,freight_anomaly,Indonesia-Gangavaram,4,Medium,[Dhamra / Indonesia-Gangavaram] Bunker fuel price volatility exceeds 90th percentile following crude market rally.,2023-09-16,FreightIQ Anomaly Engine
291,freight_anomaly,Australia-Mundra,31,Low,[Rotterdam / Australia-Mundra] BDI index surged 250 points following unexpected chartering volume for Queensland coal.,2026-01-20,Baltic Exchange Market Monitor
292,weather,Australia-Paradip,1,High,[Paradip / Australia-Paradip] Tropical Cyclone alert issued for Bay of Bengal; port operations suspended for 48 hours.,2023-09-28,India Meteorological Department (IMD)
293,weather,Australia-Mundra,28,Low,[Singapore / Australia-Mundra] Dense fog conditions restricting channel navigation to daylight hours only.,2023-08-22,JTWC Cyclone Warning
294,port_congestion,USA-Gangavaram,9,Medium,[Kamarajar (Ennore) / USA-Gangavaram] High yard inventory utilization (>92%) slowing down discharge rates.,2023-07-14,Terminal Operations Log
295,geopolitical,USA-Visakhapatnam,14,Low,[Cochin / USA-Visakhapatnam] Export tariff modification announced by major coal-producing authority.,2021-08-23,Maritime Security Advisory
296,port_congestion,USA-Paradip,3,Low,[Gangavaram / USA-Paradip] Mechanized coal conveyor breakdown causing delayed discharge at mechanized berths.,2024-12-27,AIS Congestion Tracker
297,weather,Australia-Mundra,24,High,[Maputo / Australia-Mundra] Heavy monsoon swell (>4.2m) preventing safe pilot boarding at outer anchorage.,2023-01-21,Marine Weather Routing Service
298,port_congestion,USA-Mundra,29,Low,[Port Klang / USA-Mundra] Berth queue exceeding 12 vessels; average waiting time rose to 78 hours.,2021-03-08,Terminal Operations Log
299,geopolitical,Australia-Dhamra,1,Low,[Paradip / Australia-Dhamra] Export tariff modification announced by major coal-producing authority.,2023-11-14,Lloyd's List Intelligence
300,freight_anomaly,USA-Gangavaram,1,Low,[Paradip / USA-Gangavaram] Bunker fuel price volatility exceeds 90th percentile following crude market rally.,2025-01-06,FreightIQ Anomaly Engine
301,port_congestion,USA-Gangavaram,24,Medium,[Maputo / USA-Gangavaram] Tidal window restrictions combined with dredging operations causing vessel hold-ups.,2023-10-08,Port Authority Circular
302,port_congestion,Indonesia-Dhamra,11,Medium,[Mundra / Indonesia-Dhamra] High yard inventory utilization (>92%) slowing down discharge rates.,2023-05-31,AIS Congestion Tracker
303,geopolitical,Indonesia-Visakhapatnam,12,Medium,[Kandla (Deendayal) / Indonesia-Visakhapatnam] Export tariff modification announced by major coal-producing authority.,2026-02-13,Lloyd's List Intelligence
304,port_congestion,Indonesia-Paradip,18,Medium,[Port Hedland / Indonesia-Paradip] Mechanized coal conveyor breakdown causing delayed discharge at mechanized berths.,2021-07-05,Port Authority Circular
305,weather,Australia-Paradip,3,Medium,[Gangavaram / Australia-Paradip] Tropical Cyclone alert issued for Bay of Bengal; port operations suspended for 48 hours.,2023-07-04,Marine Weather Routing Service
306,weather,Australia-Mundra,1,Medium,[Paradip / Australia-Mundra] Typhoon warning in South China Sea requiring southern deviation for westbound bulkers.,2022-04-11,Marine Weather Routing Service
307,weather,Indonesia-Mundra,20,Medium,[Tanjung Priok / Indonesia-Mundra] Tropical Cyclone alert issued for Bay of Bengal; port operations suspended for 48 hours.,2025-04-20,JTWC Cyclone Warning
308,geopolitical,Australia-Visakhapatnam,7,Medium,[Kolkata / Australia-Visakhapatnam] Canal transit quota reduction increasing reservation auction premiums.,2022-08-22,Ministry Trade Notice
309,port_congestion,Indonesia-Gangavaram,18,Medium,[Port Hedland / Indonesia-Gangavaram] Berth queue exceeding 12 vessels; average waiting time rose to 78 hours.,2024-02-29,AIS Congestion Tracker
310,geopolitical,Australia-Paradip,13,Medium,[Nhava Sheva (JNPT) / Australia-Paradip] Export tariff modification announced by major coal-producing authority.,2022-04-05,Ministry Trade Notice
311,weather,Mozambique-Paradip,18,Low,[Port Hedland / Mozambique-Paradip] Dense fog conditions restricting channel navigation to daylight hours only.,2021-05-27,Marine Weather Routing Service
312,weather,Australia-Haldia,7,Low,[Kolkata / Australia-Haldia] Heavy monsoon swell (>4.2m) preventing safe pilot boarding at outer anchorage.,2024-02-05,JTWC Cyclone Warning
313,port_congestion,Australia-Visakhapatnam,3,Medium,[Gangavaram / Australia-Visakhapatnam] Mechanized coal conveyor breakdown causing delayed discharge at mechanized berths.,2025-05-29,Port Authority Circular
314,freight_anomaly,Australia-Gopalpur,15,Medium,[Hay Point / Australia-Gopalpur] BDI index surged 250 points following unexpected chartering volume for Queensland coal.,2024-11-20,FreightIQ Anomaly Engine
315,weather,Australia-Mundra,19,High,[Balikpapan / Australia-Mundra] Dense fog conditions restricting channel navigation to daylight hours only.,2022-04-12,India Meteorological Department (IMD)
316,port_congestion,Russia-Visakhapatnam,26,Low,[Vostochny / Russia-Visakhapatnam] Mechanized coal conveyor breakdown causing delayed discharge at mechanized berths.,2022-11-19,Port Authority Circular
317,freight_anomaly,Australia-Gopalpur,15,Medium,[Hay Point / Australia-Gopalpur] Panamax Atlantic round voyage rates collapsed -12% on low grain demand.,2024-09-10,Clarksons Intelligence
318,port_congestion,Australia-Visakhapatnam,17,Medium,[Newcastle / Australia-Visakhapatnam] Tidal window restrictions combined with dredging operations causing vessel hold-ups.,2024-11-22,Terminal Operations Log
319,port_congestion,Mozambique-Visakhapatnam,29,Low,[Port Klang / Mozambique-Visakhapatnam] Berth queue exceeding 12 vessels; average waiting time rose to 78 hours.,2023-01-05,Port Authority Circular
320,port_congestion,Australia-Dhamra,21,Medium,[Samarinda / Australia-Dhamra] Tidal window restrictions combined with dredging operations causing vessel hold-ups.,2025-11-02,Port Authority Circular
321,freight_anomaly,USA-Paradip,5,Medium,[Gopalpur / USA-Paradip] BDI index surged 250 points following unexpected chartering volume for Queensland coal.,2022-04-09,FreightIQ Anomaly Engine
322,weather,Australia-Dhamra,25,Low,[Beira / Australia-Dhamra] Tropical Cyclone alert issued for Bay of Bengal; port operations suspended for 48 hours.,2025-02-25,Marine Weather Routing Service
323,port_congestion,Indonesia-Dhamra,2,Medium,[Visakhapatnam / Indonesia-Dhamra] High yard inventory utilization (>92%) slowing down discharge rates.,2025-12-27,Port Authority Circular
324,port_congestion,Indonesia-Dhamra,8,Low,[Chennai / Indonesia-Dhamra] High yard inventory utilization (>92%) slowing down discharge rates.,2024-04-25,Terminal Operations Log
325,geopolitical,Australia-Gopalpur,31,High,[Rotterdam / Australia-Gopalpur] Export tariff modification announced by major coal-producing authority.,2023-08-24,Ministry Trade Notice
326,port_congestion,Australia-Dhamra,11,High,[Mundra / Australia-Dhamra] Tidal window restrictions combined with dredging operations causing vessel hold-ups.,2021-09-22,AIS Congestion Tracker
327,weather,USA-Paradip,13,Low,[Nhava Sheva (JNPT) / USA-Paradip] Heavy monsoon swell (>4.2m) preventing safe pilot boarding at outer anchorage.,2024-02-23,JTWC Cyclone Warning
328,weather,Australia-Haldia,18,Medium,[Port Hedland / Australia-Haldia] Tropical Cyclone alert issued for Bay of Bengal; port operations suspended for 48 hours.,2022-02-04,JTWC Cyclone Warning
329,freight_anomaly,Indonesia-Gangavaram,29,High,[Port Klang / Indonesia-Gangavaram] Bunker fuel price volatility exceeds 90th percentile following crude market rally.,2021-08-30,FreightIQ Anomaly Engine
330,port_congestion,Indonesia-Dhamra,5,Low,[Gopalpur / Indonesia-Dhamra] Tidal window restrictions combined with dredging operations causing vessel hold-ups.,2022-01-09,Terminal Operations Log
331,weather,Indonesia-Dhamra,15,Low,[Hay Point / Indonesia-Dhamra] Dense fog conditions restricting channel navigation to daylight hours only.,2021-10-29,India Meteorological Department (IMD)
332,freight_anomaly,Indonesia-Haldia,13,High,[Nhava Sheva (JNPT) / Indonesia-Haldia] Sudden freight spike (+18% DoD) driven by tightening Capesize tonnage in Pacific basin.,2025-04-04,Baltic Exchange Market Monitor
333,port_congestion,Australia-Paradip,31,Medium,[Rotterdam / Australia-Paradip] Mechanized coal conveyor breakdown causing delayed discharge at mechanized berths.,2022-03-05,Port Authority Circular
334,port_congestion,Russia-Visakhapatnam,10,Medium,[Tuticorin (V.O.C.) / Russia-Visakhapatnam] Mechanized coal conveyor breakdown causing delayed discharge at mechanized berths.,2022-02-03,Port Authority Circular
335,freight_anomaly,Indonesia-Visakhapatnam,9,Medium,[Kamarajar (Ennore) / Indonesia-Visakhapatnam] Bunker fuel price volatility exceeds 90th percentile following crude market rally.,2024-12-28,Baltic Exchange Market Monitor
336,weather,Russia-Paradip,26,Medium,[Vostochny / Russia-Paradip] Dense fog conditions restricting channel navigation to daylight hours only.,2023-06-06,India Meteorological Department (IMD)
337,freight_anomaly,India-Chennai,26,Low,[Vostochny / India-Chennai] Bunker fuel price volatility exceeds 90th percentile following crude market rally.,2023-01-10,Baltic Exchange Market Monitor
338,port_congestion,Australia-Gangavaram,23,Low,[Baltimore / Australia-Gangavaram] High yard inventory utilization (>92%) slowing down discharge rates.,2025-11-18,AIS Congestion Tracker
339,weather,Australia-Haldia,1,Low,[Paradip / Australia-Haldia] Dense fog conditions restricting channel navigation to daylight hours only.,2021-11-10,JTWC Cyclone Warning
340,geopolitical,Indonesia-Gangavaram,7,High,[Kolkata / Indonesia-Gangavaram] Canal transit quota reduction increasing reservation auction premiums.,2021-02-25,Maritime Security Advisory
341,freight_anomaly,Mozambique-Gangavaram,14,Medium,[Cochin / Mozambique-Gangavaram] Bunker fuel price volatility exceeds 90th percentile following crude market rally.,2025-08-24,Clarksons Intelligence
342,weather,Mozambique-Visakhapatnam,8,Low,[Chennai / Mozambique-Visakhapatnam] Dense fog conditions restricting channel navigation to daylight hours only.,2021-05-02,JTWC Cyclone Warning
343,weather,India-Haldia,24,Low,[Maputo / India-Haldia] Tropical Cyclone alert issued for Bay of Bengal; port operations suspended for 48 hours.,2024-03-30,India Meteorological Department (IMD)
344,weather,Australia-Gangavaram,4,Low,[Dhamra / Australia-Gangavaram] Typhoon warning in South China Sea requiring southern deviation for westbound bulkers.,2021-10-07,Marine Weather Routing Service
345,weather,Australia-Visakhapatnam,19,Medium,[Balikpapan / Australia-Visakhapatnam] Typhoon warning in South China Sea requiring southern deviation for westbound bulkers.,2024-02-23,India Meteorological Department (IMD)
346,freight_anomaly,Indonesia-Paradip,23,Medium,[Baltimore / Indonesia-Paradip] Sudden freight spike (+18% DoD) driven by tightening Capesize tonnage in Pacific basin.,2024-09-14,Clarksons Intelligence
347,freight_anomaly,Australia-Mundra,22,Low,[Norfolk (Hampton Roads) / Australia-Mundra] Panamax Atlantic round voyage rates collapsed -12% on low grain demand.,2022-02-14,Clarksons Intelligence
348,freight_anomaly,Australia-Gopalpur,24,Low,[Maputo / Australia-Gopalpur] Panamax Atlantic round voyage rates collapsed -12% on low grain demand.,2024-01-24,Baltic Exchange Market Monitor
349,weather,Australia-Dhamra,23,Medium,[Baltimore / Australia-Dhamra] Tropical Cyclone alert issued for Bay of Bengal; port operations suspended for 48 hours.,2022-07-08,Marine Weather Routing Service
350,weather,Russia-Paradip,26,Medium,[Vostochny / Russia-Paradip] Heavy monsoon swell (>4.2m) preventing safe pilot boarding at outer anchorage.,2023-06-24,JTWC Cyclone Warning
351,port_congestion,Indonesia-Dhamra,28,Low,[Singapore / Indonesia-Dhamra] Tidal window restrictions combined with dredging operations causing vessel hold-ups.,2025-08-21,Terminal Operations Log
352,geopolitical,Australia-Paradip,31,Low,[Rotterdam / Australia-Paradip] Canal transit quota reduction increasing reservation auction premiums.,2021-05-23,Maritime Security Advisory
353,port_congestion,Indonesia-Visakhapatnam,18,Low,[Port Hedland / Indonesia-Visakhapatnam] Berth queue exceeding 12 vessels; average waiting time rose to 78 hours.,2024-09-24,Port Authority Circular
354,weather,Australia-Gopalpur,19,Low,[Balikpapan / Australia-Gopalpur] Tropical Cyclone alert issued for Bay of Bengal; port operations suspended for 48 hours.,2024-10-12,India Meteorological Department (IMD)
355,weather,India-Haldia,30,Low,[Colombo / India-Haldia] Dense fog conditions restricting channel navigation to daylight hours only.,2025-03-24,Marine Weather Routing Service
356,port_congestion,Australia-Haldia,32,Medium,[Shanghai (Qingdao) / Australia-Haldia] High yard inventory utilization (>92%) slowing down discharge rates.,2021-08-04,Terminal Operations Log
357,geopolitical,Russia-Paradip,31,Medium,[Rotterdam / Russia-Paradip] Canal transit quota reduction increasing reservation auction premiums.,2021-07-02,Ministry Trade Notice
358,geopolitical,USA-Mundra,30,Low,[Colombo / USA-Mundra] Sanction compliance verification tightening on Far East coal flows.,2022-09-19,Maritime Security Advisory
359,port_congestion,India-Chennai,19,Medium,[Balikpapan / India-Chennai] High yard inventory utilization (>92%) slowing down discharge rates.,2024-10-01,Port Authority Circular
360,weather,India-Haldia,8,Low,[Chennai / India-Haldia] Heavy monsoon swell (>4.2m) preventing safe pilot boarding at outer anchorage.,2025-04-24,JTWC Cyclone Warning
361,freight_anomaly,USA-Gangavaram,27,Medium,[Vanino / USA-Gangavaram] Bunker fuel price volatility exceeds 90th percentile following crude market rally.,2021-01-21,Baltic Exchange Market Monitor
362,port_congestion,India-Haldia,12,Low,[Kandla (Deendayal) / India-Haldia] Berth queue exceeding 12 vessels; average waiting time rose to 78 hours.,2022-07-18,Port Authority Circular
363,port_congestion,Australia-Gangavaram,24,Low,[Maputo / Australia-Gangavaram] Tidal window restrictions combined with dredging operations causing vessel hold-ups.,2023-04-23,AIS Congestion Tracker
364,freight_anomaly,Australia-Gopalpur,3,Low,[Gangavaram / Australia-Gopalpur] Panamax Atlantic round voyage rates collapsed -12% on low grain demand.,2022-11-21,Clarksons Intelligence
365,freight_anomaly,Australia-Gangavaram,17,Low,[Newcastle / Australia-Gangavaram] BDI index surged 250 points following unexpected chartering volume for Queensland coal.,2021-09-08,Baltic Exchange Market Monitor
366,port_congestion,Australia-Visakhapatnam,15,Low,[Hay Point / Australia-Visakhapatnam] Tidal window restrictions combined with dredging operations causing vessel hold-ups.,2022-11-25,AIS Congestion Tracker
367,port_congestion,Australia-Visakhapatnam,4,Medium,[Dhamra / Australia-Visakhapatnam] Tidal window restrictions combined with dredging operations causing vessel hold-ups.,2025-03-09,AIS Congestion Tracker
368,weather,India-Haldia,27,Medium,[Vanino / India-Haldia] Tropical Cyclone alert issued for Bay of Bengal; port operations suspended for 48 hours.,2022-04-27,JTWC Cyclone Warning
369,port_congestion,Mozambique-Visakhapatnam,22,Low,[Norfolk (Hampton Roads) / Mozambique-Visakhapatnam] Berth queue exceeding 12 vessels; average waiting time rose to 78 hours.,2024-05-18,AIS Congestion Tracker
370,port_congestion,Mozambique-Gangavaram,9,High,[Kamarajar (Ennore) / Mozambique-Gangavaram] Mechanized coal conveyor breakdown causing delayed discharge at mechanized berths.,2022-09-22,Port Authority Circular
371,weather,USA-Visakhapatnam,25,Medium,[Beira / USA-Visakhapatnam] Typhoon warning in South China Sea requiring southern deviation for westbound bulkers.,2025-03-04,India Meteorological Department (IMD)
372,weather,India-Haldia,30,Low,[Colombo / India-Haldia] Dense fog conditions restricting channel navigation to daylight hours only.,2022-09-22,India Meteorological Department (IMD)
373,geopolitical,USA-Gangavaram,23,High,[Baltimore / USA-Gangavaram] Sanction compliance verification tightening on Far East coal flows.,2021-12-07,Lloyd's List Intelligence
374,freight_anomaly,USA-Gangavaram,14,High,[Cochin / USA-Gangavaram] Bunker fuel price volatility exceeds 90th percentile following crude market rally.,2023-06-26,Clarksons Intelligence
375,port_congestion,Indonesia-Gangavaram,10,Medium,[Tuticorin (V.O.C.) / Indonesia-Gangavaram] Tidal window restrictions combined with dredging operations causing vessel hold-ups.,2021-07-02,Port Authority Circular
376,port_congestion,Indonesia-Gangavaram,3,Medium,[Gangavaram / Indonesia-Gangavaram] Berth queue exceeding 12 vessels; average waiting time rose to 78 hours.,2023-10-26,Terminal Operations Log
377,weather,USA-Gangavaram,10,Low,[Tuticorin (V.O.C.) / USA-Gangavaram] Dense fog conditions restricting channel navigation to daylight hours only.,2025-08-16,Marine Weather Routing Service
378,weather,Indonesia-Mundra,22,Medium,[Norfolk (Hampton Roads) / Indonesia-Mundra] Heavy monsoon swell (>4.2m) preventing safe pilot boarding at outer anchorage.,2022-04-23,JTWC Cyclone Warning
379,weather,Indonesia-Paradip,18,Medium,[Port Hedland / Indonesia-Paradip] Heavy monsoon swell (>4.2m) preventing safe pilot boarding at outer anchorage.,2022-03-03,JTWC Cyclone Warning
380,weather,Indonesia-Haldia,18,Low,[Port Hedland / Indonesia-Haldia] Tropical Cyclone alert issued for Bay of Bengal; port operations suspended for 48 hours.,2026-02-08,Marine Weather Routing Service
381,port_congestion,USA-Gangavaram,14,Medium,[Cochin / USA-Gangavaram] Tidal window restrictions combined with dredging operations causing vessel hold-ups.,2023-06-07,AIS Congestion Tracker
382,weather,USA-Mundra,7,High,[Kolkata / USA-Mundra] Typhoon warning in South China Sea requiring southern deviation for westbound bulkers.,2024-02-25,Marine Weather Routing Service
383,geopolitical,USA-Gangavaram,5,Medium,[Gopalpur / USA-Gangavaram] Canal transit quota reduction increasing reservation auction premiums.,2025-08-02,Lloyd's List Intelligence
384,port_congestion,Australia-Dhamra,15,Medium,[Hay Point / Australia-Dhamra] Mechanized coal conveyor breakdown causing delayed discharge at mechanized berths.,2022-06-04,AIS Congestion Tracker
385,freight_anomaly,Indonesia-Haldia,4,Medium,[Dhamra / Indonesia-Haldia] Sudden freight spike (+18% DoD) driven by tightening Capesize tonnage in Pacific basin.,2022-03-10,Clarksons Intelligence
386,weather,Indonesia-Haldia,14,High,[Cochin / Indonesia-Haldia] Tropical Cyclone alert issued for Bay of Bengal; port operations suspended for 48 hours.,2022-05-02,India Meteorological Department (IMD)
387,port_congestion,USA-Gangavaram,32,Medium,[Shanghai (Qingdao) / USA-Gangavaram] High yard inventory utilization (>92%) slowing down discharge rates.,2021-02-09,Terminal Operations Log
388,port_congestion,Australia-Paradip,25,Low,[Beira / Australia-Paradip] Berth queue exceeding 12 vessels; average waiting time rose to 78 hours.,2023-01-18,Terminal Operations Log
389,weather,Indonesia-Dhamra,20,Low,[Tanjung Priok / Indonesia-Dhamra] Typhoon warning in South China Sea requiring southern deviation for westbound bulkers.,2025-07-16,India Meteorological Department (IMD)
390,geopolitical,Russia-Paradip,18,Low,[Port Hedland / Russia-Paradip] Canal transit quota reduction increasing reservation auction premiums.,2024-10-09,Maritime Security Advisory
391,weather,USA-Gangavaram,8,High,[Chennai / USA-Gangavaram] Tropical Cyclone alert issued for Bay of Bengal; port operations suspended for 48 hours.,2023-08-30,Marine Weather Routing Service
392,port_congestion,USA-Mundra,2,Medium,[Visakhapatnam / USA-Mundra] Mechanized coal conveyor breakdown causing delayed discharge at mechanized berths.,2025-06-21,Port Authority Circular
393,freight_anomaly,Australia-Paradip,6,Low,[Haldia / Australia-Paradip] Bunker fuel price volatility exceeds 90th percentile following crude market rally.,2022-04-20,Clarksons Intelligence
394,freight_anomaly,USA-Mundra,31,Medium,[Rotterdam / USA-Mundra] Bunker fuel price volatility exceeds 90th percentile following crude market rally.,2023-01-03,Clarksons Intelligence
395,port_congestion,Australia-Gopalpur,9,Medium,[Kamarajar (Ennore) / Australia-Gopalpur] Mechanized coal conveyor breakdown causing delayed discharge at mechanized berths.,2021-07-08,AIS Congestion Tracker
396,weather,Australia-Mundra,22,High,[Norfolk (Hampton Roads) / Australia-Mundra] Heavy monsoon swell (>4.2m) preventing safe pilot boarding at outer anchorage.,2021-12-23,India Meteorological Department (IMD)
397,geopolitical,Russia-Paradip,24,Medium,[Maputo / Russia-Paradip] Sanction compliance verification tightening on Far East coal flows.,2025-10-15,Lloyd's List Intelligence
398,port_congestion,Australia-Haldia,1,Medium,[Paradip / Australia-Haldia] Mechanized coal conveyor breakdown causing delayed discharge at mechanized berths.,2021-07-14,Terminal Operations Log
399,freight_anomaly,Mozambique-Gangavaram,27,Medium,[Vanino / Mozambique-Gangavaram] BDI index surged 250 points following unexpected chartering volume for Queensland coal.,2024-07-13,FreightIQ Anomaly Engine
400,weather,Indonesia-Gangavaram,7,Low,[Kolkata / Indonesia-Gangavaram] Heavy monsoon swell (>4.2m) preventing safe pilot boarding at outer anchorage.,2024-06-09,India Meteorological Department (IMD)
401,port_congestion,USA-Paradip,26,High,[Vostochny / USA-Paradip] Berth queue exceeding 12 vessels; average waiting time rose to 78 hours.,2025-03-26,Port Authority Circular
402,geopolitical,Russia-Paradip,7,Low,[Kolkata / Russia-Paradip] Sanction compliance verification tightening on Far East coal flows.,2023-07-15,Ministry Trade Notice
403,freight_anomaly,India-Chennai,8,Low,[Chennai / India-Chennai] Sudden freight spike (+18% DoD) driven by tightening Capesize tonnage in Pacific basin.,2022-08-15,FreightIQ Anomaly Engine
404,freight_anomaly,USA-Paradip,29,Medium,[Port Klang / USA-Paradip] Bunker fuel price volatility exceeds 90th percentile following crude market rally.,2023-04-05,FreightIQ Anomaly Engine
405,freight_anomaly,Australia-Dhamra,27,Medium,[Vanino / Australia-Dhamra] BDI index surged 250 points following unexpected chartering volume for Queensland coal.,2024-11-26,Clarksons Intelligence
406,port_congestion,India-Chennai,25,High,[Beira / India-Chennai] High yard inventory utilization (>92%) slowing down discharge rates.,2025-01-03,Terminal Operations Log
407,weather,Australia-Paradip,18,Medium,[Port Hedland / Australia-Paradip] Tropical Cyclone alert issued for Bay of Bengal; port operations suspended for 48 hours.,2025-01-27,JTWC Cyclone Warning
408,weather,Indonesia-Mundra,26,Low,[Vostochny / Indonesia-Mundra] Dense fog conditions restricting channel navigation to daylight hours only.,2024-05-17,JTWC Cyclone Warning
409,weather,USA-Paradip,3,Medium,[Gangavaram / USA-Paradip] Typhoon warning in South China Sea requiring southern deviation for westbound bulkers.,2021-03-10,Marine Weather Routing Service
410,port_congestion,Indonesia-Haldia,11,Medium,[Mundra / Indonesia-Haldia] High yard inventory utilization (>92%) slowing down discharge rates.,2025-06-19,Terminal Operations Log
411,geopolitical,India-Haldia,9,Medium,[Kamarajar (Ennore) / India-Haldia] Export tariff modification announced by major coal-producing authority.,2021-09-12,Maritime Security Advisory
412,weather,Mozambique-Gangavaram,28,Low,[Singapore / Mozambique-Gangavaram] Dense fog conditions restricting channel navigation to daylight hours only.,2025-02-18,India Meteorological Department (IMD)
413,freight_anomaly,Indonesia-Mundra,17,Low,[Newcastle / Indonesia-Mundra] BDI index surged 250 points following unexpected chartering volume for Queensland coal.,2025-10-21,Clarksons Intelligence
414,freight_anomaly,Australia-Gopalpur,27,Low,[Vanino / Australia-Gopalpur] Panamax Atlantic round voyage rates collapsed -12% on low grain demand.,2024-08-20,FreightIQ Anomaly Engine
415,weather,Mozambique-Paradip,18,Low,[Port Hedland / Mozambique-Paradip] Heavy monsoon swell (>4.2m) preventing safe pilot boarding at outer anchorage.,2025-04-24,Marine Weather Routing Service
416,weather,India-Chennai,28,Low,[Singapore / India-Chennai] Typhoon warning in South China Sea requiring southern deviation for westbound bulkers.,2022-08-01,India Meteorological Department (IMD)
417,port_congestion,USA-Gangavaram,14,High,[Cochin / USA-Gangavaram] Mechanized coal conveyor breakdown causing delayed discharge at mechanized berths.,2025-07-23,Port Authority Circular
418,port_congestion,Russia-Paradip,11,Low,[Mundra / Russia-Paradip] Berth queue exceeding 12 vessels; average waiting time rose to 78 hours.,2025-04-14,Terminal Operations Log
419,geopolitical,Indonesia-Visakhapatnam,15,High,[Hay Point / Indonesia-Visakhapatnam] Red Sea security advisory prompting operators to route via Cape of Good Hope (+14 days).,2023-07-30,Lloyd's List Intelligence
420,weather,India-Chennai,16,Low,[Gladstone / India-Chennai] Dense fog conditions restricting channel navigation to daylight hours only.,2021-07-28,Marine Weather Routing Service
421,geopolitical,Australia-Visakhapatnam,1,Medium,[Paradip / Australia-Visakhapatnam] Canal transit quota reduction increasing reservation auction premiums.,2025-06-13,Maritime Security Advisory
422,port_congestion,Australia-Haldia,29,Medium,[Port Klang / Australia-Haldia] High yard inventory utilization (>92%) slowing down discharge rates.,2022-12-14,Port Authority Circular
423,weather,Russia-Visakhapatnam,11,Medium,[Mundra / Russia-Visakhapatnam] Heavy monsoon swell (>4.2m) preventing safe pilot boarding at outer anchorage.,2022-05-02,India Meteorological Department (IMD)
424,freight_anomaly,Australia-Dhamra,4,High,[Dhamra / Australia-Dhamra] BDI index surged 250 points following unexpected chartering volume for Queensland coal.,2024-06-18,Clarksons Intelligence
425,freight_anomaly,Russia-Visakhapatnam,22,Medium,[Norfolk (Hampton Roads) / Russia-Visakhapatnam] Bunker fuel price volatility exceeds 90th percentile following crude market rally.,2025-11-07,FreightIQ Anomaly Engine
426,freight_anomaly,Australia-Visakhapatnam,30,Low,[Colombo / Australia-Visakhapatnam] Sudden freight spike (+18% DoD) driven by tightening Capesize tonnage in Pacific basin.,2023-11-06,FreightIQ Anomaly Engine
427,weather,USA-Paradip,15,Medium,[Hay Point / USA-Paradip] Heavy monsoon swell (>4.2m) preventing safe pilot boarding at outer anchorage.,2023-08-27,JTWC Cyclone Warning
428,port_congestion,Russia-Visakhapatnam,3,Medium,[Gangavaram / Russia-Visakhapatnam] High yard inventory utilization (>92%) slowing down discharge rates.,2022-11-25,Port Authority Circular
429,weather,Indonesia-Visakhapatnam,24,Low,[Maputo / Indonesia-Visakhapatnam] Typhoon warning in South China Sea requiring southern deviation for westbound bulkers.,2022-08-12,JTWC Cyclone Warning
430,weather,Australia-Gangavaram,4,Low,[Dhamra / Australia-Gangavaram] Dense fog conditions restricting channel navigation to daylight hours only.,2023-03-16,JTWC Cyclone Warning
431,port_congestion,Australia-Dhamra,12,Low,[Kandla (Deendayal) / Australia-Dhamra] Berth queue exceeding 12 vessels; average waiting time rose to 78 hours.,2023-05-15,AIS Congestion Tracker
432,freight_anomaly,India-Chennai,32,Medium,[Shanghai (Qingdao) / India-Chennai] Bunker fuel price volatility exceeds 90th percentile following crude market rally.,2026-01-24,Baltic Exchange Market Monitor
433,geopolitical,Indonesia-Paradip,22,Low,[Norfolk (Hampton Roads) / Indonesia-Paradip] Sanction compliance verification tightening on Far East coal flows.,2025-11-09,Lloyd's List Intelligence
434,geopolitical,USA-Visakhapatnam,5,High,[Gopalpur / USA-Visakhapatnam] Export tariff modification announced by major coal-producing authority.,2021-12-18,Lloyd's List Intelligence
435,port_congestion,USA-Mundra,6,Low,[Haldia / USA-Mundra] Berth queue exceeding 12 vessels; average waiting time rose to 78 hours.,2025-12-23,AIS Congestion Tracker
436,weather,Mozambique-Visakhapatnam,9,High,[Kamarajar (Ennore) / Mozambique-Visakhapatnam] Tropical Cyclone alert issued for Bay of Bengal; port operations suspended for 48 hours.,2022-03-16,India Meteorological Department (IMD)
437,freight_anomaly,Russia-Visakhapatnam,1,Low,[Paradip / Russia-Visakhapatnam] Sudden freight spike (+18% DoD) driven by tightening Capesize tonnage in Pacific basin.,2025-06-30,Clarksons Intelligence
438,freight_anomaly,Australia-Paradip,30,Medium,[Colombo / Australia-Paradip] Panamax Atlantic round voyage rates collapsed -12% on low grain demand.,2024-04-07,FreightIQ Anomaly Engine
439,weather,Australia-Visakhapatnam,20,Low,[Tanjung Priok / Australia-Visakhapatnam] Dense fog conditions restricting channel navigation to daylight hours only.,2021-12-17,India Meteorological Department (IMD)
440,port_congestion,USA-Paradip,9,High,[Kamarajar (Ennore) / USA-Paradip] Berth queue exceeding 12 vessels; average waiting time rose to 78 hours.,2021-08-30,AIS Congestion Tracker
441,port_congestion,India-Chennai,17,Low,[Newcastle / India-Chennai] High yard inventory utilization (>92%) slowing down discharge rates.,2025-06-24,Port Authority Circular
442,weather,Indonesia-Paradip,12,Medium,[Kandla (Deendayal) / Indonesia-Paradip] Heavy monsoon swell (>4.2m) preventing safe pilot boarding at outer anchorage.,2023-03-18,JTWC Cyclone Warning
443,weather,India-Haldia,27,Medium,[Vanino / India-Haldia] Tropical Cyclone alert issued for Bay of Bengal; port operations suspended for 48 hours.,2024-02-20,JTWC Cyclone Warning
444,port_congestion,Australia-Haldia,23,High,[Baltimore / Australia-Haldia] Mechanized coal conveyor breakdown causing delayed discharge at mechanized berths.,2022-04-17,Port Authority Circular
445,port_congestion,Indonesia-Gangavaram,12,Low,[Kandla (Deendayal) / Indonesia-Gangavaram] High yard inventory utilization (>92%) slowing down discharge rates.,2023-10-11,Port Authority Circular
446,freight_anomaly,Indonesia-Paradip,5,Low,[Gopalpur / Indonesia-Paradip] Bunker fuel price volatility exceeds 90th percentile following crude market rally.,2024-06-25,Baltic Exchange Market Monitor
447,freight_anomaly,Indonesia-Paradip,13,Low,[Nhava Sheva (JNPT) / Indonesia-Paradip] Sudden freight spike (+18% DoD) driven by tightening Capesize tonnage in Pacific basin.,2022-07-06,Clarksons Intelligence
448,weather,Mozambique-Visakhapatnam,2,Medium,[Visakhapatnam / Mozambique-Visakhapatnam] Typhoon warning in South China Sea requiring southern deviation for westbound bulkers.,2025-03-20,JTWC Cyclone Warning
449,freight_anomaly,Indonesia-Visakhapatnam,1,Medium,[Paradip / Indonesia-Visakhapatnam] Bunker fuel price volatility exceeds 90th percentile following crude market rally.,2024-12-11,Baltic Exchange Market Monitor
450,freight_anomaly,Indonesia-Visakhapatnam,4,High,[Dhamra / Indonesia-Visakhapatnam] BDI index surged 250 points following unexpected chartering volume for Queensland coal.,2022-12-28,Baltic Exchange Market Monitor
451,port_congestion,Australia-Visakhapatnam,19,High,[Balikpapan / Australia-Visakhapatnam] Mechanized coal conveyor breakdown causing delayed discharge at mechanized berths.,2024-01-22,Terminal Operations Log
452,weather,Indonesia-Paradip,26,Low,[Vostochny / Indonesia-Paradip] Heavy monsoon swell (>4.2m) preventing safe pilot boarding at outer anchorage.,2021-05-29,Marine Weather Routing Service
453,freight_anomaly,USA-Visakhapatnam,21,Medium,[Samarinda / USA-Visakhapatnam] Panamax Atlantic round voyage rates collapsed -12% on low grain demand.,2021-08-20,Baltic Exchange Market Monitor
454,weather,Mozambique-Visakhapatnam,3,Low,[Gangavaram / Mozambique-Visakhapatnam] Dense fog conditions restricting channel navigation to daylight hours only.,2024-07-15,Marine Weather Routing Service
455,port_congestion,USA-Visakhapatnam,14,Medium,[Cochin / USA-Visakhapatnam] Berth queue exceeding 12 vessels; average waiting time rose to 78 hours.,2022-05-06,Port Authority Circular
456,port_congestion,Australia-Gopalpur,4,Medium,[Dhamra / Australia-Gopalpur] Mechanized coal conveyor breakdown causing delayed discharge at mechanized berths.,2024-04-30,Port Authority Circular
457,geopolitical,USA-Paradip,17,Low,[Newcastle / USA-Paradip] Red Sea security advisory prompting operators to route via Cape of Good Hope (+14 days).,2025-09-06,Lloyd's List Intelligence
458,port_congestion,Australia-Paradip,25,Low,[Beira / Australia-Paradip] Berth queue exceeding 12 vessels; average waiting time rose to 78 hours.,2021-06-15,AIS Congestion Tracker
459,geopolitical,Mozambique-Paradip,7,Low,[Kolkata / Mozambique-Paradip] Sanction compliance verification tightening on Far East coal flows.,2022-12-28,Ministry Trade Notice
460,port_congestion,Australia-Gangavaram,17,High,[Newcastle / Australia-Gangavaram] Mechanized coal conveyor breakdown causing delayed discharge at mechanized berths.,2021-03-01,AIS Congestion Tracker
461,port_congestion,Indonesia-Visakhapatnam,1,Medium,[Paradip / Indonesia-Visakhapatnam] High yard inventory utilization (>92%) slowing down discharge rates.,2023-12-13,Port Authority Circular
462,weather,Russia-Paradip,8,Medium,[Chennai / Russia-Paradip] Dense fog conditions restricting channel navigation to daylight hours only.,2021-05-09,JTWC Cyclone Warning
463,port_congestion,Mozambique-Gangavaram,11,Low,[Mundra / Mozambique-Gangavaram] High yard inventory utilization (>92%) slowing down discharge rates.,2023-06-21,Port Authority Circular
464,weather,Australia-Haldia,8,Medium,[Chennai / Australia-Haldia] Heavy monsoon swell (>4.2m) preventing safe pilot boarding at outer anchorage.,2021-11-10,JTWC Cyclone Warning
465,port_congestion,Australia-Gopalpur,2,Medium,[Visakhapatnam / Australia-Gopalpur] Tidal window restrictions combined with dredging operations causing vessel hold-ups.,2021-12-09,Port Authority Circular
466,port_congestion,Indonesia-Haldia,29,High,[Port Klang / Indonesia-Haldia] Tidal window restrictions combined with dredging operations causing vessel hold-ups.,2023-02-09,Terminal Operations Log
467,port_congestion,Australia-Mundra,32,Low,[Shanghai (Qingdao) / Australia-Mundra] Tidal window restrictions combined with dredging operations causing vessel hold-ups.,2023-12-09,AIS Congestion Tracker
468,weather,Indonesia-Dhamra,27,Low,[Vanino / Indonesia-Dhamra] Typhoon warning in South China Sea requiring southern deviation for westbound bulkers.,2021-07-19,India Meteorological Department (IMD)
469,freight_anomaly,USA-Visakhapatnam,28,Medium,[Singapore / USA-Visakhapatnam] Bunker fuel price volatility exceeds 90th percentile following crude market rally.,2024-05-13,FreightIQ Anomaly Engine
470,weather,Australia-Paradip,24,Low,[Maputo / Australia-Paradip] Heavy monsoon swell (>4.2m) preventing safe pilot boarding at outer anchorage.,2021-06-11,Marine Weather Routing Service
471,freight_anomaly,Mozambique-Gangavaram,31,Medium,[Rotterdam / Mozambique-Gangavaram] Sudden freight spike (+18% DoD) driven by tightening Capesize tonnage in Pacific basin.,2024-07-29,Baltic Exchange Market Monitor
472,port_congestion,USA-Paradip,11,Medium,[Mundra / USA-Paradip] Tidal window restrictions combined with dredging operations causing vessel hold-ups.,2021-09-21,Terminal Operations Log
473,freight_anomaly,Russia-Paradip,6,High,[Haldia / Russia-Paradip] Bunker fuel price volatility exceeds 90th percentile following crude market rally.,2022-04-01,Baltic Exchange Market Monitor
474,weather,Indonesia-Mundra,6,Low,[Haldia / Indonesia-Mundra] Heavy monsoon swell (>4.2m) preventing safe pilot boarding at outer anchorage.,2023-02-01,Marine Weather Routing Service
475,weather,Indonesia-Paradip,27,Medium,[Vanino / Indonesia-Paradip] Heavy monsoon swell (>4.2m) preventing safe pilot boarding at outer anchorage.,2021-01-16,Marine Weather Routing Service
476,freight_anomaly,Indonesia-Haldia,21,Low,[Samarinda / Indonesia-Haldia] Sudden freight spike (+18% DoD) driven by tightening Capesize tonnage in Pacific basin.,2025-02-22,Baltic Exchange Market Monitor
477,geopolitical,Mozambique-Gangavaram,4,Medium,[Dhamra / Mozambique-Gangavaram] Canal transit quota reduction increasing reservation auction premiums.,2022-01-29,Maritime Security Advisory
478,freight_anomaly,Indonesia-Mundra,17,Medium,[Newcastle / Indonesia-Mundra] Bunker fuel price volatility exceeds 90th percentile following crude market rally.,2022-06-29,Clarksons Intelligence
479,weather,Indonesia-Visakhapatnam,21,High,[Samarinda / Indonesia-Visakhapatnam] Typhoon warning in South China Sea requiring southern deviation for westbound bulkers.,2023-04-23,Marine Weather Routing Service
480,freight_anomaly,Australia-Paradip,2,Low,[Visakhapatnam / Australia-Paradip] Sudden freight spike (+18% DoD) driven by tightening Capesize tonnage in Pacific basin.,2024-12-06,Baltic Exchange Market Monitor
481,port_congestion,Australia-Dhamra,8,Low,[Chennai / Australia-Dhamra] High yard inventory utilization (>92%) slowing down discharge rates.,2022-12-22,AIS Congestion Tracker
482,weather,USA-Gangavaram,30,High,[Colombo / USA-Gangavaram] Tropical Cyclone alert issued for Bay of Bengal; port operations suspended for 48 hours.,2021-02-09,JTWC Cyclone Warning
483,port_congestion,USA-Paradip,24,Low,[Maputo / USA-Paradip] Tidal window restrictions combined with dredging operations causing vessel hold-ups.,2022-07-30,AIS Congestion Tracker
484,port_congestion,Indonesia-Dhamra,13,High,[Nhava Sheva (JNPT) / Indonesia-Dhamra] Berth queue exceeding 12 vessels; average waiting time rose to 78 hours.,2024-02-25,Terminal Operations Log
485,port_congestion,Indonesia-Paradip,4,Medium,[Dhamra / Indonesia-Paradip] Berth queue exceeding 12 vessels; average waiting time rose to 78 hours.,2025-11-03,AIS Congestion Tracker
486,freight_anomaly,USA-Gangavaram,3,Medium,[Gangavaram / USA-Gangavaram] BDI index surged 250 points following unexpected chartering volume for Queensland coal.,2024-12-27,Clarksons Intelligence
487,port_congestion,Indonesia-Visakhapatnam,30,Medium,[Colombo / Indonesia-Visakhapatnam] Tidal window restrictions combined with dredging operations causing vessel hold-ups.,2025-03-18,Terminal Operations Log
488,geopolitical,USA-Mundra,22,Medium,[Norfolk (Hampton Roads) / USA-Mundra] Red Sea security advisory prompting operators to route via Cape of Good Hope (+14 days).,2022-08-27,Lloyd's List Intelligence
489,port_congestion,India-Chennai,26,Low,[Vostochny / India-Chennai] Tidal window restrictions combined with dredging operations causing vessel hold-ups.,2021-06-15,Port Authority Circular
490,geopolitical,Indonesia-Dhamra,15,High,[Hay Point / Indonesia-Dhamra] Sanction compliance verification tightening on Far East coal flows.,2022-08-01,Ministry Trade Notice
491,freight_anomaly,Australia-Paradip,26,Low,[Vostochny / Australia-Paradip] Sudden freight spike (+18% DoD) driven by tightening Capesize tonnage in Pacific basin.,2021-08-07,FreightIQ Anomaly Engine
492,freight_anomaly,Australia-Paradip,7,Medium,[Kolkata / Australia-Paradip] Bunker fuel price volatility exceeds 90th percentile following crude market rally.,2023-07-22,Baltic Exchange Market Monitor
493,port_congestion,Indonesia-Paradip,15,Low,[Hay Point / Indonesia-Paradip] High yard inventory utilization (>92%) slowing down discharge rates.,2021-08-23,Terminal Operations Log
494,freight_anomaly,Russia-Visakhapatnam,4,Low,[Dhamra / Russia-Visakhapatnam] Bunker fuel price volatility exceeds 90th percentile following crude market rally.,2021-04-20,Clarksons Intelligence
495,weather,Australia-Gangavaram,9,Medium,[Kamarajar (Ennore) / Australia-Gangavaram] Typhoon warning in South China Sea requiring southern deviation for westbound bulkers.,2025-11-19,India Meteorological Department (IMD)
496,port_congestion,Australia-Haldia,3,Medium,[Gangavaram / Australia-Haldia] Berth queue exceeding 12 vessels; average waiting time rose to 78 hours.,2023-04-26,AIS Congestion Tracker
497,geopolitical,Australia-Mundra,12,Low,[Kandla (Deendayal) / Australia-Mundra] Export tariff modification announced by major coal-producing authority.,2022-01-13,Ministry Trade Notice
498,freight_anomaly,Mozambique-Visakhapatnam,28,Low,[Singapore / Mozambique-Visakhapatnam] Bunker fuel price volatility exceeds 90th percentile following crude market rally.,2024-10-23,Baltic Exchange Market Monitor
499,weather,Australia-Paradip,7,High,[Kolkata / Australia-Paradip] Tropical Cyclone alert issued for Bay of Bengal; port operations suspended for 48 hours.,2024-04-07,Marine Weather Routing Service
500,weather,Australia-Mundra,13,Low,[Nhava Sheva (JNPT) / Australia-Mundra] Typhoon warning in South China Sea requiring southern deviation for westbound bulkers.,2025-06-17,JTWC Cyclone Warning
501,port_congestion,USA-Gangavaram,16,Low,[Gladstone / USA-Gangavaram] High yard inventory utilization (>92%) slowing down discharge rates.,2023-03-04,Terminal Operations Log
502,port_congestion,India-Haldia,7,High,[Kolkata / India-Haldia] Tidal window restrictions combined with dredging operations causing vessel hold-ups.,2023-12-14,Port Authority Circular
503,port_congestion,USA-Gangavaram,10,Medium,[Tuticorin (V.O.C.) / USA-Gangavaram] Berth queue exceeding 12 vessels; average waiting time rose to 78 hours.,2022-08-06,Terminal Operations Log
504,port_congestion,Indonesia-Gangavaram,16,Low,[Gladstone / Indonesia-Gangavaram] Tidal window restrictions combined with dredging operations causing vessel hold-ups.,2025-11-30,Port Authority Circular
505,freight_anomaly,Indonesia-Gangavaram,25,Medium,[Beira / Indonesia-Gangavaram] Sudden freight spike (+18% DoD) driven by tightening Capesize tonnage in Pacific basin.,2025-06-15,FreightIQ Anomaly Engine
506,geopolitical,Mozambique-Paradip,20,Medium,[Tanjung Priok / Mozambique-Paradip] Red Sea security advisory prompting operators to route via Cape of Good Hope (+14 days).,2025-02-16,Ministry Trade Notice
507,geopolitical,India-Haldia,8,Medium,[Chennai / India-Haldia] Red Sea security advisory prompting operators to route via Cape of Good Hope (+14 days).,2021-05-06,Ministry Trade Notice
508,port_congestion,Australia-Haldia,6,Medium,[Haldia / Australia-Haldia] High yard inventory utilization (>92%) slowing down discharge rates.,2022-07-04,Port Authority Circular
509,freight_anomaly,Russia-Visakhapatnam,24,Medium,[Maputo / Russia-Visakhapatnam] Panamax Atlantic round voyage rates collapsed -12% on low grain demand.,2023-11-27,FreightIQ Anomaly Engine
510,weather,Australia-Visakhapatnam,24,Low,[Maputo / Australia-Visakhapatnam] Dense fog conditions restricting channel navigation to daylight hours only.,2021-10-31,India Meteorological Department (IMD)
511,port_congestion,USA-Paradip,12,Low,[Kandla (Deendayal) / USA-Paradip] Tidal window restrictions combined with dredging operations causing vessel hold-ups.,2025-04-13,Port Authority Circular
512,freight_anomaly,Indonesia-Haldia,12,Medium,[Kandla (Deendayal) / Indonesia-Haldia] Sudden freight spike (+18% DoD) driven by tightening Capesize tonnage in Pacific basin.,2022-08-18,Baltic Exchange Market Monitor
513,weather,Russia-Paradip,31,Medium,[Rotterdam / Russia-Paradip] Typhoon warning in South China Sea requiring southern deviation for westbound bulkers.,2024-11-12,India Meteorological Department (IMD)
514,port_congestion,USA-Visakhapatnam,17,Medium,[Newcastle / USA-Visakhapatnam] Berth queue exceeding 12 vessels; average waiting time rose to 78 hours.,2023-11-05,Terminal Operations Log
515,port_congestion,USA-Paradip,31,Medium,[Rotterdam / USA-Paradip] Tidal window restrictions combined with dredging operations causing vessel hold-ups.,2025-05-17,AIS Congestion Tracker
516,weather,Indonesia-Dhamra,23,Medium,[Baltimore / Indonesia-Dhamra] Heavy monsoon swell (>4.2m) preventing safe pilot boarding at outer anchorage.,2023-05-13,Marine Weather Routing Service
517,port_congestion,Indonesia-Paradip,29,High,[Port Klang / Indonesia-Paradip] Berth queue exceeding 12 vessels; average waiting time rose to 78 hours.,2024-06-10,Terminal Operations Log
518,port_congestion,Australia-Haldia,27,Medium,[Vanino / Australia-Haldia] Tidal window restrictions combined with dredging operations causing vessel hold-ups.,2024-04-29,Terminal Operations Log
519,weather,Australia-Mundra,10,Low,[Tuticorin (V.O.C.) / Australia-Mundra] Typhoon warning in South China Sea requiring southern deviation for westbound bulkers.,2021-12-23,Marine Weather Routing Service
520,port_congestion,Indonesia-Paradip,30,Medium,[Colombo / Indonesia-Paradip] Berth queue exceeding 12 vessels; average waiting time rose to 78 hours.,2024-10-05,AIS Congestion Tracker
521,freight_anomaly,Mozambique-Visakhapatnam,29,Medium,[Port Klang / Mozambique-Visakhapatnam] Sudden freight spike (+18% DoD) driven by tightening Capesize tonnage in Pacific basin.,2023-07-12,Baltic Exchange Market Monitor
522,geopolitical,Indonesia-Mundra,23,Medium,[Baltimore / Indonesia-Mundra] Red Sea security advisory prompting operators to route via Cape of Good Hope (+14 days).,2026-02-22,Ministry Trade Notice
523,freight_anomaly,Indonesia-Mundra,9,High,[Kamarajar (Ennore) / Indonesia-Mundra] Bunker fuel price volatility exceeds 90th percentile following crude market rally.,2025-11-26,Baltic Exchange Market Monitor
524,weather,Mozambique-Gangavaram,30,Medium,[Colombo / Mozambique-Gangavaram] Heavy monsoon swell (>4.2m) preventing safe pilot boarding at outer anchorage.,2025-05-29,India Meteorological Department (IMD)
525,weather,USA-Gangavaram,31,Medium,[Rotterdam / USA-Gangavaram] Tropical Cyclone alert issued for Bay of Bengal; port operations suspended for 48 hours.,2022-12-08,JTWC Cyclone Warning
526,weather,Indonesia-Paradip,12,Medium,[Kandla (Deendayal) / Indonesia-Paradip] Typhoon warning in South China Sea requiring southern deviation for westbound bulkers.,2025-12-07,Marine Weather Routing Service
527,geopolitical,Mozambique-Gangavaram,6,High,[Haldia / Mozambique-Gangavaram] Red Sea security advisory prompting operators to route via Cape of Good Hope (+14 days).,2023-09-28,Lloyd's List Intelligence
528,freight_anomaly,USA-Mundra,22,Medium,[Norfolk (Hampton Roads) / USA-Mundra] Sudden freight spike (+18% DoD) driven by tightening Capesize tonnage in Pacific basin.,2026-02-22,FreightIQ Anomaly Engine
529,freight_anomaly,Indonesia-Gangavaram,7,High,[Kolkata / Indonesia-Gangavaram] Panamax Atlantic round voyage rates collapsed -12% on low grain demand.,2022-01-11,Baltic Exchange Market Monitor
530,geopolitical,USA-Gangavaram,32,Medium,[Shanghai (Qingdao) / USA-Gangavaram] Canal transit quota reduction increasing reservation auction premiums.,2023-01-01,Ministry Trade Notice
531,port_congestion,Australia-Gopalpur,15,Medium,[Hay Point / Australia-Gopalpur] Mechanized coal conveyor breakdown causing delayed discharge at mechanized berths.,2022-01-08,AIS Congestion Tracker
532,port_congestion,Russia-Visakhapatnam,23,Medium,[Baltimore / Russia-Visakhapatnam] High yard inventory utilization (>92%) slowing down discharge rates.,2021-10-04,AIS Congestion Tracker
533,port_congestion,USA-Visakhapatnam,5,Low,[Gopalpur / USA-Visakhapatnam] High yard inventory utilization (>92%) slowing down discharge rates.,2022-10-21,AIS Congestion Tracker
534,weather,Russia-Visakhapatnam,16,Low,[Gladstone / Russia-Visakhapatnam] Typhoon warning in South China Sea requiring southern deviation for westbound bulkers.,2023-12-03,India Meteorological Department (IMD)
535,geopolitical,Indonesia-Visakhapatnam,21,Low,[Samarinda / Indonesia-Visakhapatnam] Export tariff modification announced by major coal-producing authority.,2022-12-23,Lloyd's List Intelligence
536,weather,USA-Paradip,20,High,[Tanjung Priok / USA-Paradip] Typhoon warning in South China Sea requiring southern deviation for westbound bulkers.,2021-10-02,JTWC Cyclone Warning
537,freight_anomaly,USA-Gangavaram,32,Low,[Shanghai (Qingdao) / USA-Gangavaram] Sudden freight spike (+18% DoD) driven by tightening Capesize tonnage in Pacific basin.,2025-09-08,Clarksons Intelligence
538,port_congestion,Australia-Gopalpur,2,High,[Visakhapatnam / Australia-Gopalpur] Tidal window restrictions combined with dredging operations causing vessel hold-ups.,2025-05-10,Port Authority Circular
539,port_congestion,USA-Paradip,28,Medium,[Singapore / USA-Paradip] Mechanized coal conveyor breakdown causing delayed discharge at mechanized berths.,2023-11-05,Terminal Operations Log
540,port_congestion,USA-Mundra,28,High,[Singapore / USA-Mundra] High yard inventory utilization (>92%) slowing down discharge rates.,2021-11-22,Port Authority Circular
541,freight_anomaly,Australia-Dhamra,12,High,[Kandla (Deendayal) / Australia-Dhamra] BDI index surged 250 points following unexpected chartering volume for Queensland coal.,2021-06-15,FreightIQ Anomaly Engine
542,weather,Mozambique-Visakhapatnam,16,Medium,[Gladstone / Mozambique-Visakhapatnam] Typhoon warning in South China Sea requiring southern deviation for westbound bulkers.,2025-01-07,Marine Weather Routing Service
543,freight_anomaly,Indonesia-Haldia,19,Low,[Balikpapan / Indonesia-Haldia] BDI index surged 250 points following unexpected chartering volume for Queensland coal.,2025-06-30,FreightIQ Anomaly Engine
544,port_congestion,Russia-Visakhapatnam,17,Medium,[Newcastle / Russia-Visakhapatnam] Berth queue exceeding 12 vessels; average waiting time rose to 78 hours.,2024-11-04,AIS Congestion Tracker
545,port_congestion,Russia-Paradip,13,Low,[Nhava Sheva (JNPT) / Russia-Paradip] Tidal window restrictions combined with dredging operations causing vessel hold-ups.,2023-05-01,Terminal Operations Log
546,weather,USA-Paradip,4,Medium,[Dhamra / USA-Paradip] Typhoon warning in South China Sea requiring southern deviation for westbound bulkers.,2022-05-13,India Meteorological Department (IMD)
547,weather,Australia-Haldia,13,Low,[Nhava Sheva (JNPT) / Australia-Haldia] Heavy monsoon swell (>4.2m) preventing safe pilot boarding at outer anchorage.,2023-12-12,India Meteorological Department (IMD)
548,weather,Russia-Visakhapatnam,4,Medium,[Dhamra / Russia-Visakhapatnam] Typhoon warning in South China Sea requiring southern deviation for westbound bulkers.,2025-09-06,Marine Weather Routing Service
549,freight_anomaly,Australia-Mundra,15,Low,[Hay Point / Australia-Mundra] Bunker fuel price volatility exceeds 90th percentile following crude market rally.,2021-11-08,FreightIQ Anomaly Engine
550,port_congestion,Australia-Gopalpur,1,High,[Paradip / Australia-Gopalpur] High yard inventory utilization (>92%) slowing down discharge rates.,2024-10-08,Port Authority Circular
551,weather,USA-Visakhapatnam,20,Low,[Tanjung Priok / USA-Visakhapatnam] Dense fog conditions restricting channel navigation to daylight hours only.,2024-06-29,Marine Weather Routing Service
552,geopolitical,Australia-Dhamra,15,High,[Hay Point / Australia-Dhamra] Red Sea security advisory prompting operators to route via Cape of Good Hope (+14 days).,2021-01-11,Lloyd's List Intelligence
553,weather,Australia-Gopalpur,5,Medium,[Gopalpur / Australia-Gopalpur] Typhoon warning in South China Sea requiring southern deviation for westbound bulkers.,2021-10-11,India Meteorological Department (IMD)
554,freight_anomaly,Mozambique-Paradip,20,High,[Tanjung Priok / Mozambique-Paradip] Panamax Atlantic round voyage rates collapsed -12% on low grain demand.,2025-09-18,Clarksons Intelligence
555,freight_anomaly,USA-Gangavaram,16,High,[Gladstone / USA-Gangavaram] Sudden freight spike (+18% DoD) driven by tightening Capesize tonnage in Pacific basin.,2025-08-19,Baltic Exchange Market Monitor
556,weather,Russia-Paradip,29,Low,[Port Klang / Russia-Paradip] Tropical Cyclone alert issued for Bay of Bengal; port operations suspended for 48 hours.,2021-02-19,India Meteorological Department (IMD)
557,freight_anomaly,Australia-Dhamra,29,Medium,[Port Klang / Australia-Dhamra] Bunker fuel price volatility exceeds 90th percentile following crude market rally.,2024-04-27,FreightIQ Anomaly Engine
558,port_congestion,Australia-Dhamra,21,High,[Samarinda / Australia-Dhamra] High yard inventory utilization (>92%) slowing down discharge rates.,2023-12-30,AIS Congestion Tracker
559,weather,Australia-Paradip,8,Low,[Chennai / Australia-Paradip] Typhoon warning in South China Sea requiring southern deviation for westbound bulkers.,2023-10-02,India Meteorological Department (IMD)
560,freight_anomaly,Australia-Paradip,13,Medium,[Nhava Sheva (JNPT) / Australia-Paradip] BDI index surged 250 points following unexpected chartering volume for Queensland coal.,2022-02-05,Clarksons Intelligence
561,weather,Australia-Paradip,32,Low,[Shanghai (Qingdao) / Australia-Paradip] Heavy monsoon swell (>4.2m) preventing safe pilot boarding at outer anchorage.,2025-01-29,JTWC Cyclone Warning
562,port_congestion,Indonesia-Gangavaram,2,Low,[Visakhapatnam / Indonesia-Gangavaram] High yard inventory utilization (>92%) slowing down discharge rates.,2021-04-06,Terminal Operations Log
563,weather,India-Haldia,27,Low,[Vanino / India-Haldia] Heavy monsoon swell (>4.2m) preventing safe pilot boarding at outer anchorage.,2021-02-17,Marine Weather Routing Service
564,freight_anomaly,Australia-Dhamra,24,Low,[Maputo / Australia-Dhamra] Panamax Atlantic round voyage rates collapsed -12% on low grain demand.,2025-05-30,Clarksons Intelligence
565,geopolitical,USA-Mundra,13,Medium,[Nhava Sheva (JNPT) / USA-Mundra] Red Sea security advisory prompting operators to route via Cape of Good Hope (+14 days).,2025-02-05,Maritime Security Advisory
566,geopolitical,Russia-Paradip,6,Low,[Haldia / Russia-Paradip] Canal transit quota reduction increasing reservation auction premiums.,2025-01-14,Ministry Trade Notice
567,freight_anomaly,USA-Gangavaram,25,Medium,[Beira / USA-Gangavaram] Sudden freight spike (+18% DoD) driven by tightening Capesize tonnage in Pacific basin.,2022-09-28,FreightIQ Anomaly Engine
568,weather,India-Haldia,18,Medium,[Port Hedland / India-Haldia] Typhoon warning in South China Sea requiring southern deviation for westbound bulkers.,2021-04-20,Marine Weather Routing Service
569,geopolitical,Mozambique-Paradip,9,Medium,[Kamarajar (Ennore) / Mozambique-Paradip] Export tariff modification announced by major coal-producing authority.,2024-01-13,Maritime Security Advisory
570,weather,Australia-Paradip,23,High,[Baltimore / Australia-Paradip] Typhoon warning in South China Sea requiring southern deviation for westbound bulkers.,2025-06-22,Marine Weather Routing Service
571,port_congestion,Indonesia-Visakhapatnam,12,Low,[Kandla (Deendayal) / Indonesia-Visakhapatnam] Tidal window restrictions combined with dredging operations causing vessel hold-ups.,2023-04-26,Terminal Operations Log
572,freight_anomaly,Russia-Visakhapatnam,21,Medium,[Samarinda / Russia-Visakhapatnam] Sudden freight spike (+18% DoD) driven by tightening Capesize tonnage in Pacific basin.,2022-07-23,Clarksons Intelligence
573,geopolitical,Indonesia-Visakhapatnam,23,Medium,[Baltimore / Indonesia-Visakhapatnam] Canal transit quota reduction increasing reservation auction premiums.,2024-05-09,Ministry Trade Notice
574,weather,Mozambique-Paradip,29,Low,[Port Klang / Mozambique-Paradip] Typhoon warning in South China Sea requiring southern deviation for westbound bulkers.,2021-09-07,Marine Weather Routing Service
575,port_congestion,India-Chennai,12,Low,[Kandla (Deendayal) / India-Chennai] Mechanized coal conveyor breakdown causing delayed discharge at mechanized berths.,2022-10-25,Terminal Operations Log
576,weather,Mozambique-Paradip,9,Low,[Kamarajar (Ennore) / Mozambique-Paradip] Dense fog conditions restricting channel navigation to daylight hours only.,2021-02-01,Marine Weather Routing Service
577,freight_anomaly,USA-Visakhapatnam,24,High,[Maputo / USA-Visakhapatnam] Panamax Atlantic round voyage rates collapsed -12% on low grain demand.,2023-04-04,Baltic Exchange Market Monitor
578,port_congestion,India-Haldia,22,Low,[Norfolk (Hampton Roads) / India-Haldia] Tidal window restrictions combined with dredging operations causing vessel hold-ups.,2024-06-15,AIS Congestion Tracker
579,weather,Indonesia-Visakhapatnam,2,Medium,[Visakhapatnam / Indonesia-Visakhapatnam] Tropical Cyclone alert issued for Bay of Bengal; port operations suspended for 48 hours.,2025-09-01,Marine Weather Routing Service
580,weather,USA-Paradip,26,Low,[Vostochny / USA-Paradip] Dense fog conditions restricting channel navigation to daylight hours only.,2025-03-27,JTWC Cyclone Warning
581,weather,Australia-Paradip,13,Medium,[Nhava Sheva (JNPT) / Australia-Paradip] Heavy monsoon swell (>4.2m) preventing safe pilot boarding at outer anchorage.,2021-02-17,India Meteorological Department (IMD)
582,freight_anomaly,USA-Mundra,31,High,[Rotterdam / USA-Mundra] BDI index surged 250 points following unexpected chartering volume for Queensland coal.,2024-10-10,Clarksons Intelligence
583,port_congestion,USA-Gangavaram,2,Medium,[Visakhapatnam / USA-Gangavaram] High yard inventory utilization (>92%) slowing down discharge rates.,2022-10-29,AIS Congestion Tracker
584,port_congestion,Indonesia-Visakhapatnam,23,High,[Baltimore / Indonesia-Visakhapatnam] High yard inventory utilization (>92%) slowing down discharge rates.,2021-06-25,Port Authority Circular
585,geopolitical,Mozambique-Paradip,1,Medium,[Paradip / Mozambique-Paradip] Canal transit quota reduction increasing reservation auction premiums.,2021-07-29,Ministry Trade Notice
586,port_congestion,Mozambique-Paradip,24,Low,[Maputo / Mozambique-Paradip] High yard inventory utilization (>92%) slowing down discharge rates.,2025-08-23,Port Authority Circular
587,port_congestion,India-Chennai,31,Medium,[Rotterdam / India-Chennai] Mechanized coal conveyor breakdown causing delayed discharge at mechanized berths.,2023-05-26,AIS Congestion Tracker
588,freight_anomaly,Russia-Paradip,13,Medium,[Nhava Sheva (JNPT) / Russia-Paradip] BDI index surged 250 points following unexpected chartering volume for Queensland coal.,2022-01-07,Clarksons Intelligence
589,weather,India-Chennai,10,Low,[Tuticorin (V.O.C.) / India-Chennai] Typhoon warning in South China Sea requiring southern deviation for westbound bulkers.,2021-02-01,JTWC Cyclone Warning
590,weather,Indonesia-Dhamra,11,High,[Mundra / Indonesia-Dhamra] Dense fog conditions restricting channel navigation to daylight hours only.,2023-03-28,India Meteorological Department (IMD)
591,weather,Indonesia-Gangavaram,25,Medium,[Beira / Indonesia-Gangavaram] Heavy monsoon swell (>4.2m) preventing safe pilot boarding at outer anchorage.,2022-06-17,India Meteorological Department (IMD)
592,port_congestion,India-Haldia,9,Low,[Kamarajar (Ennore) / India-Haldia] Berth queue exceeding 12 vessels; average waiting time rose to 78 hours.,2024-01-17,Terminal Operations Log
593,weather,USA-Mundra,9,Low,[Kamarajar (Ennore) / USA-Mundra] Dense fog conditions restricting channel navigation to daylight hours only.,2022-08-15,India Meteorological Department (IMD)
594,port_congestion,Indonesia-Mundra,22,Medium,[Norfolk (Hampton Roads) / Indonesia-Mundra] Berth queue exceeding 12 vessels; average waiting time rose to 78 hours.,2022-01-01,Terminal Operations Log
595,weather,Australia-Dhamra,27,High,[Vanino / Australia-Dhamra] Typhoon warning in South China Sea requiring southern deviation for westbound bulkers.,2022-03-27,JTWC Cyclone Warning
596,geopolitical,India-Haldia,16,Medium,[Gladstone / India-Haldia] Canal transit quota reduction increasing reservation auction premiums.,2024-10-28,Lloyd's List Intelligence
597,port_congestion,USA-Visakhapatnam,10,High,[Tuticorin (V.O.C.) / USA-Visakhapatnam] Tidal window restrictions combined with dredging operations causing vessel hold-ups.,2021-03-10,Port Authority Circular
598,port_congestion,USA-Mundra,17,Low,[Newcastle / USA-Mundra] Berth queue exceeding 12 vessels; average waiting time rose to 78 hours.,2023-01-05,Terminal Operations Log
599,port_congestion,Indonesia-Haldia,18,Medium,[Port Hedland / Indonesia-Haldia] High yard inventory utilization (>92%) slowing down discharge rates.,2022-08-08,AIS Congestion Tracker
600,port_congestion,Australia-Dhamra,9,Medium,[Kamarajar (Ennore) / Australia-Dhamra] Tidal window restrictions combined with dredging operations causing vessel hold-ups.,2021-07-09,Port Authority Circular
601,weather,Australia-Mundra,29,Medium,[Port Klang / Australia-Mundra] Dense fog conditions restricting channel navigation to daylight hours only.,2023-03-18,JTWC Cyclone Warning
602,port_congestion,Australia-Haldia,12,Low,[Kandla (Deendayal) / Australia-Haldia] Tidal window restrictions combined with dredging operations causing vessel hold-ups.,2025-05-30,Terminal Operations Log
603,geopolitical,Indonesia-Gangavaram,25,Low,[Beira / Indonesia-Gangavaram] Export tariff modification announced by major coal-producing authority.,2021-03-17,Lloyd's List Intelligence
604,freight_anomaly,USA-Visakhapatnam,15,High,[Hay Point / USA-Visakhapatnam] BDI index surged 250 points following unexpected chartering volume for Queensland coal.,2022-07-19,FreightIQ Anomaly Engine
605,weather,Australia-Paradip,4,Medium,[Dhamra / Australia-Paradip] Dense fog conditions restricting channel navigation to daylight hours only.,2022-10-17,JTWC Cyclone Warning
606,port_congestion,USA-Paradip,24,Medium,[Maputo / USA-Paradip] Berth queue exceeding 12 vessels; average waiting time rose to 78 hours.,2023-06-23,Terminal Operations Log
607,port_congestion,India-Chennai,4,Medium,[Dhamra / India-Chennai] Berth queue exceeding 12 vessels; average waiting time rose to 78 hours.,2022-05-17,Port Authority Circular
608,port_congestion,India-Chennai,27,High,[Vanino / India-Chennai] Mechanized coal conveyor breakdown causing delayed discharge at mechanized berths.,2023-06-08,Port Authority Circular
609,port_congestion,Australia-Paradip,8,Low,[Chennai / Australia-Paradip] Tidal window restrictions combined with dredging operations causing vessel hold-ups.,2022-08-29,Terminal Operations Log
610,geopolitical,USA-Paradip,22,Low,[Norfolk (Hampton Roads) / USA-Paradip] Red Sea security advisory prompting operators to route via Cape of Good Hope (+14 days).,2021-09-08,Lloyd's List Intelligence
611,freight_anomaly,USA-Paradip,24,Medium,[Maputo / USA-Paradip] BDI index surged 250 points following unexpected chartering volume for Queensland coal.,2025-02-12,FreightIQ Anomaly Engine
612,weather,Australia-Haldia,20,Medium,[Tanjung Priok / Australia-Haldia] Heavy monsoon swell (>4.2m) preventing safe pilot boarding at outer anchorage.,2024-01-25,JTWC Cyclone Warning
613,weather,USA-Paradip,20,Low,[Tanjung Priok / USA-Paradip] Heavy monsoon swell (>4.2m) preventing safe pilot boarding at outer anchorage.,2023-02-11,JTWC Cyclone Warning
614,port_congestion,Indonesia-Mundra,30,Medium,[Colombo / Indonesia-Mundra] Mechanized coal conveyor breakdown causing delayed discharge at mechanized berths.,2025-04-27,AIS Congestion Tracker
615,port_congestion,Indonesia-Paradip,27,Medium,[Vanino / Indonesia-Paradip] High yard inventory utilization (>92%) slowing down discharge rates.,2026-01-04,Port Authority Circular
616,geopolitical,Australia-Gangavaram,6,Low,[Haldia / Australia-Gangavaram] Export tariff modification announced by major coal-producing authority.,2021-04-11,Ministry Trade Notice
617,geopolitical,Russia-Visakhapatnam,28,Low,[Singapore / Russia-Visakhapatnam] Red Sea security advisory prompting operators to route via Cape of Good Hope (+14 days).,2021-08-15,Maritime Security Advisory
618,freight_anomaly,Indonesia-Mundra,27,Medium,[Vanino / Indonesia-Mundra] Sudden freight spike (+18% DoD) driven by tightening Capesize tonnage in Pacific basin.,2025-07-12,Baltic Exchange Market Monitor
619,freight_anomaly,Australia-Visakhapatnam,23,High,[Baltimore / Australia-Visakhapatnam] Bunker fuel price volatility exceeds 90th percentile following crude market rally.,2021-08-26,Baltic Exchange Market Monitor
620,weather,Australia-Mundra,10,Low,[Tuticorin (V.O.C.) / Australia-Mundra] Typhoon warning in South China Sea requiring southern deviation for westbound bulkers.,2022-10-09,India Meteorological Department (IMD)
621,port_congestion,Australia-Gopalpur,31,Medium,[Rotterdam / Australia-Gopalpur] Tidal window restrictions combined with dredging operations causing vessel hold-ups.,2023-04-01,Terminal Operations Log
622,weather,Australia-Haldia,31,High,[Rotterdam / Australia-Haldia] Typhoon warning in South China Sea requiring southern deviation for westbound bulkers.,2021-06-28,Marine Weather Routing Service
623,freight_anomaly,India-Haldia,11,Medium,[Mundra / India-Haldia] Sudden freight spike (+18% DoD) driven by tightening Capesize tonnage in Pacific basin.,2022-11-19,FreightIQ Anomaly Engine
624,port_congestion,Russia-Paradip,29,Low,[Port Klang / Russia-Paradip] Berth queue exceeding 12 vessels; average waiting time rose to 78 hours.,2022-05-25,AIS Congestion Tracker
625,port_congestion,USA-Visakhapatnam,12,High,[Kandla (Deendayal) / USA-Visakhapatnam] Tidal window restrictions combined with dredging operations causing vessel hold-ups.,2023-12-04,Port Authority Circular
626,freight_anomaly,Russia-Paradip,29,Low,[Port Klang / Russia-Paradip] Sudden freight spike (+18% DoD) driven by tightening Capesize tonnage in Pacific basin.,2021-04-24,FreightIQ Anomaly Engine
627,port_congestion,Mozambique-Paradip,32,Low,[Shanghai (Qingdao) / Mozambique-Paradip] High yard inventory utilization (>92%) slowing down discharge rates.,2025-02-18,AIS Congestion Tracker
628,geopolitical,Australia-Gopalpur,7,Low,[Kolkata / Australia-Gopalpur] Canal transit quota reduction increasing reservation auction premiums.,2024-05-10,Maritime Security Advisory
629,geopolitical,Australia-Dhamra,23,High,[Baltimore / Australia-Dhamra] Sanction compliance verification tightening on Far East coal flows.,2025-03-23,Maritime Security Advisory
630,freight_anomaly,Mozambique-Paradip,31,Low,[Rotterdam / Mozambique-Paradip] Bunker fuel price volatility exceeds 90th percentile following crude market rally.,2022-01-25,Clarksons Intelligence
631,weather,USA-Paradip,4,Medium,[Dhamra / USA-Paradip] Typhoon warning in South China Sea requiring southern deviation for westbound bulkers.,2024-09-16,Marine Weather Routing Service
632,port_congestion,Australia-Visakhapatnam,14,Low,[Cochin / Australia-Visakhapatnam] Berth queue exceeding 12 vessels; average waiting time rose to 78 hours.,2022-04-03,Terminal Operations Log
633,port_congestion,USA-Mundra,1,Medium,[Paradip / USA-Mundra] High yard inventory utilization (>92%) slowing down discharge rates.,2021-02-15,AIS Congestion Tracker
634,freight_anomaly,USA-Mundra,28,Medium,[Singapore / USA-Mundra] Sudden freight spike (+18% DoD) driven by tightening Capesize tonnage in Pacific basin.,2023-06-08,FreightIQ Anomaly Engine
635,port_congestion,Mozambique-Paradip,3,Medium,[Gangavaram / Mozambique-Paradip] High yard inventory utilization (>92%) slowing down discharge rates.,2024-06-11,AIS Congestion Tracker
636,weather,Australia-Dhamra,24,High,[Maputo / Australia-Dhamra] Dense fog conditions restricting channel navigation to daylight hours only.,2022-04-09,India Meteorological Department (IMD)
637,weather,Russia-Visakhapatnam,29,Low,[Port Klang / Russia-Visakhapatnam] Typhoon warning in South China Sea requiring southern deviation for westbound bulkers.,2024-03-23,India Meteorological Department (IMD)
638,port_congestion,India-Haldia,28,Low,[Singapore / India-Haldia] High yard inventory utilization (>92%) slowing down discharge rates.,2021-04-10,Terminal Operations Log
639,geopolitical,Indonesia-Haldia,26,High,[Vostochny / Indonesia-Haldia] Red Sea security advisory prompting operators to route via Cape of Good Hope (+14 days).,2024-12-02,Lloyd's List Intelligence
640,freight_anomaly,Australia-Paradip,31,Medium,[Rotterdam / Australia-Paradip] Sudden freight spike (+18% DoD) driven by tightening Capesize tonnage in Pacific basin.,2024-07-13,FreightIQ Anomaly Engine
641,weather,India-Haldia,2,High,[Visakhapatnam / India-Haldia] Tropical Cyclone alert issued for Bay of Bengal; port operations suspended for 48 hours.,2025-04-27,JTWC Cyclone Warning
642,weather,Indonesia-Paradip,31,High,[Rotterdam / Indonesia-Paradip] Heavy monsoon swell (>4.2m) preventing safe pilot boarding at outer anchorage.,2025-12-08,Marine Weather Routing Service
643,weather,Australia-Gopalpur,10,Medium,[Tuticorin (V.O.C.) / Australia-Gopalpur] Tropical Cyclone alert issued for Bay of Bengal; port operations suspended for 48 hours.,2025-02-12,India Meteorological Department (IMD)
644,port_congestion,Russia-Paradip,19,Low,[Balikpapan / Russia-Paradip] Tidal window restrictions combined with dredging operations causing vessel hold-ups.,2025-11-29,AIS Congestion Tracker
645,freight_anomaly,USA-Gangavaram,20,Low,[Tanjung Priok / USA-Gangavaram] Sudden freight spike (+18% DoD) driven by tightening Capesize tonnage in Pacific basin.,2023-11-12,FreightIQ Anomaly Engine
646,geopolitical,Australia-Paradip,31,Low,[Rotterdam / Australia-Paradip] Sanction compliance verification tightening on Far East coal flows.,2025-10-12,Maritime Security Advisory
647,port_congestion,Australia-Haldia,19,Medium,[Balikpapan / Australia-Haldia] Berth queue exceeding 12 vessels; average waiting time rose to 78 hours.,2021-07-02,Terminal Operations Log
648,weather,Mozambique-Paradip,32,Medium,[Shanghai (Qingdao) / Mozambique-Paradip] Tropical Cyclone alert issued for Bay of Bengal; port operations suspended for 48 hours.,2025-06-08,JTWC Cyclone Warning
649,port_congestion,Australia-Gangavaram,17,Medium,[Newcastle / Australia-Gangavaram] High yard inventory utilization (>92%) slowing down discharge rates.,2025-08-16,Port Authority Circular
650,weather,Indonesia-Paradip,5,High,[Gopalpur / Indonesia-Paradip] Typhoon warning in South China Sea requiring southern deviation for westbound bulkers.,2025-07-13,JTWC Cyclone Warning
651,geopolitical,Australia-Gopalpur,3,Low,[Gangavaram / Australia-Gopalpur] Sanction compliance verification tightening on Far East coal flows.,2022-02-03,Lloyd's List Intelligence
652,freight_anomaly,Mozambique-Gangavaram,28,Medium,[Singapore / Mozambique-Gangavaram] Bunker fuel price volatility exceeds 90th percentile following crude market rally.,2021-10-18,Baltic Exchange Market Monitor
653,freight_anomaly,Indonesia-Mundra,30,Medium,[Colombo / Indonesia-Mundra] Panamax Atlantic round voyage rates collapsed -12% on low grain demand.,2022-06-18,Clarksons Intelligence
654,port_congestion,Indonesia-Dhamra,8,High,[Chennai / Indonesia-Dhamra] Tidal window restrictions combined with dredging operations causing vessel hold-ups.,2022-02-02,Port Authority Circular
655,port_congestion,Indonesia-Mundra,13,Low,[Nhava Sheva (JNPT) / Indonesia-Mundra] Berth queue exceeding 12 vessels; average waiting time rose to 78 hours.,2021-08-08,AIS Congestion Tracker
656,port_congestion,Australia-Visakhapatnam,4,Medium,[Dhamra / Australia-Visakhapatnam] Tidal window restrictions combined with dredging operations causing vessel hold-ups.,2024-12-25,Terminal Operations Log
657,port_congestion,Australia-Gangavaram,1,High,[Paradip / Australia-Gangavaram] Berth queue exceeding 12 vessels; average waiting time rose to 78 hours.,2025-05-28,Terminal Operations Log
658,port_congestion,Mozambique-Paradip,30,Medium,[Colombo / Mozambique-Paradip] Mechanized coal conveyor breakdown causing delayed discharge at mechanized berths.,2021-07-06,Port Authority Circular
659,port_congestion,Australia-Paradip,23,Low,[Baltimore / Australia-Paradip] Mechanized coal conveyor breakdown causing delayed discharge at mechanized berths.,2022-03-21,Terminal Operations Log
660,freight_anomaly,Australia-Paradip,14,Medium,[Cochin / Australia-Paradip] BDI index surged 250 points following unexpected chartering volume for Queensland coal.,2021-05-08,FreightIQ Anomaly Engine
661,geopolitical,USA-Visakhapatnam,6,High,[Haldia / USA-Visakhapatnam] Sanction compliance verification tightening on Far East coal flows.,2023-02-15,Maritime Security Advisory
662,weather,Mozambique-Paradip,32,Low,[Shanghai (Qingdao) / Mozambique-Paradip] Typhoon warning in South China Sea requiring southern deviation for westbound bulkers.,2026-01-23,Marine Weather Routing Service
663,geopolitical,India-Chennai,28,Low,[Singapore / India-Chennai] Sanction compliance verification tightening on Far East coal flows.,2022-12-30,Maritime Security Advisory
664,freight_anomaly,Australia-Visakhapatnam,15,High,[Hay Point / Australia-Visakhapatnam] Bunker fuel price volatility exceeds 90th percentile following crude market rally.,2024-05-27,Baltic Exchange Market Monitor
665,freight_anomaly,India-Chennai,31,Medium,[Rotterdam / India-Chennai] Bunker fuel price volatility exceeds 90th percentile following crude market rally.,2025-10-24,FreightIQ Anomaly Engine
666,port_congestion,Australia-Paradip,7,Low,[Kolkata / Australia-Paradip] Tidal window restrictions combined with dredging operations causing vessel hold-ups.,2022-08-20,Port Authority Circular
667,geopolitical,Australia-Haldia,16,Medium,[Gladstone / Australia-Haldia] Red Sea security advisory prompting operators to route via Cape of Good Hope (+14 days).,2025-03-02,Maritime Security Advisory
668,weather,Indonesia-Mundra,14,High,[Cochin / Indonesia-Mundra] Typhoon warning in South China Sea requiring southern deviation for westbound bulkers.,2024-09-06,India Meteorological Department (IMD)
669,freight_anomaly,Australia-Gangavaram,15,Low,[Hay Point / Australia-Gangavaram] Sudden freight spike (+18% DoD) driven by tightening Capesize tonnage in Pacific basin.,2024-04-22,FreightIQ Anomaly Engine
670,freight_anomaly,India-Haldia,29,Low,[Port Klang / India-Haldia] Panamax Atlantic round voyage rates collapsed -12% on low grain demand.,2025-07-27,Clarksons Intelligence
671,weather,India-Chennai,7,Low,[Kolkata / India-Chennai] Dense fog conditions restricting channel navigation to daylight hours only.,2023-10-28,JTWC Cyclone Warning
672,geopolitical,Australia-Mundra,23,Low,[Baltimore / Australia-Mundra] Red Sea security advisory prompting operators to route via Cape of Good Hope (+14 days).,2022-06-06,Ministry Trade Notice
673,freight_anomaly,Indonesia-Haldia,19,Medium,[Balikpapan / Indonesia-Haldia] Panamax Atlantic round voyage rates collapsed -12% on low grain demand.,2025-03-27,FreightIQ Anomaly Engine
674,freight_anomaly,Russia-Visakhapatnam,30,Medium,[Colombo / Russia-Visakhapatnam] Panamax Atlantic round voyage rates collapsed -12% on low grain demand.,2022-12-29,FreightIQ Anomaly Engine
675,freight_anomaly,Mozambique-Paradip,11,Low,[Mundra / Mozambique-Paradip] Bunker fuel price volatility exceeds 90th percentile following crude market rally.,2023-06-07,Baltic Exchange Market Monitor
676,geopolitical,India-Chennai,12,Low,[Kandla (Deendayal) / India-Chennai] Sanction compliance verification tightening on Far East coal flows.,2021-09-25,Ministry Trade Notice
677,port_congestion,Indonesia-Visakhapatnam,23,Medium,[Baltimore / Indonesia-Visakhapatnam] Berth queue exceeding 12 vessels; average waiting time rose to 78 hours.,2021-04-28,Port Authority Circular
678,weather,USA-Mundra,19,Medium,[Balikpapan / USA-Mundra] Tropical Cyclone alert issued for Bay of Bengal; port operations suspended for 48 hours.,2024-09-16,India Meteorological Department (IMD)
679,freight_anomaly,Indonesia-Mundra,19,Medium,[Balikpapan / Indonesia-Mundra] BDI index surged 250 points following unexpected chartering volume for Queensland coal.,2022-05-21,Clarksons Intelligence
680,geopolitical,Russia-Visakhapatnam,11,Medium,[Mundra / Russia-Visakhapatnam] Red Sea security advisory prompting operators to route via Cape of Good Hope (+14 days).,2025-12-19,Maritime Security Advisory
681,geopolitical,USA-Mundra,26,High,[Vostochny / USA-Mundra] Sanction compliance verification tightening on Far East coal flows.,2021-12-29,Lloyd's List Intelligence
682,port_congestion,Indonesia-Visakhapatnam,24,Low,[Maputo / Indonesia-Visakhapatnam] Berth queue exceeding 12 vessels; average waiting time rose to 78 hours.,2025-08-06,Port Authority Circular
683,port_congestion,Indonesia-Dhamra,2,Low,[Visakhapatnam / Indonesia-Dhamra] Tidal window restrictions combined with dredging operations causing vessel hold-ups.,2025-02-02,Terminal Operations Log
684,weather,Australia-Gangavaram,20,Medium,[Tanjung Priok / Australia-Gangavaram] Heavy monsoon swell (>4.2m) preventing safe pilot boarding at outer anchorage.,2021-06-19,JTWC Cyclone Warning
685,freight_anomaly,Australia-Visakhapatnam,8,Low,[Chennai / Australia-Visakhapatnam] Panamax Atlantic round voyage rates collapsed -12% on low grain demand.,2025-01-08,FreightIQ Anomaly Engine
686,freight_anomaly,Mozambique-Gangavaram,26,Low,[Vostochny / Mozambique-Gangavaram] Sudden freight spike (+18% DoD) driven by tightening Capesize tonnage in Pacific basin.,2023-07-09,Baltic Exchange Market Monitor
687,freight_anomaly,Australia-Gangavaram,24,Low,[Maputo / Australia-Gangavaram] Panamax Atlantic round voyage rates collapsed -12% on low grain demand.,2021-03-08,Baltic Exchange Market Monitor
688,port_congestion,Australia-Gopalpur,30,Medium,[Colombo / Australia-Gopalpur] Tidal window restrictions combined with dredging operations causing vessel hold-ups.,2022-03-08,Port Authority Circular
689,port_congestion,USA-Mundra,19,Low,[Balikpapan / USA-Mundra] Berth queue exceeding 12 vessels; average waiting time rose to 78 hours.,2023-10-28,Terminal Operations Log
690,freight_anomaly,Indonesia-Paradip,26,Low,[Vostochny / Indonesia-Paradip] BDI index surged 250 points following unexpected chartering volume for Queensland coal.,2023-02-12,Clarksons Intelligence
691,geopolitical,Indonesia-Mundra,30,Low,[Colombo / Indonesia-Mundra] Red Sea security advisory prompting operators to route via Cape of Good Hope (+14 days).,2022-11-23,Ministry Trade Notice
692,geopolitical,India-Haldia,11,Low,[Mundra / India-Haldia] Canal transit quota reduction increasing reservation auction premiums.,2023-12-16,Maritime Security Advisory
693,freight_anomaly,Russia-Visakhapatnam,14,Low,[Cochin / Russia-Visakhapatnam] Panamax Atlantic round voyage rates collapsed -12% on low grain demand.,2023-09-04,FreightIQ Anomaly Engine
694,freight_anomaly,Indonesia-Visakhapatnam,4,Low,[Dhamra / Indonesia-Visakhapatnam] BDI index surged 250 points following unexpected chartering volume for Queensland coal.,2024-01-29,Baltic Exchange Market Monitor
695,geopolitical,USA-Gangavaram,24,Medium,[Maputo / USA-Gangavaram] Export tariff modification announced by major coal-producing authority.,2023-06-17,Lloyd's List Intelligence
696,port_congestion,USA-Gangavaram,23,Low,[Baltimore / USA-Gangavaram] Tidal window restrictions combined with dredging operations causing vessel hold-ups.,2021-06-26,Port Authority Circular
697,freight_anomaly,Russia-Visakhapatnam,21,Low,[Samarinda / Russia-Visakhapatnam] Panamax Atlantic round voyage rates collapsed -12% on low grain demand.,2023-03-26,Clarksons Intelligence
698,port_congestion,Indonesia-Paradip,23,Medium,[Baltimore / Indonesia-Paradip] Tidal window restrictions combined with dredging operations causing vessel hold-ups.,2025-08-26,Port Authority Circular
699,freight_anomaly,Australia-Gopalpur,32,Medium,[Shanghai (Qingdao) / Australia-Gopalpur] Panamax Atlantic round voyage rates collapsed -12% on low grain demand.,2023-08-28,Baltic Exchange Market Monitor
700,weather,Australia-Mundra,17,High,[Newcastle / Australia-Mundra] Dense fog conditions restricting channel navigation to daylight hours only.,2021-01-18,JTWC Cyclone Warning
701,port_congestion,Indonesia-Haldia,5,Low,[Gopalpur / Indonesia-Haldia] Tidal window restrictions combined with dredging operations causing vessel hold-ups.,2025-06-21,Terminal Operations Log
702,weather,Russia-Visakhapatnam,17,Low,[Newcastle / Russia-Visakhapatnam] Tropical Cyclone alert issued for Bay of Bengal; port operations suspended for 48 hours.,2024-09-01,India Meteorological Department (IMD)
703,freight_anomaly,India-Chennai,27,High,[Vanino / India-Chennai] Bunker fuel price volatility exceeds 90th percentile following crude market rally.,2023-06-10,Baltic Exchange Market Monitor
704,port_congestion,Australia-Mundra,12,Medium,[Kandla (Deendayal) / Australia-Mundra] Berth queue exceeding 12 vessels; average waiting time rose to 78 hours.,2024-04-16,Terminal Operations Log
705,freight_anomaly,Mozambique-Visakhapatnam,26,Medium,[Vostochny / Mozambique-Visakhapatnam] BDI index surged 250 points following unexpected chartering volume for Queensland coal.,2022-04-04,FreightIQ Anomaly Engine
706,freight_anomaly,Mozambique-Paradip,7,Medium,[Kolkata / Mozambique-Paradip] Bunker fuel price volatility exceeds 90th percentile following crude market rally.,2024-08-14,Baltic Exchange Market Monitor
707,geopolitical,USA-Visakhapatnam,8,Medium,[Chennai / USA-Visakhapatnam] Canal transit quota reduction increasing reservation auction premiums.,2023-03-24,Ministry Trade Notice
708,port_congestion,Indonesia-Gangavaram,16,Low,[Gladstone / Indonesia-Gangavaram] High yard inventory utilization (>92%) slowing down discharge rates.,2024-05-20,Port Authority Circular
709,port_congestion,Mozambique-Paradip,13,Low,[Nhava Sheva (JNPT) / Mozambique-Paradip] Tidal window restrictions combined with dredging operations causing vessel hold-ups.,2022-08-04,Port Authority Circular
710,freight_anomaly,Mozambique-Visakhapatnam,30,High,[Colombo / Mozambique-Visakhapatnam] BDI index surged 250 points following unexpected chartering volume for Queensland coal.,2024-12-27,Clarksons Intelligence
711,geopolitical,USA-Mundra,29,High,[Port Klang / USA-Mundra] Sanction compliance verification tightening on Far East coal flows.,2021-10-20,Ministry Trade Notice
712,port_congestion,USA-Paradip,4,Low,[Dhamra / USA-Paradip] Berth queue exceeding 12 vessels; average waiting time rose to 78 hours.,2023-04-18,AIS Congestion Tracker
713,weather,Mozambique-Visakhapatnam,4,Low,[Dhamra / Mozambique-Visakhapatnam] Dense fog conditions restricting channel navigation to daylight hours only.,2022-03-22,Marine Weather Routing Service
714,port_congestion,USA-Gangavaram,27,Low,[Vanino / USA-Gangavaram] High yard inventory utilization (>92%) slowing down discharge rates.,2023-03-21,Terminal Operations Log
715,geopolitical,Russia-Paradip,20,Medium,[Tanjung Priok / Russia-Paradip] Canal transit quota reduction increasing reservation auction premiums.,2022-07-09,Ministry Trade Notice
716,weather,India-Chennai,5,High,[Gopalpur / India-Chennai] Typhoon warning in South China Sea requiring southern deviation for westbound bulkers.,2022-07-17,Marine Weather Routing Service
717,port_congestion,Australia-Dhamra,1,Medium,[Paradip / Australia-Dhamra] Tidal window restrictions combined with dredging operations causing vessel hold-ups.,2025-11-27,Port Authority Circular
718,geopolitical,Australia-Dhamra,16,High,[Gladstone / Australia-Dhamra] Red Sea security advisory prompting operators to route via Cape of Good Hope (+14 days).,2023-06-23,Maritime Security Advisory
719,geopolitical,Indonesia-Gangavaram,32,High,[Shanghai (Qingdao) / Indonesia-Gangavaram] Export tariff modification announced by major coal-producing authority.,2023-09-03,Ministry Trade Notice
720,weather,Russia-Paradip,8,High,[Chennai / Russia-Paradip] Tropical Cyclone alert issued for Bay of Bengal; port operations suspended for 48 hours.,2024-01-12,India Meteorological Department (IMD)
721,weather,Australia-Haldia,25,Medium,[Beira / Australia-Haldia] Typhoon warning in South China Sea requiring southern deviation for westbound bulkers.,2021-11-05,India Meteorological Department (IMD)
722,port_congestion,Mozambique-Paradip,28,Medium,[Singapore / Mozambique-Paradip] High yard inventory utilization (>92%) slowing down discharge rates.,2025-06-15,Terminal Operations Log
723,freight_anomaly,Indonesia-Mundra,30,Medium,[Colombo / Indonesia-Mundra] Sudden freight spike (+18% DoD) driven by tightening Capesize tonnage in Pacific basin.,2022-03-26,Baltic Exchange Market Monitor
724,freight_anomaly,Indonesia-Dhamra,10,Low,[Tuticorin (V.O.C.) / Indonesia-Dhamra] Sudden freight spike (+18% DoD) driven by tightening Capesize tonnage in Pacific basin.,2022-01-24,Baltic Exchange Market Monitor
725,port_congestion,Australia-Gangavaram,10,Medium,[Tuticorin (V.O.C.) / Australia-Gangavaram] Berth queue exceeding 12 vessels; average waiting time rose to 78 hours.,2024-12-05,AIS Congestion Tracker
726,port_congestion,Indonesia-Haldia,7,Low,[Kolkata / Indonesia-Haldia] Berth queue exceeding 12 vessels; average waiting time rose to 78 hours.,2023-08-14,Terminal Operations Log
727,freight_anomaly,Indonesia-Paradip,7,Low,[Kolkata / Indonesia-Paradip] Bunker fuel price volatility exceeds 90th percentile following crude market rally.,2024-08-29,FreightIQ Anomaly Engine
728,weather,Mozambique-Visakhapatnam,4,Low,[Dhamra / Mozambique-Visakhapatnam] Typhoon warning in South China Sea requiring southern deviation for westbound bulkers.,2024-10-28,Marine Weather Routing Service
729,weather,Australia-Paradip,6,Medium,[Haldia / Australia-Paradip] Tropical Cyclone alert issued for Bay of Bengal; port operations suspended for 48 hours.,2022-07-11,JTWC Cyclone Warning
730,port_congestion,Australia-Gopalpur,5,High,[Gopalpur / Australia-Gopalpur] Berth queue exceeding 12 vessels; average waiting time rose to 78 hours.,2024-09-22,Terminal Operations Log
731,port_congestion,Indonesia-Haldia,12,Medium,[Kandla (Deendayal) / Indonesia-Haldia] High yard inventory utilization (>92%) slowing down discharge rates.,2023-02-07,Terminal Operations Log
732,freight_anomaly,Australia-Mundra,13,Low,[Nhava Sheva (JNPT) / Australia-Mundra] Panamax Atlantic round voyage rates collapsed -12% on low grain demand.,2022-07-10,Baltic Exchange Market Monitor
733,geopolitical,India-Haldia,2,Medium,[Visakhapatnam / India-Haldia] Red Sea security advisory prompting operators to route via Cape of Good Hope (+14 days).,2021-01-11,Maritime Security Advisory
734,port_congestion,Mozambique-Paradip,28,Low,[Singapore / Mozambique-Paradip] Berth queue exceeding 12 vessels; average waiting time rose to 78 hours.,2022-05-01,Port Authority Circular
735,port_congestion,Indonesia-Mundra,5,Medium,[Gopalpur / Indonesia-Mundra] Tidal window restrictions combined with dredging operations causing vessel hold-ups.,2024-10-04,Terminal Operations Log
736,weather,Mozambique-Visakhapatnam,19,Low,[Balikpapan / Mozambique-Visakhapatnam] Tropical Cyclone alert issued for Bay of Bengal; port operations suspended for 48 hours.,2024-09-14,India Meteorological Department (IMD)
737,port_congestion,Indonesia-Dhamra,6,Medium,[Haldia / Indonesia-Dhamra] Mechanized coal conveyor breakdown causing delayed discharge at mechanized berths.,2021-08-03,AIS Congestion Tracker
738,port_congestion,Australia-Visakhapatnam,31,Medium,[Rotterdam / Australia-Visakhapatnam] Mechanized coal conveyor breakdown causing delayed discharge at mechanized berths.,2024-04-11,AIS Congestion Tracker
739,port_congestion,Russia-Visakhapatnam,1,Low,[Paradip / Russia-Visakhapatnam] High yard inventory utilization (>92%) slowing down discharge rates.,2022-09-25,AIS Congestion Tracker
740,geopolitical,Mozambique-Visakhapatnam,29,Low,[Port Klang / Mozambique-Visakhapatnam] Canal transit quota reduction increasing reservation auction premiums.,2025-07-11,Lloyd's List Intelligence
741,port_congestion,Mozambique-Gangavaram,20,Medium,[Tanjung Priok / Mozambique-Gangavaram] High yard inventory utilization (>92%) slowing down discharge rates.,2025-11-28,Port Authority Circular
742,weather,India-Chennai,27,Low,[Vanino / India-Chennai] Dense fog conditions restricting channel navigation to daylight hours only.,2025-09-21,Marine Weather Routing Service
743,port_congestion,Indonesia-Dhamra,16,Low,[Gladstone / Indonesia-Dhamra] High yard inventory utilization (>92%) slowing down discharge rates.,2023-11-20,AIS Congestion Tracker
744,weather,USA-Visakhapatnam,20,Medium,[Tanjung Priok / USA-Visakhapatnam] Typhoon warning in South China Sea requiring southern deviation for westbound bulkers.,2023-01-14,JTWC Cyclone Warning
745,port_congestion,Mozambique-Paradip,9,High,[Kamarajar (Ennore) / Mozambique-Paradip] High yard inventory utilization (>92%) slowing down discharge rates.,2021-06-25,Terminal Operations Log
746,weather,Russia-Visakhapatnam,25,Low,[Beira / Russia-Visakhapatnam] Dense fog conditions restricting channel navigation to daylight hours only.,2023-03-04,JTWC Cyclone Warning
747,weather,Russia-Paradip,32,Low,[Shanghai (Qingdao) / Russia-Paradip] Dense fog conditions restricting channel navigation to daylight hours only.,2024-09-16,JTWC Cyclone Warning
748,weather,Australia-Gangavaram,9,Medium,[Kamarajar (Ennore) / Australia-Gangavaram] Typhoon warning in South China Sea requiring southern deviation for westbound bulkers.,2022-10-25,Marine Weather Routing Service
749,geopolitical,Indonesia-Gangavaram,12,Medium,[Kandla (Deendayal) / Indonesia-Gangavaram] Red Sea security advisory prompting operators to route via Cape of Good Hope (+14 days).,2025-09-03,Maritime Security Advisory
750,weather,Mozambique-Visakhapatnam,23,Medium,[Baltimore / Mozambique-Visakhapatnam] Dense fog conditions restricting channel navigation to daylight hours only.,2022-09-17,India Meteorological Department (IMD)
751,freight_anomaly,India-Chennai,6,Low,[Haldia / India-Chennai] Panamax Atlantic round voyage rates collapsed -12% on low grain demand.,2023-07-04,FreightIQ Anomaly Engine
752,weather,Mozambique-Paradip,25,Low,[Beira / Mozambique-Paradip] Typhoon warning in South China Sea requiring southern deviation for westbound bulkers.,2024-01-16,India Meteorological Department (IMD)
753,freight_anomaly,Australia-Haldia,1,Medium,[Paradip / Australia-Haldia] BDI index surged 250 points following unexpected chartering volume for Queensland coal.,2023-11-02,Clarksons Intelligence
754,freight_anomaly,Australia-Dhamra,25,High,[Beira / Australia-Dhamra] Panamax Atlantic round voyage rates collapsed -12% on low grain demand.,2025-11-15,Baltic Exchange Market Monitor
755,weather,USA-Mundra,29,Low,[Port Klang / USA-Mundra] Typhoon warning in South China Sea requiring southern deviation for westbound bulkers.,2022-01-11,India Meteorological Department (IMD)
756,weather,Australia-Visakhapatnam,20,Low,[Tanjung Priok / Australia-Visakhapatnam] Typhoon warning in South China Sea requiring southern deviation for westbound bulkers.,2022-03-03,Marine Weather Routing Service
757,freight_anomaly,Indonesia-Gangavaram,23,High,[Baltimore / Indonesia-Gangavaram] Sudden freight spike (+18% DoD) driven by tightening Capesize tonnage in Pacific basin.,2021-05-04,Baltic Exchange Market Monitor
758,port_congestion,USA-Gangavaram,23,Low,[Baltimore / USA-Gangavaram] Mechanized coal conveyor breakdown causing delayed discharge at mechanized berths.,2023-12-20,Terminal Operations Log
759,freight_anomaly,Indonesia-Dhamra,17,Medium,[Newcastle / Indonesia-Dhamra] Panamax Atlantic round voyage rates collapsed -12% on low grain demand.,2022-09-19,Clarksons Intelligence
760,geopolitical,Russia-Visakhapatnam,10,High,[Tuticorin (V.O.C.) / Russia-Visakhapatnam] Sanction compliance verification tightening on Far East coal flows.,2025-03-04,Ministry Trade Notice
761,port_congestion,Australia-Haldia,31,Medium,[Rotterdam / Australia-Haldia] Berth queue exceeding 12 vessels; average waiting time rose to 78 hours.,2024-07-16,AIS Congestion Tracker
762,weather,Mozambique-Visakhapatnam,15,Low,[Hay Point / Mozambique-Visakhapatnam] Tropical Cyclone alert issued for Bay of Bengal; port operations suspended for 48 hours.,2025-07-02,JTWC Cyclone Warning
763,port_congestion,Mozambique-Paradip,3,Low,[Gangavaram / Mozambique-Paradip] Mechanized coal conveyor breakdown causing delayed discharge at mechanized berths.,2024-07-25,Terminal Operations Log
764,freight_anomaly,USA-Paradip,18,Low,[Port Hedland / USA-Paradip] Panamax Atlantic round voyage rates collapsed -12% on low grain demand.,2021-07-30,Clarksons Intelligence
765,port_congestion,USA-Visakhapatnam,17,Low,[Newcastle / USA-Visakhapatnam] High yard inventory utilization (>92%) slowing down discharge rates.,2026-01-19,Terminal Operations Log
766,geopolitical,Mozambique-Paradip,3,Low,[Gangavaram / Mozambique-Paradip] Export tariff modification announced by major coal-producing authority.,2024-03-21,Lloyd's List Intelligence
767,port_congestion,USA-Paradip,13,Medium,[Nhava Sheva (JNPT) / USA-Paradip] Tidal window restrictions combined with dredging operations causing vessel hold-ups.,2025-09-19,Port Authority Circular
768,geopolitical,Australia-Paradip,25,Medium,[Beira / Australia-Paradip] Export tariff modification announced by major coal-producing authority.,2025-03-23,Maritime Security Advisory
769,port_congestion,USA-Visakhapatnam,7,Medium,[Kolkata / USA-Visakhapatnam] Mechanized coal conveyor breakdown causing delayed discharge at mechanized berths.,2022-05-30,Port Authority Circular
770,weather,Indonesia-Paradip,12,Medium,[Kandla (Deendayal) / Indonesia-Paradip] Typhoon warning in South China Sea requiring southern deviation for westbound bulkers.,2025-11-19,Marine Weather Routing Service
771,port_congestion,Indonesia-Haldia,25,Low,[Beira / Indonesia-Haldia] Tidal window restrictions combined with dredging operations causing vessel hold-ups.,2023-07-13,Port Authority Circular
772,port_congestion,Indonesia-Paradip,23,Medium,[Baltimore / Indonesia-Paradip] Berth queue exceeding 12 vessels; average waiting time rose to 78 hours.,2024-08-10,AIS Congestion Tracker
773,freight_anomaly,India-Haldia,1,Medium,[Paradip / India-Haldia] Bunker fuel price volatility exceeds 90th percentile following crude market rally.,2023-01-16,FreightIQ Anomaly Engine
774,port_congestion,Russia-Paradip,6,Medium,[Haldia / Russia-Paradip] Berth queue exceeding 12 vessels; average waiting time rose to 78 hours.,2023-04-21,AIS Congestion Tracker
775,freight_anomaly,USA-Gangavaram,7,Low,[Kolkata / USA-Gangavaram] Panamax Atlantic round voyage rates collapsed -12% on low grain demand.,2023-03-05,Baltic Exchange Market Monitor
776,geopolitical,Mozambique-Gangavaram,25,High,[Beira / Mozambique-Gangavaram] Export tariff modification announced by major coal-producing authority.,2023-04-04,Lloyd's List Intelligence
777,geopolitical,Mozambique-Paradip,10,Medium,[Tuticorin (V.O.C.) / Mozambique-Paradip] Sanction compliance verification tightening on Far East coal flows.,2024-10-17,Lloyd's List Intelligence
778,geopolitical,USA-Visakhapatnam,24,Medium,[Maputo / USA-Visakhapatnam] Export tariff modification announced by major coal-producing authority.,2022-06-26,Lloyd's List Intelligence
779,port_congestion,Australia-Haldia,21,Medium,[Samarinda / Australia-Haldia] Berth queue exceeding 12 vessels; average waiting time rose to 78 hours.,2021-07-08,AIS Congestion Tracker
780,freight_anomaly,Mozambique-Gangavaram,18,Low,[Port Hedland / Mozambique-Gangavaram] BDI index surged 250 points following unexpected chartering volume for Queensland coal.,2024-06-28,FreightIQ Anomaly Engine
781,geopolitical,Russia-Paradip,13,Low,[Nhava Sheva (JNPT) / Russia-Paradip] Export tariff modification announced by major coal-producing authority.,2025-03-08,Ministry Trade Notice
782,weather,Indonesia-Paradip,11,Low,[Mundra / Indonesia-Paradip] Dense fog conditions restricting channel navigation to daylight hours only.,2023-05-19,India Meteorological Department (IMD)
783,port_congestion,Mozambique-Visakhapatnam,9,Medium,[Kamarajar (Ennore) / Mozambique-Visakhapatnam] Berth queue exceeding 12 vessels; average waiting time rose to 78 hours.,2024-11-20,AIS Congestion Tracker
784,port_congestion,India-Haldia,13,Medium,[Nhava Sheva (JNPT) / India-Haldia] Berth queue exceeding 12 vessels; average waiting time rose to 78 hours.,2025-07-05,Port Authority Circular
785,freight_anomaly,India-Haldia,15,Medium,[Hay Point / India-Haldia] BDI index surged 250 points following unexpected chartering volume for Queensland coal.,2022-03-08,Clarksons Intelligence
786,weather,USA-Mundra,4,High,[Dhamra / USA-Mundra] Typhoon warning in South China Sea requiring southern deviation for westbound bulkers.,2021-03-06,JTWC Cyclone Warning
787,port_congestion,Indonesia-Haldia,6,Low,[Haldia / Indonesia-Haldia] Mechanized coal conveyor breakdown causing delayed discharge at mechanized berths.,2022-11-09,Terminal Operations Log
788,freight_anomaly,Mozambique-Gangavaram,13,Medium,[Nhava Sheva (JNPT) / Mozambique-Gangavaram] Panamax Atlantic round voyage rates collapsed -12% on low grain demand.,2025-04-28,Clarksons Intelligence
789,freight_anomaly,Mozambique-Paradip,7,Low,[Kolkata / Mozambique-Paradip] Sudden freight spike (+18% DoD) driven by tightening Capesize tonnage in Pacific basin.,2024-03-29,Clarksons Intelligence
790,weather,Australia-Paradip,1,Low,[Paradip / Australia-Paradip] Typhoon warning in South China Sea requiring southern deviation for westbound bulkers.,2023-05-17,JTWC Cyclone Warning
791,port_congestion,Australia-Haldia,14,Medium,[Cochin / Australia-Haldia] Mechanized coal conveyor breakdown causing delayed discharge at mechanized berths.,2026-02-10,AIS Congestion Tracker
792,freight_anomaly,Indonesia-Gangavaram,5,Low,[Gopalpur / Indonesia-Gangavaram] BDI index surged 250 points following unexpected chartering volume for Queensland coal.,2025-11-29,Clarksons Intelligence
793,port_congestion,Indonesia-Dhamra,11,Medium,[Mundra / Indonesia-Dhamra] Mechanized coal conveyor breakdown causing delayed discharge at mechanized berths.,2023-08-09,Port Authority Circular
794,weather,USA-Gangavaram,3,Medium,[Gangavaram / USA-Gangavaram] Heavy monsoon swell (>4.2m) preventing safe pilot boarding at outer anchorage.,2022-07-19,JTWC Cyclone Warning
795,geopolitical,USA-Paradip,5,Low,[Gopalpur / USA-Paradip] Canal transit quota reduction increasing reservation auction premiums.,2023-07-02,Maritime Security Advisory
796,weather,Indonesia-Visakhapatnam,22,Low,[Norfolk (Hampton Roads) / Indonesia-Visakhapatnam] Dense fog conditions restricting channel navigation to daylight hours only.,2022-05-01,Marine Weather Routing Service
797,geopolitical,Australia-Dhamra,19,Low,[Balikpapan / Australia-Dhamra] Canal transit quota reduction increasing reservation auction premiums.,2024-09-19,Ministry Trade Notice
798,port_congestion,USA-Gangavaram,11,Medium,[Mundra / USA-Gangavaram] High yard inventory utilization (>92%) slowing down discharge rates.,2025-01-12,AIS Congestion Tracker
799,geopolitical,Australia-Gangavaram,22,Medium,[Norfolk (Hampton Roads) / Australia-Gangavaram] Export tariff modification announced by major coal-producing authority.,2024-06-17,Ministry Trade Notice
800,geopolitical,Mozambique-Visakhapatnam,6,High,[Haldia / Mozambique-Visakhapatnam] Red Sea security advisory prompting operators to route via Cape of Good Hope (+14 days).,2022-02-10,Maritime Security Advisory
801,freight_anomaly,Mozambique-Gangavaram,31,Medium,[Rotterdam / Mozambique-Gangavaram] Sudden freight spike (+18% DoD) driven by tightening Capesize tonnage in Pacific basin.,2023-04-26,Baltic Exchange Market Monitor
802,weather,Australia-Mundra,12,Low,[Kandla (Deendayal) / Australia-Mundra] Typhoon warning in South China Sea requiring southern deviation for westbound bulkers.,2025-08-11,JTWC Cyclone Warning
803,geopolitical,Indonesia-Dhamra,16,Low,[Gladstone / Indonesia-Dhamra] Red Sea security advisory prompting operators to route via Cape of Good Hope (+14 days).,2025-03-24,Ministry Trade Notice
804,port_congestion,Australia-Mundra,4,High,[Dhamra / Australia-Mundra] Tidal window restrictions combined with dredging operations causing vessel hold-ups.,2023-05-26,Terminal Operations Log
805,weather,Indonesia-Dhamra,22,Medium,[Norfolk (Hampton Roads) / Indonesia-Dhamra] Heavy monsoon swell (>4.2m) preventing safe pilot boarding at outer anchorage.,2021-04-19,India Meteorological Department (IMD)
806,weather,Mozambique-Paradip,26,Low,[Vostochny / Mozambique-Paradip] Dense fog conditions restricting channel navigation to daylight hours only.,2021-11-27,Marine Weather Routing Service
807,weather,Indonesia-Mundra,16,Low,[Gladstone / Indonesia-Mundra] Tropical Cyclone alert issued for Bay of Bengal; port operations suspended for 48 hours.,2021-04-29,JTWC Cyclone Warning
808,weather,USA-Gangavaram,22,Low,[Norfolk (Hampton Roads) / USA-Gangavaram] Dense fog conditions restricting channel navigation to daylight hours only.,2022-03-07,Marine Weather Routing Service
809,geopolitical,Russia-Paradip,23,Medium,[Baltimore / Russia-Paradip] Export tariff modification announced by major coal-producing authority.,2021-06-12,Lloyd's List Intelligence
810,weather,Indonesia-Paradip,29,Medium,[Port Klang / Indonesia-Paradip] Tropical Cyclone alert issued for Bay of Bengal; port operations suspended for 48 hours.,2025-06-17,Marine Weather Routing Service
811,weather,USA-Mundra,24,Low,[Maputo / USA-Mundra] Typhoon warning in South China Sea requiring southern deviation for westbound bulkers.,2025-03-31,India Meteorological Department (IMD)
812,geopolitical,USA-Paradip,1,Low,[Paradip / USA-Paradip] Red Sea security advisory prompting operators to route via Cape of Good Hope (+14 days).,2025-03-12,Lloyd's List Intelligence
813,port_congestion,Russia-Visakhapatnam,24,Medium,[Maputo / Russia-Visakhapatnam] Tidal window restrictions combined with dredging operations causing vessel hold-ups.,2026-01-20,AIS Congestion Tracker
814,port_congestion,Mozambique-Visakhapatnam,19,Low,[Balikpapan / Mozambique-Visakhapatnam] High yard inventory utilization (>92%) slowing down discharge rates.,2022-01-16,Port Authority Circular
815,geopolitical,Mozambique-Visakhapatnam,16,Low,[Gladstone / Mozambique-Visakhapatnam] Export tariff modification announced by major coal-producing authority.,2022-12-05,Maritime Security Advisory
816,port_congestion,USA-Paradip,11,Low,[Mundra / USA-Paradip] High yard inventory utilization (>92%) slowing down discharge rates.,2024-08-02,Terminal Operations Log
817,port_congestion,Indonesia-Paradip,20,Low,[Tanjung Priok / Indonesia-Paradip] High yard inventory utilization (>92%) slowing down discharge rates.,2021-12-05,Port Authority Circular
818,weather,Australia-Haldia,21,Low,[Samarinda / Australia-Haldia] Heavy monsoon swell (>4.2m) preventing safe pilot boarding at outer anchorage.,2022-05-16,Marine Weather Routing Service
819,port_congestion,USA-Visakhapatnam,15,Low,[Hay Point / USA-Visakhapatnam] Berth queue exceeding 12 vessels; average waiting time rose to 78 hours.,2021-08-31,Port Authority Circular
820,geopolitical,Indonesia-Mundra,29,Low,[Port Klang / Indonesia-Mundra] Red Sea security advisory prompting operators to route via Cape of Good Hope (+14 days).,2025-04-12,Maritime Security Advisory
821,port_congestion,Mozambique-Visakhapatnam,9,High,[Kamarajar (Ennore) / Mozambique-Visakhapatnam] Mechanized coal conveyor breakdown causing delayed discharge at mechanized berths.,2021-07-14,Terminal Operations Log
822,freight_anomaly,Russia-Paradip,24,Medium,[Maputo / Russia-Paradip] Panamax Atlantic round voyage rates collapsed -12% on low grain demand.,2022-07-01,FreightIQ Anomaly Engine
823,port_congestion,Indonesia-Paradip,17,Low,[Newcastle / Indonesia-Paradip] Mechanized coal conveyor breakdown causing delayed discharge at mechanized berths.,2022-10-14,AIS Congestion Tracker
824,port_congestion,USA-Mundra,8,High,[Chennai / USA-Mundra] Berth queue exceeding 12 vessels; average waiting time rose to 78 hours.,2024-03-18,Terminal Operations Log
825,freight_anomaly,Indonesia-Gangavaram,19,Low,[Balikpapan / Indonesia-Gangavaram] Panamax Atlantic round voyage rates collapsed -12% on low grain demand.,2021-01-19,Clarksons Intelligence
826,port_congestion,USA-Gangavaram,26,Low,[Vostochny / USA-Gangavaram] Tidal window restrictions combined with dredging operations causing vessel hold-ups.,2021-10-28,Port Authority Circular
827,weather,Australia-Mundra,28,Medium,[Singapore / Australia-Mundra] Typhoon warning in South China Sea requiring southern deviation for westbound bulkers.,2022-08-01,India Meteorological Department (IMD)
828,freight_anomaly,India-Chennai,13,Medium,[Nhava Sheva (JNPT) / India-Chennai] BDI index surged 250 points following unexpected chartering volume for Queensland coal.,2025-09-12,Baltic Exchange Market Monitor
829,freight_anomaly,Mozambique-Gangavaram,32,Medium,[Shanghai (Qingdao) / Mozambique-Gangavaram] Sudden freight spike (+18% DoD) driven by tightening Capesize tonnage in Pacific basin.,2021-10-08,FreightIQ Anomaly Engine
830,port_congestion,Indonesia-Haldia,24,Low,[Maputo / Indonesia-Haldia] High yard inventory utilization (>92%) slowing down discharge rates.,2022-01-25,Terminal Operations Log
831,geopolitical,Mozambique-Gangavaram,3,High,[Gangavaram / Mozambique-Gangavaram] Export tariff modification announced by major coal-producing authority.,2022-08-15,Ministry Trade Notice
832,weather,USA-Mundra,26,Medium,[Vostochny / USA-Mundra] Dense fog conditions restricting channel navigation to daylight hours only.,2022-01-10,Marine Weather Routing Service
833,weather,Australia-Visakhapatnam,22,High,[Norfolk (Hampton Roads) / Australia-Visakhapatnam] Tropical Cyclone alert issued for Bay of Bengal; port operations suspended for 48 hours.,2025-11-28,Marine Weather Routing Service
834,weather,Australia-Mundra,3,High,[Gangavaram / Australia-Mundra] Dense fog conditions restricting channel navigation to daylight hours only.,2025-01-26,India Meteorological Department (IMD)
835,geopolitical,Mozambique-Paradip,25,Medium,[Beira / Mozambique-Paradip] Sanction compliance verification tightening on Far East coal flows.,2023-02-21,Lloyd's List Intelligence
836,freight_anomaly,USA-Paradip,1,Medium,[Paradip / USA-Paradip] BDI index surged 250 points following unexpected chartering volume for Queensland coal.,2021-06-06,FreightIQ Anomaly Engine
837,port_congestion,Indonesia-Mundra,12,Medium,[Kandla (Deendayal) / Indonesia-Mundra] Tidal window restrictions combined with dredging operations causing vessel hold-ups.,2021-10-02,Port Authority Circular
838,weather,Russia-Visakhapatnam,27,Medium,[Vanino / Russia-Visakhapatnam] Tropical Cyclone alert issued for Bay of Bengal; port operations suspended for 48 hours.,2021-11-27,India Meteorological Department (IMD)
839,freight_anomaly,Australia-Gangavaram,28,High,[Singapore / Australia-Gangavaram] Panamax Atlantic round voyage rates collapsed -12% on low grain demand.,2021-07-19,Clarksons Intelligence
840,freight_anomaly,Mozambique-Paradip,11,Low,[Mundra / Mozambique-Paradip] BDI index surged 250 points following unexpected chartering volume for Queensland coal.,2024-01-25,Baltic Exchange Market Monitor
841,weather,USA-Visakhapatnam,22,High,[Norfolk (Hampton Roads) / USA-Visakhapatnam] Tropical Cyclone alert issued for Bay of Bengal; port operations suspended for 48 hours.,2023-09-16,India Meteorological Department (IMD)
842,geopolitical,Australia-Gangavaram,22,Medium,[Norfolk (Hampton Roads) / Australia-Gangavaram] Canal transit quota reduction increasing reservation auction premiums.,2025-12-07,Ministry Trade Notice
843,port_congestion,Indonesia-Mundra,4,Low,[Dhamra / Indonesia-Mundra] Tidal window restrictions combined with dredging operations causing vessel hold-ups.,2025-07-13,Terminal Operations Log
844,weather,India-Haldia,24,Low,[Maputo / India-Haldia] Heavy monsoon swell (>4.2m) preventing safe pilot boarding at outer anchorage.,2023-09-07,Marine Weather Routing Service
845,port_congestion,Indonesia-Gangavaram,1,High,[Paradip / Indonesia-Gangavaram] Berth queue exceeding 12 vessels; average waiting time rose to 78 hours.,2021-07-23,Terminal Operations Log
846,geopolitical,Australia-Haldia,25,Medium,[Beira / Australia-Haldia] Export tariff modification announced by major coal-producing authority.,2023-03-24,Maritime Security Advisory
847,port_congestion,Australia-Paradip,10,Low,[Tuticorin (V.O.C.) / Australia-Paradip] High yard inventory utilization (>92%) slowing down discharge rates.,2025-04-07,AIS Congestion Tracker
848,port_congestion,Mozambique-Paradip,3,Low,[Gangavaram / Mozambique-Paradip] High yard inventory utilization (>92%) slowing down discharge rates.,2023-11-03,Terminal Operations Log
849,port_congestion,Russia-Visakhapatnam,6,Medium,[Haldia / Russia-Visakhapatnam] Tidal window restrictions combined with dredging operations causing vessel hold-ups.,2024-09-18,Port Authority Circular
850,freight_anomaly,USA-Gangavaram,7,Medium,[Kolkata / USA-Gangavaram] Bunker fuel price volatility exceeds 90th percentile following crude market rally.,2025-08-14,Clarksons Intelligence
851,geopolitical,Mozambique-Visakhapatnam,2,High,[Visakhapatnam / Mozambique-Visakhapatnam] Canal transit quota reduction increasing reservation auction premiums.,2026-01-08,Maritime Security Advisory
852,weather,USA-Visakhapatnam,1,High,[Paradip / USA-Visakhapatnam] Dense fog conditions restricting channel navigation to daylight hours only.,2022-08-19,India Meteorological Department (IMD)
853,weather,Mozambique-Gangavaram,17,Medium,[Newcastle / Mozambique-Gangavaram] Tropical Cyclone alert issued for Bay of Bengal; port operations suspended for 48 hours.,2023-04-17,JTWC Cyclone Warning
854,port_congestion,Mozambique-Gangavaram,12,Low,[Kandla (Deendayal) / Mozambique-Gangavaram] High yard inventory utilization (>92%) slowing down discharge rates.,2022-07-03,Port Authority Circular
855,weather,Mozambique-Gangavaram,27,Medium,[Vanino / Mozambique-Gangavaram] Heavy monsoon swell (>4.2m) preventing safe pilot boarding at outer anchorage.,2023-04-17,JTWC Cyclone Warning
856,freight_anomaly,Indonesia-Visakhapatnam,29,High,[Port Klang / Indonesia-Visakhapatnam] Bunker fuel price volatility exceeds 90th percentile following crude market rally.,2025-01-13,FreightIQ Anomaly Engine
857,port_congestion,Australia-Gangavaram,15,Medium,[Hay Point / Australia-Gangavaram] Berth queue exceeding 12 vessels; average waiting time rose to 78 hours.,2025-03-30,Terminal Operations Log
858,geopolitical,Australia-Mundra,30,Low,[Colombo / Australia-Mundra] Sanction compliance verification tightening on Far East coal flows.,2024-07-22,Ministry Trade Notice
859,weather,Australia-Gopalpur,7,Low,[Kolkata / Australia-Gopalpur] Tropical Cyclone alert issued for Bay of Bengal; port operations suspended for 48 hours.,2024-12-28,India Meteorological Department (IMD)
860,port_congestion,Indonesia-Visakhapatnam,30,Low,[Colombo / Indonesia-Visakhapatnam] Mechanized coal conveyor breakdown causing delayed discharge at mechanized berths.,2021-06-25,Port Authority Circular
861,freight_anomaly,Australia-Dhamra,14,Low,[Cochin / Australia-Dhamra] Sudden freight spike (+18% DoD) driven by tightening Capesize tonnage in Pacific basin.,2024-09-11,FreightIQ Anomaly Engine
862,freight_anomaly,Russia-Paradip,12,Medium,[Kandla (Deendayal) / Russia-Paradip] Bunker fuel price volatility exceeds 90th percentile following crude market rally.,2024-09-10,FreightIQ Anomaly Engine
863,port_congestion,USA-Mundra,13,Medium,[Nhava Sheva (JNPT) / USA-Mundra] Tidal window restrictions combined with dredging operations causing vessel hold-ups.,2024-12-25,Port Authority Circular
864,port_congestion,Australia-Gopalpur,10,High,[Tuticorin (V.O.C.) / Australia-Gopalpur] Mechanized coal conveyor breakdown causing delayed discharge at mechanized berths.,2023-04-15,Port Authority Circular
865,weather,Australia-Haldia,14,Medium,[Cochin / Australia-Haldia] Tropical Cyclone alert issued for Bay of Bengal; port operations suspended for 48 hours.,2023-01-23,India Meteorological Department (IMD)
866,weather,Indonesia-Haldia,3,Low,[Gangavaram / Indonesia-Haldia] Heavy monsoon swell (>4.2m) preventing safe pilot boarding at outer anchorage.,2023-02-26,Marine Weather Routing Service
867,port_congestion,Australia-Mundra,23,Medium,[Baltimore / Australia-Mundra] Tidal window restrictions combined with dredging operations causing vessel hold-ups.,2023-01-07,AIS Congestion Tracker
868,geopolitical,Indonesia-Dhamra,31,Medium,[Rotterdam / Indonesia-Dhamra] Canal transit quota reduction increasing reservation auction premiums.,2023-02-18,Maritime Security Advisory
869,port_congestion,Mozambique-Gangavaram,15,Medium,[Hay Point / Mozambique-Gangavaram] Tidal window restrictions combined with dredging operations causing vessel hold-ups.,2022-01-12,Terminal Operations Log
870,port_congestion,India-Haldia,24,Low,[Maputo / India-Haldia] Mechanized coal conveyor breakdown causing delayed discharge at mechanized berths.,2024-04-05,Port Authority Circular
871,weather,Australia-Haldia,11,Low,[Mundra / Australia-Haldia] Heavy monsoon swell (>4.2m) preventing safe pilot boarding at outer anchorage.,2022-02-11,India Meteorological Department (IMD)
872,port_congestion,Indonesia-Haldia,11,Low,[Mundra / Indonesia-Haldia] Berth queue exceeding 12 vessels; average waiting time rose to 78 hours.,2021-04-13,Port Authority Circular
873,port_congestion,Australia-Paradip,4,Medium,[Dhamra / Australia-Paradip] High yard inventory utilization (>92%) slowing down discharge rates.,2023-10-26,Port Authority Circular
874,freight_anomaly,Mozambique-Visakhapatnam,25,Medium,[Beira / Mozambique-Visakhapatnam] Panamax Atlantic round voyage rates collapsed -12% on low grain demand.,2026-02-09,FreightIQ Anomaly Engine
875,geopolitical,USA-Mundra,2,Medium,[Visakhapatnam / USA-Mundra] Red Sea security advisory prompting operators to route via Cape of Good Hope (+14 days).,2025-02-26,Maritime Security Advisory
876,freight_anomaly,Indonesia-Mundra,23,Low,[Baltimore / Indonesia-Mundra] BDI index surged 250 points following unexpected chartering volume for Queensland coal.,2021-05-01,Baltic Exchange Market Monitor
877,port_congestion,USA-Mundra,28,Low,[Singapore / USA-Mundra] Mechanized coal conveyor breakdown causing delayed discharge at mechanized berths.,2025-06-06,Terminal Operations Log
878,port_congestion,India-Chennai,3,Low,[Gangavaram / India-Chennai] High yard inventory utilization (>92%) slowing down discharge rates.,2021-12-16,Port Authority Circular
879,port_congestion,Russia-Paradip,26,Low,[Vostochny / Russia-Paradip] Mechanized coal conveyor breakdown causing delayed discharge at mechanized berths.,2026-01-29,Port Authority Circular
880,geopolitical,Indonesia-Dhamra,17,Low,[Newcastle / Indonesia-Dhamra] Export tariff modification announced by major coal-producing authority.,2025-10-01,Ministry Trade Notice
881,weather,Indonesia-Visakhapatnam,7,Low,[Kolkata / Indonesia-Visakhapatnam] Dense fog conditions restricting channel navigation to daylight hours only.,2023-05-28,India Meteorological Department (IMD)
882,weather,Indonesia-Mundra,18,Medium,[Port Hedland / Indonesia-Mundra] Heavy monsoon swell (>4.2m) preventing safe pilot boarding at outer anchorage.,2024-08-15,India Meteorological Department (IMD)
883,weather,Australia-Dhamra,16,Low,[Gladstone / Australia-Dhamra] Heavy monsoon swell (>4.2m) preventing safe pilot boarding at outer anchorage.,2023-07-27,India Meteorological Department (IMD)
884,weather,Australia-Gangavaram,8,Low,[Chennai / Australia-Gangavaram] Heavy monsoon swell (>4.2m) preventing safe pilot boarding at outer anchorage.,2021-01-08,India Meteorological Department (IMD)
885,weather,Mozambique-Visakhapatnam,4,Low,[Dhamra / Mozambique-Visakhapatnam] Dense fog conditions restricting channel navigation to daylight hours only.,2023-04-12,JTWC Cyclone Warning
886,geopolitical,Indonesia-Mundra,15,Medium,[Hay Point / Indonesia-Mundra] Export tariff modification announced by major coal-producing authority.,2022-02-28,Lloyd's List Intelligence
887,geopolitical,Australia-Gangavaram,23,Low,[Baltimore / Australia-Gangavaram] Export tariff modification announced by major coal-producing authority.,2023-08-23,Lloyd's List Intelligence
888,port_congestion,Indonesia-Paradip,27,Medium,[Vanino / Indonesia-Paradip] Tidal window restrictions combined with dredging operations causing vessel hold-ups.,2025-05-12,Terminal Operations Log
889,weather,USA-Gangavaram,22,Medium,[Norfolk (Hampton Roads) / USA-Gangavaram] Heavy monsoon swell (>4.2m) preventing safe pilot boarding at outer anchorage.,2021-08-10,JTWC Cyclone Warning
890,freight_anomaly,Mozambique-Paradip,6,Medium,[Haldia / Mozambique-Paradip] Panamax Atlantic round voyage rates collapsed -12% on low grain demand.,2025-06-03,Baltic Exchange Market Monitor
891,weather,Indonesia-Haldia,29,Low,[Port Klang / Indonesia-Haldia] Tropical Cyclone alert issued for Bay of Bengal; port operations suspended for 48 hours.,2025-07-16,JTWC Cyclone Warning
892,geopolitical,Indonesia-Mundra,27,Low,[Vanino / Indonesia-Mundra] Red Sea security advisory prompting operators to route via Cape of Good Hope (+14 days).,2022-06-28,Lloyd's List Intelligence
893,freight_anomaly,Australia-Gopalpur,29,Medium,[Port Klang / Australia-Gopalpur] Panamax Atlantic round voyage rates collapsed -12% on low grain demand.,2022-01-29,Clarksons Intelligence
894,port_congestion,India-Haldia,17,Medium,[Newcastle / India-Haldia] Tidal window restrictions combined with dredging operations causing vessel hold-ups.,2023-08-06,AIS Congestion Tracker
895,freight_anomaly,Mozambique-Paradip,32,Low,[Shanghai (Qingdao) / Mozambique-Paradip] Panamax Atlantic round voyage rates collapsed -12% on low grain demand.,2025-03-04,Clarksons Intelligence
896,weather,USA-Paradip,14,Medium,[Cochin / USA-Paradip] Dense fog conditions restricting channel navigation to daylight hours only.,2022-12-09,Marine Weather Routing Service
897,geopolitical,Indonesia-Haldia,8,Low,[Chennai / Indonesia-Haldia] Red Sea security advisory prompting operators to route via Cape of Good Hope (+14 days).,2024-03-01,Lloyd's List Intelligence
898,port_congestion,Mozambique-Paradip,12,High,[Kandla (Deendayal) / Mozambique-Paradip] Tidal window restrictions combined with dredging operations causing vessel hold-ups.,2025-01-12,Terminal Operations Log
899,geopolitical,USA-Visakhapatnam,4,Medium,[Dhamra / USA-Visakhapatnam] Sanction compliance verification tightening on Far East coal flows.,2022-04-24,Maritime Security Advisory
900,freight_anomaly,Australia-Visakhapatnam,5,Medium,[Gopalpur / Australia-Visakhapatnam] Sudden freight spike (+18% DoD) driven by tightening Capesize tonnage in Pacific basin.,2023-10-01,Baltic Exchange Market Monitor
901,freight_anomaly,India-Chennai,19,Low,[Balikpapan / India-Chennai] Sudden freight spike (+18% DoD) driven by tightening Capesize tonnage in Pacific basin.,2025-01-06,FreightIQ Anomaly Engine
902,weather,Australia-Visakhapatnam,3,Medium,[Gangavaram / Australia-Visakhapatnam] Dense fog conditions restricting channel navigation to daylight hours only.,2023-08-07,India Meteorological Department (IMD)
903,freight_anomaly,USA-Paradip,2,Low,[Visakhapatnam / USA-Paradip] Bunker fuel price volatility exceeds 90th percentile following crude market rally.,2025-07-09,Baltic Exchange Market Monitor
904,weather,Mozambique-Visakhapatnam,24,Low,[Maputo / Mozambique-Visakhapatnam] Tropical Cyclone alert issued for Bay of Bengal; port operations suspended for 48 hours.,2025-08-20,JTWC Cyclone Warning
905,port_congestion,Mozambique-Visakhapatnam,4,Medium,[Dhamra / Mozambique-Visakhapatnam] High yard inventory utilization (>92%) slowing down discharge rates.,2024-01-13,Port Authority Circular
906,geopolitical,USA-Visakhapatnam,32,Low,[Shanghai (Qingdao) / USA-Visakhapatnam] Sanction compliance verification tightening on Far East coal flows.,2024-06-30,Lloyd's List Intelligence
907,freight_anomaly,Australia-Visakhapatnam,12,Low,[Kandla (Deendayal) / Australia-Visakhapatnam] BDI index surged 250 points following unexpected chartering volume for Queensland coal.,2022-09-07,Clarksons Intelligence
908,weather,Australia-Gangavaram,12,Medium,[Kandla (Deendayal) / Australia-Gangavaram] Heavy monsoon swell (>4.2m) preventing safe pilot boarding at outer anchorage.,2024-08-26,Marine Weather Routing Service
909,port_congestion,Mozambique-Gangavaram,16,Medium,[Gladstone / Mozambique-Gangavaram] Mechanized coal conveyor breakdown causing delayed discharge at mechanized berths.,2021-10-22,Port Authority Circular
910,weather,India-Chennai,29,Low,[Port Klang / India-Chennai] Heavy monsoon swell (>4.2m) preventing safe pilot boarding at outer anchorage.,2025-02-02,India Meteorological Department (IMD)
911,weather,USA-Visakhapatnam,25,Medium,[Beira / USA-Visakhapatnam] Heavy monsoon swell (>4.2m) preventing safe pilot boarding at outer anchorage.,2022-02-07,Marine Weather Routing Service
912,freight_anomaly,Mozambique-Paradip,32,Medium,[Shanghai (Qingdao) / Mozambique-Paradip] Bunker fuel price volatility exceeds 90th percentile following crude market rally.,2022-07-17,FreightIQ Anomaly Engine
913,port_congestion,Indonesia-Gangavaram,7,Low,[Kolkata / Indonesia-Gangavaram] Tidal window restrictions combined with dredging operations causing vessel hold-ups.,2022-02-20,AIS Congestion Tracker
914,freight_anomaly,USA-Gangavaram,19,Medium,[Balikpapan / USA-Gangavaram] Sudden freight spike (+18% DoD) driven by tightening Capesize tonnage in Pacific basin.,2023-01-21,FreightIQ Anomaly Engine
915,freight_anomaly,Indonesia-Haldia,16,Low,[Gladstone / Indonesia-Haldia] BDI index surged 250 points following unexpected chartering volume for Queensland coal.,2022-07-07,Baltic Exchange Market Monitor
916,port_congestion,India-Haldia,21,Medium,[Samarinda / India-Haldia] Tidal window restrictions combined with dredging operations causing vessel hold-ups.,2021-08-02,Port Authority Circular
917,weather,Indonesia-Mundra,13,High,[Nhava Sheva (JNPT) / Indonesia-Mundra] Typhoon warning in South China Sea requiring southern deviation for westbound bulkers.,2023-05-29,Marine Weather Routing Service
918,geopolitical,Mozambique-Visakhapatnam,18,Medium,[Port Hedland / Mozambique-Visakhapatnam] Red Sea security advisory prompting operators to route via Cape of Good Hope (+14 days).,2024-05-16,Lloyd's List Intelligence
919,freight_anomaly,India-Haldia,17,Low,[Newcastle / India-Haldia] Bunker fuel price volatility exceeds 90th percentile following crude market rally.,2021-10-07,FreightIQ Anomaly Engine
920,geopolitical,Australia-Mundra,4,Medium,[Dhamra / Australia-Mundra] Export tariff modification announced by major coal-producing authority.,2023-03-01,Maritime Security Advisory
921,freight_anomaly,Australia-Paradip,14,Medium,[Cochin / Australia-Paradip] Panamax Atlantic round voyage rates collapsed -12% on low grain demand.,2022-02-23,Clarksons Intelligence
922,freight_anomaly,Mozambique-Gangavaram,30,Medium,[Colombo / Mozambique-Gangavaram] Sudden freight spike (+18% DoD) driven by tightening Capesize tonnage in Pacific basin.,2022-01-30,Baltic Exchange Market Monitor
923,weather,Mozambique-Visakhapatnam,9,Medium,[Kamarajar (Ennore) / Mozambique-Visakhapatnam] Typhoon warning in South China Sea requiring southern deviation for westbound bulkers.,2022-04-06,India Meteorological Department (IMD)
924,weather,USA-Mundra,3,Medium,[Gangavaram / USA-Mundra] Typhoon warning in South China Sea requiring southern deviation for westbound bulkers.,2023-07-17,India Meteorological Department (IMD)
925,weather,Indonesia-Paradip,30,Medium,[Colombo / Indonesia-Paradip] Typhoon warning in South China Sea requiring southern deviation for westbound bulkers.,2023-12-03,JTWC Cyclone Warning
926,port_congestion,Russia-Visakhapatnam,27,Low,[Vanino / Russia-Visakhapatnam] Berth queue exceeding 12 vessels; average waiting time rose to 78 hours.,2021-09-26,Port Authority Circular
927,geopolitical,Russia-Visakhapatnam,13,Medium,[Nhava Sheva (JNPT) / Russia-Visakhapatnam] Sanction compliance verification tightening on Far East coal flows.,2023-05-11,Lloyd's List Intelligence
928,freight_anomaly,USA-Mundra,8,Low,[Chennai / USA-Mundra] Bunker fuel price volatility exceeds 90th percentile following crude market rally.,2024-12-23,Baltic Exchange Market Monitor
929,freight_anomaly,India-Chennai,15,Medium,[Hay Point / India-Chennai] Bunker fuel price volatility exceeds 90th percentile following crude market rally.,2025-10-01,Baltic Exchange Market Monitor
930,geopolitical,Australia-Paradip,10,High,[Tuticorin (V.O.C.) / Australia-Paradip] Red Sea security advisory prompting operators to route via Cape of Good Hope (+14 days).,2023-12-05,Maritime Security Advisory
931,weather,Mozambique-Gangavaram,21,Low,[Samarinda / Mozambique-Gangavaram] Tropical Cyclone alert issued for Bay of Bengal; port operations suspended for 48 hours.,2024-03-04,India Meteorological Department (IMD)
932,port_congestion,Mozambique-Gangavaram,29,Medium,[Port Klang / Mozambique-Gangavaram] High yard inventory utilization (>92%) slowing down discharge rates.,2025-11-13,Terminal Operations Log
933,weather,India-Haldia,29,Medium,[Port Klang / India-Haldia] Dense fog conditions restricting channel navigation to daylight hours only.,2023-10-18,Marine Weather Routing Service
934,port_congestion,Indonesia-Paradip,19,Medium,[Balikpapan / Indonesia-Paradip] Berth queue exceeding 12 vessels; average waiting time rose to 78 hours.,2025-11-03,Terminal Operations Log
935,geopolitical,USA-Mundra,23,High,[Baltimore / USA-Mundra] Sanction compliance verification tightening on Far East coal flows.,2026-01-22,Lloyd's List Intelligence
936,geopolitical,Australia-Mundra,15,Low,[Hay Point / Australia-Mundra] Red Sea security advisory prompting operators to route via Cape of Good Hope (+14 days).,2024-11-25,Maritime Security Advisory
937,geopolitical,USA-Gangavaram,11,Medium,[Mundra / USA-Gangavaram] Canal transit quota reduction increasing reservation auction premiums.,2021-06-07,Lloyd's List Intelligence
938,weather,Indonesia-Paradip,18,High,[Port Hedland / Indonesia-Paradip] Heavy monsoon swell (>4.2m) preventing safe pilot boarding at outer anchorage.,2023-05-20,India Meteorological Department (IMD)
939,port_congestion,Indonesia-Gangavaram,4,Medium,[Dhamra / Indonesia-Gangavaram] Tidal window restrictions combined with dredging operations causing vessel hold-ups.,2021-03-23,Terminal Operations Log
940,freight_anomaly,Australia-Gangavaram,23,High,[Baltimore / Australia-Gangavaram] Bunker fuel price volatility exceeds 90th percentile following crude market rally.,2022-11-10,FreightIQ Anomaly Engine
941,weather,India-Chennai,4,Low,[Dhamra / India-Chennai] Heavy monsoon swell (>4.2m) preventing safe pilot boarding at outer anchorage.,2021-03-06,JTWC Cyclone Warning
942,port_congestion,USA-Visakhapatnam,23,Low,[Baltimore / USA-Visakhapatnam] Mechanized coal conveyor breakdown causing delayed discharge at mechanized berths.,2024-11-24,Port Authority Circular
943,weather,Australia-Haldia,10,Medium,[Tuticorin (V.O.C.) / Australia-Haldia] Dense fog conditions restricting channel navigation to daylight hours only.,2021-03-09,Marine Weather Routing Service
944,freight_anomaly,Mozambique-Visakhapatnam,20,Low,[Tanjung Priok / Mozambique-Visakhapatnam] Sudden freight spike (+18% DoD) driven by tightening Capesize tonnage in Pacific basin.,2025-09-01,FreightIQ Anomaly Engine
945,freight_anomaly,Indonesia-Haldia,7,Low,[Kolkata / Indonesia-Haldia] Bunker fuel price volatility exceeds 90th percentile following crude market rally.,2023-05-29,Clarksons Intelligence
946,geopolitical,India-Haldia,31,Low,[Rotterdam / India-Haldia] Export tariff modification announced by major coal-producing authority.,2025-10-03,Ministry Trade Notice
947,geopolitical,Australia-Haldia,12,Low,[Kandla (Deendayal) / Australia-Haldia] Export tariff modification announced by major coal-producing authority.,2024-05-31,Ministry Trade Notice
948,weather,India-Chennai,29,Medium,[Port Klang / India-Chennai] Typhoon warning in South China Sea requiring southern deviation for westbound bulkers.,2021-03-20,JTWC Cyclone Warning
949,freight_anomaly,USA-Visakhapatnam,26,Low,[Vostochny / USA-Visakhapatnam] Panamax Atlantic round voyage rates collapsed -12% on low grain demand.,2025-03-01,Baltic Exchange Market Monitor
950,freight_anomaly,Indonesia-Mundra,30,High,[Colombo / Indonesia-Mundra] Panamax Atlantic round voyage rates collapsed -12% on low grain demand.,2024-09-08,FreightIQ Anomaly Engine
951,port_congestion,Australia-Visakhapatnam,18,Low,[Port Hedland / Australia-Visakhapatnam] High yard inventory utilization (>92%) slowing down discharge rates.,2024-12-26,Terminal Operations Log
952,port_congestion,Australia-Paradip,12,Medium,[Kandla (Deendayal) / Australia-Paradip] Mechanized coal conveyor breakdown causing delayed discharge at mechanized berths.,2023-09-02,Terminal Operations Log
953,port_congestion,Australia-Gangavaram,27,Low,[Vanino / Australia-Gangavaram] High yard inventory utilization (>92%) slowing down discharge rates.,2024-06-11,Terminal Operations Log
954,port_congestion,India-Chennai,23,Medium,[Baltimore / India-Chennai] High yard inventory utilization (>92%) slowing down discharge rates.,2024-11-08,AIS Congestion Tracker
955,port_congestion,Australia-Mundra,24,Low,[Maputo / Australia-Mundra] High yard inventory utilization (>92%) slowing down discharge rates.,2025-04-30,Port Authority Circular
956,weather,Australia-Gangavaram,11,Medium,[Mundra / Australia-Gangavaram] Dense fog conditions restricting channel navigation to daylight hours only.,2024-12-10,India Meteorological Department (IMD)
957,weather,Australia-Dhamra,3,Medium,[Gangavaram / Australia-Dhamra] Typhoon warning in South China Sea requiring southern deviation for westbound bulkers.,2023-09-29,Marine Weather Routing Service
958,freight_anomaly,USA-Paradip,25,Medium,[Beira / USA-Paradip] Sudden freight spike (+18% DoD) driven by tightening Capesize tonnage in Pacific basin.,2025-02-26,FreightIQ Anomaly Engine
959,weather,Indonesia-Visakhapatnam,26,Low,[Vostochny / Indonesia-Visakhapatnam] Typhoon warning in South China Sea requiring southern deviation for westbound bulkers.,2025-10-17,India Meteorological Department (IMD)
960,weather,Australia-Gopalpur,28,Low,[Singapore / Australia-Gopalpur] Dense fog conditions restricting channel navigation to daylight hours only.,2025-05-14,India Meteorological Department (IMD)
961,weather,Australia-Paradip,7,Medium,[Kolkata / Australia-Paradip] Dense fog conditions restricting channel navigation to daylight hours only.,2022-04-07,JTWC Cyclone Warning
962,weather,India-Chennai,30,High,[Colombo / India-Chennai] Dense fog conditions restricting channel navigation to daylight hours only.,2023-08-11,India Meteorological Department (IMD)
963,weather,Indonesia-Haldia,17,High,[Newcastle / Indonesia-Haldia] Dense fog conditions restricting channel navigation to daylight hours only.,2022-04-04,Marine Weather Routing Service
964,freight_anomaly,USA-Gangavaram,15,High,[Hay Point / USA-Gangavaram] BDI index surged 250 points following unexpected chartering volume for Queensland coal.,2025-02-10,Clarksons Intelligence
965,freight_anomaly,Indonesia-Gangavaram,11,Low,[Mundra / Indonesia-Gangavaram] Bunker fuel price volatility exceeds 90th percentile following crude market rally.,2025-12-13,Baltic Exchange Market Monitor
966,weather,Mozambique-Paradip,1,Low,[Paradip / Mozambique-Paradip] Tropical Cyclone alert issued for Bay of Bengal; port operations suspended for 48 hours.,2021-11-15,JTWC Cyclone Warning
967,geopolitical,Mozambique-Visakhapatnam,29,Medium,[Port Klang / Mozambique-Visakhapatnam] Sanction compliance verification tightening on Far East coal flows.,2022-03-15,Maritime Security Advisory
968,geopolitical,USA-Mundra,26,High,[Vostochny / USA-Mundra] Export tariff modification announced by major coal-producing authority.,2021-11-28,Lloyd's List Intelligence
969,port_congestion,India-Chennai,6,Low,[Haldia / India-Chennai] High yard inventory utilization (>92%) slowing down discharge rates.,2022-08-18,Terminal Operations Log
970,port_congestion,Australia-Visakhapatnam,20,High,[Tanjung Priok / Australia-Visakhapatnam] Berth queue exceeding 12 vessels; average waiting time rose to 78 hours.,2025-03-23,AIS Congestion Tracker
971,weather,Russia-Visakhapatnam,27,Low,[Vanino / Russia-Visakhapatnam] Heavy monsoon swell (>4.2m) preventing safe pilot boarding at outer anchorage.,2021-03-29,Marine Weather Routing Service
972,geopolitical,Russia-Paradip,25,Low,[Beira / Russia-Paradip] Export tariff modification announced by major coal-producing authority.,2023-12-14,Lloyd's List Intelligence
973,weather,Indonesia-Visakhapatnam,20,Medium,[Tanjung Priok / Indonesia-Visakhapatnam] Tropical Cyclone alert issued for Bay of Bengal; port operations suspended for 48 hours.,2021-06-15,JTWC Cyclone Warning
974,port_congestion,USA-Mundra,13,High,[Nhava Sheva (JNPT) / USA-Mundra] Berth queue exceeding 12 vessels; average waiting time rose to 78 hours.,2023-10-09,Terminal Operations Log
975,port_congestion,Indonesia-Mundra,30,High,[Colombo / Indonesia-Mundra] High yard inventory utilization (>92%) slowing down discharge rates.,2023-09-13,AIS Congestion Tracker
976,port_congestion,Australia-Gopalpur,9,Low,[Kamarajar (Ennore) / Australia-Gopalpur] Berth queue exceeding 12 vessels; average waiting time rose to 78 hours.,2024-02-23,AIS Congestion Tracker
977,port_congestion,Indonesia-Mundra,29,Low,[Port Klang / Indonesia-Mundra] Mechanized coal conveyor breakdown causing delayed discharge at mechanized berths.,2023-08-10,Terminal Operations Log
978,weather,Australia-Paradip,6,Low,[Haldia / Australia-Paradip] Typhoon warning in South China Sea requiring southern deviation for westbound bulkers.,2022-04-28,JTWC Cyclone Warning
979,port_congestion,Russia-Visakhapatnam,14,Low,[Cochin / Russia-Visakhapatnam] Mechanized coal conveyor breakdown causing delayed discharge at mechanized berths.,2023-07-10,AIS Congestion Tracker
980,freight_anomaly,Indonesia-Dhamra,5,Medium,[Gopalpur / Indonesia-Dhamra] Bunker fuel price volatility exceeds 90th percentile following crude market rally.,2025-01-10,Baltic Exchange Market Monitor
981,geopolitical,Australia-Gangavaram,29,High,[Port Klang / Australia-Gangavaram] Red Sea security advisory prompting operators to route via Cape of Good Hope (+14 days).,2025-08-02,Ministry Trade Notice
982,weather,India-Chennai,26,Medium,[Vostochny / India-Chennai] Dense fog conditions restricting channel navigation to daylight hours only.,2024-01-14,JTWC Cyclone Warning
983,geopolitical,Indonesia-Gangavaram,32,Low,[Shanghai (Qingdao) / Indonesia-Gangavaram] Sanction compliance verification tightening on Far East coal flows.,2023-08-05,Lloyd's List Intelligence
984,port_congestion,Australia-Visakhapatnam,19,Low,[Balikpapan / Australia-Visakhapatnam] Berth queue exceeding 12 vessels; average waiting time rose to 78 hours.,2024-10-26,Terminal Operations Log
985,port_congestion,Indonesia-Gangavaram,15,Medium,[Hay Point / Indonesia-Gangavaram] Berth queue exceeding 12 vessels; average waiting time rose to 78 hours.,2021-10-05,AIS Congestion Tracker
986,port_congestion,USA-Paradip,11,Medium,[Mundra / USA-Paradip] Berth queue exceeding 12 vessels; average waiting time rose to 78 hours.,2023-08-26,Terminal Operations Log
987,freight_anomaly,Indonesia-Mundra,30,High,[Colombo / Indonesia-Mundra] BDI index surged 250 points following unexpected chartering volume for Queensland coal.,2024-08-28,FreightIQ Anomaly Engine
988,freight_anomaly,Russia-Paradip,14,Low,[Cochin / Russia-Paradip] Bunker fuel price volatility exceeds 90th percentile following crude market rally.,2024-01-18,FreightIQ Anomaly Engine
989,port_congestion,Australia-Gopalpur,3,Medium,[Gangavaram / Australia-Gopalpur] Berth queue exceeding 12 vessels; average waiting time rose to 78 hours.,2025-02-20,Terminal Operations Log
990,port_congestion,USA-Mundra,32,Low,[Shanghai (Qingdao) / USA-Mundra] Berth queue exceeding 12 vessels; average waiting time rose to 78 hours.,2023-06-08,Port Authority Circular
991,port_congestion,Mozambique-Gangavaram,29,Low,[Port Klang / Mozambique-Gangavaram] Berth queue exceeding 12 vessels; average waiting time rose to 78 hours.,2021-11-29,Port Authority Circular
992,port_congestion,Australia-Mundra,4,Medium,[Dhamra / Australia-Mundra] Berth queue exceeding 12 vessels; average waiting time rose to 78 hours.,2024-12-18,AIS Congestion Tracker
993,port_congestion,Australia-Gopalpur,1,Low,[Paradip / Australia-Gopalpur] High yard inventory utilization (>92%) slowing down discharge rates.,2021-09-11,Terminal Operations Log
994,port_congestion,Australia-Dhamra,23,Low,[Baltimore / Australia-Dhamra] High yard inventory utilization (>92%) slowing down discharge rates.,2026-01-03,AIS Congestion Tracker
995,port_congestion,Australia-Paradip,14,Medium,[Cochin / Australia-Paradip] Mechanized coal conveyor breakdown causing delayed discharge at mechanized berths.,2021-05-08,Terminal Operations Log
996,geopolitical,USA-Gangavaram,2,Low,[Visakhapatnam / USA-Gangavaram] Red Sea security advisory prompting operators to route via Cape of Good Hope (+14 days).,2025-07-29,Lloyd's List Intelligence
997,freight_anomaly,Australia-Gangavaram,19,Medium,[Balikpapan / Australia-Gangavaram] BDI index surged 250 points following unexpected chartering volume for Queensland coal.,2026-01-13,FreightIQ Anomaly Engine
998,weather,USA-Paradip,12,Medium,[Kandla (Deendayal) / USA-Paradip] Heavy monsoon swell (>4.2m) preventing safe pilot boarding at outer anchorage.,2023-07-30,JTWC Cyclone Warning
999,freight_anomaly,Indonesia-Paradip,2,Medium,[Visakhapatnam / Indonesia-Paradip] Panamax Atlantic round voyage rates collapsed -12% on low grain demand.,2023-10-28,FreightIQ Anomaly Engine
1000,weather,Mozambique-Paradip,26,Low,[Vostochny / Mozambique-Paradip] Typhoon warning in South China Sea requiring southern deviation for westbound bulkers.,2021-11-09,India Meteorological Department (IMD)
1001,freight_anomaly,Indonesia-Visakhapatnam,32,Low,[Shanghai (Qingdao) / Indonesia-Visakhapatnam] Sudden freight spike (+18% DoD) driven by tightening Capesize tonnage in Pacific basin.,2022-11-07,Baltic Exchange Market Monitor
1002,geopolitical,Australia-Haldia,7,Low,[Kolkata / Australia-Haldia] Export tariff modification announced by major coal-producing authority.,2024-11-01,Ministry Trade Notice
1003,geopolitical,Australia-Haldia,31,Medium,[Rotterdam / Australia-Haldia] Sanction compliance verification tightening on Far East coal flows.,2024-09-21,Lloyd's List Intelligence
1004,freight_anomaly,Indonesia-Dhamra,26,Low,[Vostochny / Indonesia-Dhamra] Bunker fuel price volatility exceeds 90th percentile following crude market rally.,2025-08-21,Clarksons Intelligence
1005,geopolitical,Indonesia-Gangavaram,8,Medium,[Chennai / Indonesia-Gangavaram] Red Sea security advisory prompting operators to route via Cape of Good Hope (+14 days).,2024-11-08,Maritime Security Advisory
1006,port_congestion,Indonesia-Dhamra,28,Low,[Singapore / Indonesia-Dhamra] Berth queue exceeding 12 vessels; average waiting time rose to 78 hours.,2025-11-24,Port Authority Circular
1007,freight_anomaly,Indonesia-Mundra,7,Medium,[Kolkata / Indonesia-Mundra] BDI index surged 250 points following unexpected chartering volume for Queensland coal.,2022-08-03,Clarksons Intelligence
1008,weather,Australia-Gopalpur,29,Low,[Port Klang / Australia-Gopalpur] Typhoon warning in South China Sea requiring southern deviation for westbound bulkers.,2023-04-15,JTWC Cyclone Warning
1009,port_congestion,USA-Paradip,17,High,[Newcastle / USA-Paradip] Mechanized coal conveyor breakdown causing delayed discharge at mechanized berths.,2021-02-16,Port Authority Circular
1010,port_congestion,Russia-Visakhapatnam,26,Low,[Vostochny / Russia-Visakhapatnam] Tidal window restrictions combined with dredging operations causing vessel hold-ups.,2024-10-13,Terminal Operations Log
1011,port_congestion,Mozambique-Visakhapatnam,27,High,[Vanino / Mozambique-Visakhapatnam] High yard inventory utilization (>92%) slowing down discharge rates.,2025-09-14,Port Authority Circular
1012,weather,Indonesia-Paradip,6,Medium,[Haldia / Indonesia-Paradip] Dense fog conditions restricting channel navigation to daylight hours only.,2021-09-16,Marine Weather Routing Service
1013,weather,Indonesia-Haldia,30,Medium,[Colombo / Indonesia-Haldia] Tropical Cyclone alert issued for Bay of Bengal; port operations suspended for 48 hours.,2025-02-19,JTWC Cyclone Warning
1014,port_congestion,USA-Mundra,2,Low,[Visakhapatnam / USA-Mundra] Berth queue exceeding 12 vessels; average waiting time rose to 78 hours.,2024-08-03,Port Authority Circular
1015,weather,Mozambique-Visakhapatnam,31,Low,[Rotterdam / Mozambique-Visakhapatnam] Dense fog conditions restricting channel navigation to daylight hours only.,2025-04-28,Marine Weather Routing Service
1016,geopolitical,Russia-Paradip,18,High,[Port Hedland / Russia-Paradip] Export tariff modification announced by major coal-producing authority.,2022-12-10,Lloyd's List Intelligence
1017,geopolitical,India-Chennai,23,High,[Baltimore / India-Chennai] Export tariff modification announced by major coal-producing authority.,2024-02-11,Ministry Trade Notice
1018,weather,Indonesia-Dhamra,32,Low,[Shanghai (Qingdao) / Indonesia-Dhamra] Tropical Cyclone alert issued for Bay of Bengal; port operations suspended for 48 hours.,2022-05-30,Marine Weather Routing Service
1019,weather,Indonesia-Mundra,6,Low,[Haldia / Indonesia-Mundra] Typhoon warning in South China Sea requiring southern deviation for westbound bulkers.,2023-05-25,JTWC Cyclone Warning
1020,port_congestion,Indonesia-Mundra,26,Low,[Vostochny / Indonesia-Mundra] Mechanized coal conveyor breakdown causing delayed discharge at mechanized berths.,2021-10-14,AIS Congestion Tracker
1021,port_congestion,Indonesia-Paradip,14,Medium,[Cochin / Indonesia-Paradip] Berth queue exceeding 12 vessels; average waiting time rose to 78 hours.,2021-04-12,AIS Congestion Tracker
1022,port_congestion,USA-Visakhapatnam,27,High,[Vanino / USA-Visakhapatnam] Berth queue exceeding 12 vessels; average waiting time rose to 78 hours.,2021-10-26,Terminal Operations Log
1023,freight_anomaly,Australia-Haldia,14,Medium,[Cochin / Australia-Haldia] BDI index surged 250 points following unexpected chartering volume for Queensland coal.,2021-11-18,Baltic Exchange Market Monitor
1024,freight_anomaly,Australia-Gangavaram,19,Low,[Balikpapan / Australia-Gangavaram] Sudden freight spike (+18% DoD) driven by tightening Capesize tonnage in Pacific basin.,2021-03-31,Clarksons Intelligence
1025,freight_anomaly,Australia-Gopalpur,14,Low,[Cochin / Australia-Gopalpur] Panamax Atlantic round voyage rates collapsed -12% on low grain demand.,2024-06-27,Baltic Exchange Market Monitor
1026,port_congestion,USA-Visakhapatnam,20,Medium,[Tanjung Priok / USA-Visakhapatnam] Mechanized coal conveyor breakdown causing delayed discharge at mechanized berths.,2023-10-18,AIS Congestion Tracker
1027,freight_anomaly,Russia-Visakhapatnam,18,High,[Port Hedland / Russia-Visakhapatnam] BDI index surged 250 points following unexpected chartering volume for Queensland coal.,2024-12-14,Clarksons Intelligence
1028,port_congestion,Australia-Gopalpur,16,Low,[Gladstone / Australia-Gopalpur] Tidal window restrictions combined with dredging operations causing vessel hold-ups.,2021-06-18,Port Authority Circular
1029,freight_anomaly,Mozambique-Visakhapatnam,4,Low,[Dhamra / Mozambique-Visakhapatnam] Panamax Atlantic round voyage rates collapsed -12% on low grain demand.,2024-05-13,FreightIQ Anomaly Engine
1030,weather,Australia-Dhamra,32,Low,[Shanghai (Qingdao) / Australia-Dhamra] Dense fog conditions restricting channel navigation to daylight hours only.,2021-10-16,Marine Weather Routing Service
1031,geopolitical,USA-Visakhapatnam,19,High,[Balikpapan / USA-Visakhapatnam] Red Sea security advisory prompting operators to route via Cape of Good Hope (+14 days).,2025-01-02,Ministry Trade Notice
1032,weather,Russia-Visakhapatnam,9,Low,[Kamarajar (Ennore) / Russia-Visakhapatnam] Tropical Cyclone alert issued for Bay of Bengal; port operations suspended for 48 hours.,2024-01-11,JTWC Cyclone Warning
1033,weather,India-Chennai,2,Low,[Visakhapatnam / India-Chennai] Tropical Cyclone alert issued for Bay of Bengal; port operations suspended for 48 hours.,2024-09-13,India Meteorological Department (IMD)
1034,weather,Indonesia-Visakhapatnam,13,Low,[Nhava Sheva (JNPT) / Indonesia-Visakhapatnam] Heavy monsoon swell (>4.2m) preventing safe pilot boarding at outer anchorage.,2023-09-11,India Meteorological Department (IMD)
1035,port_congestion,Mozambique-Paradip,16,Low,[Gladstone / Mozambique-Paradip] Berth queue exceeding 12 vessels; average waiting time rose to 78 hours.,2023-06-29,AIS Congestion Tracker
1036,weather,Australia-Haldia,6,Low,[Haldia / Australia-Haldia] Heavy monsoon swell (>4.2m) preventing safe pilot boarding at outer anchorage.,2025-05-15,Marine Weather Routing Service
1037,port_congestion,Indonesia-Dhamra,21,Low,[Samarinda / Indonesia-Dhamra] Tidal window restrictions combined with dredging operations causing vessel hold-ups.,2025-03-30,AIS Congestion Tracker
1038,freight_anomaly,Australia-Gangavaram,28,Low,[Singapore / Australia-Gangavaram] Sudden freight spike (+18% DoD) driven by tightening Capesize tonnage in Pacific basin.,2025-01-01,FreightIQ Anomaly Engine
1039,freight_anomaly,Russia-Paradip,6,Medium,[Haldia / Russia-Paradip] BDI index surged 250 points following unexpected chartering volume for Queensland coal.,2023-08-13,FreightIQ Anomaly Engine
1040,freight_anomaly,USA-Mundra,19,Medium,[Balikpapan / USA-Mundra] Bunker fuel price volatility exceeds 90th percentile following crude market rally.,2021-07-19,Baltic Exchange Market Monitor
1041,port_congestion,Mozambique-Gangavaram,13,Low,[Nhava Sheva (JNPT) / Mozambique-Gangavaram] Mechanized coal conveyor breakdown causing delayed discharge at mechanized berths.,2021-08-16,Terminal Operations Log
1042,freight_anomaly,Australia-Dhamra,6,Low,[Haldia / Australia-Dhamra] Bunker fuel price volatility exceeds 90th percentile following crude market rally.,2023-10-22,Baltic Exchange Market Monitor
1043,weather,Russia-Paradip,28,Low,[Singapore / Russia-Paradip] Dense fog conditions restricting channel navigation to daylight hours only.,2024-02-18,JTWC Cyclone Warning
1044,weather,Indonesia-Dhamra,9,Medium,[Kamarajar (Ennore) / Indonesia-Dhamra] Heavy monsoon swell (>4.2m) preventing safe pilot boarding at outer anchorage.,2023-04-01,JTWC Cyclone Warning
1045,port_congestion,USA-Gangavaram,24,Low,[Maputo / USA-Gangavaram] High yard inventory utilization (>92%) slowing down discharge rates.,2023-11-20,Port Authority Circular
1046,weather,Russia-Visakhapatnam,1,Low,[Paradip / Russia-Visakhapatnam] Heavy monsoon swell (>4.2m) preventing safe pilot boarding at outer anchorage.,2021-03-25,India Meteorological Department (IMD)
1047,freight_anomaly,Australia-Dhamra,9,Low,[Kamarajar (Ennore) / Australia-Dhamra] Panamax Atlantic round voyage rates collapsed -12% on low grain demand.,2022-04-18,FreightIQ Anomaly Engine
1048,port_congestion,Australia-Gopalpur,32,High,[Shanghai (Qingdao) / Australia-Gopalpur] High yard inventory utilization (>92%) slowing down discharge rates.,2025-06-08,AIS Congestion Tracker
1049,geopolitical,Indonesia-Visakhapatnam,16,High,[Gladstone / Indonesia-Visakhapatnam] Export tariff modification announced by major coal-producing authority.,2022-03-19,Lloyd's List Intelligence
1050,geopolitical,USA-Gangavaram,14,High,[Cochin / USA-Gangavaram] Sanction compliance verification tightening on Far East coal flows.,2023-06-29,Ministry Trade Notice
1051,freight_anomaly,USA-Visakhapatnam,29,Low,[Port Klang / USA-Visakhapatnam] BDI index surged 250 points following unexpected chartering volume for Queensland coal.,2022-12-06,Baltic Exchange Market Monitor
1052,port_congestion,Mozambique-Gangavaram,17,Medium,[Newcastle / Mozambique-Gangavaram] Tidal window restrictions combined with dredging operations causing vessel hold-ups.,2024-10-14,AIS Congestion Tracker
1053,geopolitical,Australia-Paradip,20,Low,[Tanjung Priok / Australia-Paradip] Canal transit quota reduction increasing reservation auction premiums.,2025-12-11,Ministry Trade Notice
1054,port_congestion,Mozambique-Visakhapatnam,14,Medium,[Cochin / Mozambique-Visakhapatnam] Berth queue exceeding 12 vessels; average waiting time rose to 78 hours.,2021-12-30,Terminal Operations Log
1055,weather,Indonesia-Dhamra,13,High,[Nhava Sheva (JNPT) / Indonesia-Dhamra] Heavy monsoon swell (>4.2m) preventing safe pilot boarding at outer anchorage.,2022-04-09,Marine Weather Routing Service
1056,freight_anomaly,India-Haldia,17,Low,[Newcastle / India-Haldia] Panamax Atlantic round voyage rates collapsed -12% on low grain demand.,2024-10-29,Clarksons Intelligence
1057,geopolitical,Indonesia-Mundra,6,Low,[Haldia / Indonesia-Mundra] Canal transit quota reduction increasing reservation auction premiums.,2024-12-18,Maritime Security Advisory
1058,freight_anomaly,Russia-Paradip,17,High,[Newcastle / Russia-Paradip] BDI index surged 250 points following unexpected chartering volume for Queensland coal.,2023-03-09,Clarksons Intelligence
1059,weather,Russia-Paradip,1,Medium,[Paradip / Russia-Paradip] Dense fog conditions restricting channel navigation to daylight hours only.,2025-09-27,JTWC Cyclone Warning
1060,port_congestion,Australia-Visakhapatnam,28,Medium,[Singapore / Australia-Visakhapatnam] High yard inventory utilization (>92%) slowing down discharge rates.,2021-03-08,AIS Congestion Tracker
1061,weather,Australia-Mundra,20,Medium,[Tanjung Priok / Australia-Mundra] Dense fog conditions restricting channel navigation to daylight hours only.,2022-02-22,JTWC Cyclone Warning
1062,freight_anomaly,USA-Gangavaram,27,Low,[Vanino / USA-Gangavaram] Panamax Atlantic round voyage rates collapsed -12% on low grain demand.,2021-06-30,Clarksons Intelligence
1063,port_congestion,Australia-Haldia,24,Low,[Maputo / Australia-Haldia] Tidal window restrictions combined with dredging operations causing vessel hold-ups.,2023-03-05,Port Authority Circular
1064,weather,Australia-Paradip,29,Low,[Port Klang / Australia-Paradip] Tropical Cyclone alert issued for Bay of Bengal; port operations suspended for 48 hours.,2024-03-09,Marine Weather Routing Service
1065,freight_anomaly,Russia-Visakhapatnam,15,Low,[Hay Point / Russia-Visakhapatnam] BDI index surged 250 points following unexpected chartering volume for Queensland coal.,2023-04-20,Clarksons Intelligence
1066,port_congestion,Russia-Visakhapatnam,15,Medium,[Hay Point / Russia-Visakhapatnam] High yard inventory utilization (>92%) slowing down discharge rates.,2021-09-30,Port Authority Circular
1067,port_congestion,Indonesia-Visakhapatnam,26,Low,[Vostochny / Indonesia-Visakhapatnam] Mechanized coal conveyor breakdown causing delayed discharge at mechanized berths.,2021-04-26,AIS Congestion Tracker
1068,weather,USA-Mundra,23,High,[Baltimore / USA-Mundra] Dense fog conditions restricting channel navigation to daylight hours only.,2024-11-17,India Meteorological Department (IMD)
1069,weather,Australia-Gangavaram,6,High,[Haldia / Australia-Gangavaram] Typhoon warning in South China Sea requiring southern deviation for westbound bulkers.,2025-02-06,JTWC Cyclone Warning
1070,port_congestion,India-Haldia,16,Medium,[Gladstone / India-Haldia] Berth queue exceeding 12 vessels; average waiting time rose to 78 hours.,2022-09-07,Terminal Operations Log
1071,port_congestion,Australia-Gangavaram,4,Medium,[Dhamra / Australia-Gangavaram] Mechanized coal conveyor breakdown causing delayed discharge at mechanized berths.,2022-03-24,Terminal Operations Log
1072,port_congestion,USA-Mundra,32,Low,[Shanghai (Qingdao) / USA-Mundra] Mechanized coal conveyor breakdown causing delayed discharge at mechanized berths.,2025-02-22,AIS Congestion Tracker
1073,geopolitical,Indonesia-Gangavaram,28,Medium,[Singapore / Indonesia-Gangavaram] Sanction compliance verification tightening on Far East coal flows.,2025-05-10,Maritime Security Advisory
1074,geopolitical,Australia-Gangavaram,12,Medium,[Kandla (Deendayal) / Australia-Gangavaram] Export tariff modification announced by major coal-producing authority.,2025-01-01,Ministry Trade Notice
1075,port_congestion,India-Chennai,1,Low,[Paradip / India-Chennai] High yard inventory utilization (>92%) slowing down discharge rates.,2021-06-14,AIS Congestion Tracker
1076,port_congestion,Indonesia-Dhamra,21,Low,[Samarinda / Indonesia-Dhamra] Tidal window restrictions combined with dredging operations causing vessel hold-ups.,2024-12-12,Port Authority Circular
1077,weather,Indonesia-Dhamra,23,Low,[Baltimore / Indonesia-Dhamra] Tropical Cyclone alert issued for Bay of Bengal; port operations suspended for 48 hours.,2023-01-07,Marine Weather Routing Service
1078,port_congestion,Mozambique-Gangavaram,3,Low,[Gangavaram / Mozambique-Gangavaram] Berth queue exceeding 12 vessels; average waiting time rose to 78 hours.,2021-05-28,Terminal Operations Log
1079,freight_anomaly,Russia-Paradip,3,Medium,[Gangavaram / Russia-Paradip] Panamax Atlantic round voyage rates collapsed -12% on low grain demand.,2024-01-16,FreightIQ Anomaly Engine
1080,port_congestion,India-Haldia,32,Medium,[Shanghai (Qingdao) / India-Haldia] Berth queue exceeding 12 vessels; average waiting time rose to 78 hours.,2021-02-28,AIS Congestion Tracker
1081,freight_anomaly,Australia-Gopalpur,22,Medium,[Norfolk (Hampton Roads) / Australia-Gopalpur] Panamax Atlantic round voyage rates collapsed -12% on low grain demand.,2022-12-06,Baltic Exchange Market Monitor
1082,freight_anomaly,Mozambique-Paradip,8,High,[Chennai / Mozambique-Paradip] BDI index surged 250 points following unexpected chartering volume for Queensland coal.,2026-01-11,Clarksons Intelligence
1083,port_congestion,Australia-Dhamra,28,Medium,[Singapore / Australia-Dhamra] Tidal window restrictions combined with dredging operations causing vessel hold-ups.,2025-05-17,Terminal Operations Log
1084,port_congestion,India-Haldia,32,Medium,[Shanghai (Qingdao) / India-Haldia] Berth queue exceeding 12 vessels; average waiting time rose to 78 hours.,2022-07-04,Terminal Operations Log
1085,weather,Australia-Haldia,30,Low,[Colombo / Australia-Haldia] Typhoon warning in South China Sea requiring southern deviation for westbound bulkers.,2023-06-16,India Meteorological Department (IMD)
1086,port_congestion,Australia-Gopalpur,7,High,[Kolkata / Australia-Gopalpur] Berth queue exceeding 12 vessels; average waiting time rose to 78 hours.,2023-12-05,AIS Congestion Tracker
1087,freight_anomaly,USA-Visakhapatnam,13,Medium,[Nhava Sheva (JNPT) / USA-Visakhapatnam] BDI index surged 250 points following unexpected chartering volume for Queensland coal.,2025-04-11,FreightIQ Anomaly Engine
1088,port_congestion,Australia-Dhamra,17,High,[Newcastle / Australia-Dhamra] Mechanized coal conveyor breakdown causing delayed discharge at mechanized berths.,2021-12-26,Terminal Operations Log
1089,freight_anomaly,India-Haldia,1,Low,[Paradip / India-Haldia] BDI index surged 250 points following unexpected chartering volume for Queensland coal.,2022-06-19,FreightIQ Anomaly Engine
1090,port_congestion,Russia-Visakhapatnam,14,Medium,[Cochin / Russia-Visakhapatnam] Tidal window restrictions combined with dredging operations causing vessel hold-ups.,2022-12-27,AIS Congestion Tracker
1091,freight_anomaly,USA-Visakhapatnam,11,Medium,[Mundra / USA-Visakhapatnam] Sudden freight spike (+18% DoD) driven by tightening Capesize tonnage in Pacific basin.,2025-10-03,Baltic Exchange Market Monitor
1092,freight_anomaly,Australia-Paradip,30,Medium,[Colombo / Australia-Paradip] Sudden freight spike (+18% DoD) driven by tightening Capesize tonnage in Pacific basin.,2023-10-28,Clarksons Intelligence
1093,geopolitical,Russia-Visakhapatnam,18,Medium,[Port Hedland / Russia-Visakhapatnam] Canal transit quota reduction increasing reservation auction premiums.,2024-10-04,Maritime Security Advisory
1094,geopolitical,Russia-Visakhapatnam,22,High,[Norfolk (Hampton Roads) / Russia-Visakhapatnam] Red Sea security advisory prompting operators to route via Cape of Good Hope (+14 days).,2024-06-27,Maritime Security Advisory
1095,freight_anomaly,Mozambique-Visakhapatnam,16,Low,[Gladstone / Mozambique-Visakhapatnam] BDI index surged 250 points following unexpected chartering volume for Queensland coal.,2021-08-14,Clarksons Intelligence
1096,port_congestion,India-Chennai,13,Medium,[Nhava Sheva (JNPT) / India-Chennai] Berth queue exceeding 12 vessels; average waiting time rose to 78 hours.,2025-10-01,AIS Congestion Tracker
1097,freight_anomaly,Indonesia-Haldia,8,Low,[Chennai / Indonesia-Haldia] Sudden freight spike (+18% DoD) driven by tightening Capesize tonnage in Pacific basin.,2024-04-14,Baltic Exchange Market Monitor
1098,port_congestion,India-Chennai,29,Low,[Port Klang / India-Chennai] Mechanized coal conveyor breakdown causing delayed discharge at mechanized berths.,2024-08-29,AIS Congestion Tracker
1099,freight_anomaly,Mozambique-Gangavaram,28,Low,[Singapore / Mozambique-Gangavaram] BDI index surged 250 points following unexpected chartering volume for Queensland coal.,2023-08-06,FreightIQ Anomaly Engine
1100,freight_anomaly,India-Haldia,5,Low,[Gopalpur / India-Haldia] Panamax Atlantic round voyage rates collapsed -12% on low grain demand.,2025-01-23,Clarksons Intelligence
1101,geopolitical,Indonesia-Dhamra,18,Medium,[Port Hedland / Indonesia-Dhamra] Export tariff modification announced by major coal-producing authority.,2021-06-23,Lloyd's List Intelligence
1102,geopolitical,Australia-Gangavaram,7,High,[Kolkata / Australia-Gangavaram] Canal transit quota reduction increasing reservation auction premiums.,2025-08-08,Lloyd's List Intelligence
1103,weather,Australia-Visakhapatnam,28,High,[Singapore / Australia-Visakhapatnam] Tropical Cyclone alert issued for Bay of Bengal; port operations suspended for 48 hours.,2025-02-09,Marine Weather Routing Service
1104,port_congestion,Australia-Dhamra,31,Low,[Rotterdam / Australia-Dhamra] Mechanized coal conveyor breakdown causing delayed discharge at mechanized berths.,2023-10-11,Port Authority Circular
1105,port_congestion,India-Haldia,14,High,[Cochin / India-Haldia] Mechanized coal conveyor breakdown causing delayed discharge at mechanized berths.,2023-05-28,Port Authority Circular
1106,weather,Indonesia-Visakhapatnam,5,Medium,[Gopalpur / Indonesia-Visakhapatnam] Tropical Cyclone alert issued for Bay of Bengal; port operations suspended for 48 hours.,2023-01-02,JTWC Cyclone Warning
1107,port_congestion,Australia-Visakhapatnam,20,High,[Tanjung Priok / Australia-Visakhapatnam] Berth queue exceeding 12 vessels; average waiting time rose to 78 hours.,2022-08-02,Port Authority Circular
1108,weather,Indonesia-Dhamra,11,Low,[Mundra / Indonesia-Dhamra] Typhoon warning in South China Sea requiring southern deviation for westbound bulkers.,2021-07-20,JTWC Cyclone Warning
1109,port_congestion,Indonesia-Gangavaram,20,High,[Tanjung Priok / Indonesia-Gangavaram] Berth queue exceeding 12 vessels; average waiting time rose to 78 hours.,2022-09-12,AIS Congestion Tracker
1110,freight_anomaly,Russia-Visakhapatnam,13,Medium,[Nhava Sheva (JNPT) / Russia-Visakhapatnam] Panamax Atlantic round voyage rates collapsed -12% on low grain demand.,2023-06-14,Clarksons Intelligence
1111,port_congestion,USA-Mundra,22,Low,[Norfolk (Hampton Roads) / USA-Mundra] Berth queue exceeding 12 vessels; average waiting time rose to 78 hours.,2024-04-13,Terminal Operations Log
1112,port_congestion,USA-Paradip,8,High,[Chennai / USA-Paradip] Mechanized coal conveyor breakdown causing delayed discharge at mechanized berths.,2021-07-15,Terminal Operations Log
1113,weather,Australia-Paradip,27,High,[Vanino / Australia-Paradip] Heavy monsoon swell (>4.2m) preventing safe pilot boarding at outer anchorage.,2023-05-21,Marine Weather Routing Service
1114,port_congestion,Mozambique-Paradip,2,Low,[Visakhapatnam / Mozambique-Paradip] Berth queue exceeding 12 vessels; average waiting time rose to 78 hours.,2021-04-19,AIS Congestion Tracker
1115,port_congestion,USA-Mundra,2,Low,[Visakhapatnam / USA-Mundra] Tidal window restrictions combined with dredging operations causing vessel hold-ups.,2024-03-20,Port Authority Circular
1116,geopolitical,Indonesia-Dhamra,6,Medium,[Haldia / Indonesia-Dhamra] Red Sea security advisory prompting operators to route via Cape of Good Hope (+14 days).,2021-11-11,Ministry Trade Notice
1117,geopolitical,Australia-Visakhapatnam,15,Low,[Hay Point / Australia-Visakhapatnam] Export tariff modification announced by major coal-producing authority.,2023-10-09,Lloyd's List Intelligence
1118,weather,Australia-Dhamra,22,Medium,[Norfolk (Hampton Roads) / Australia-Dhamra] Typhoon warning in South China Sea requiring southern deviation for westbound bulkers.,2024-01-28,India Meteorological Department (IMD)
1119,geopolitical,Australia-Paradip,11,Low,[Mundra / Australia-Paradip] Sanction compliance verification tightening on Far East coal flows.,2022-10-28,Ministry Trade Notice
1120,weather,Russia-Visakhapatnam,4,Low,[Dhamra / Russia-Visakhapatnam] Heavy monsoon swell (>4.2m) preventing safe pilot boarding at outer anchorage.,2023-05-03,JTWC Cyclone Warning
1121,freight_anomaly,USA-Gangavaram,17,Low,[Newcastle / USA-Gangavaram] Sudden freight spike (+18% DoD) driven by tightening Capesize tonnage in Pacific basin.,2022-06-18,Baltic Exchange Market Monitor
1122,weather,Australia-Gopalpur,9,High,[Kamarajar (Ennore) / Australia-Gopalpur] Tropical Cyclone alert issued for Bay of Bengal; port operations suspended for 48 hours.,2025-04-14,Marine Weather Routing Service
1123,port_congestion,Australia-Gopalpur,20,Medium,[Tanjung Priok / Australia-Gopalpur] Mechanized coal conveyor breakdown causing delayed discharge at mechanized berths.,2025-04-08,Port Authority Circular
1124,port_congestion,Indonesia-Mundra,23,Low,[Baltimore / Indonesia-Mundra] Tidal window restrictions combined with dredging operations causing vessel hold-ups.,2025-07-01,Port Authority Circular
1125,weather,Mozambique-Gangavaram,6,Medium,[Haldia / Mozambique-Gangavaram] Dense fog conditions restricting channel navigation to daylight hours only.,2024-04-02,JTWC Cyclone Warning
1126,weather,India-Chennai,6,Low,[Haldia / India-Chennai] Heavy monsoon swell (>4.2m) preventing safe pilot boarding at outer anchorage.,2023-03-13,Marine Weather Routing Service
1127,freight_anomaly,Indonesia-Gangavaram,7,Medium,[Kolkata / Indonesia-Gangavaram] Bunker fuel price volatility exceeds 90th percentile following crude market rally.,2023-11-26,Baltic Exchange Market Monitor
1128,port_congestion,Australia-Paradip,11,Medium,[Mundra / Australia-Paradip] Tidal window restrictions combined with dredging operations causing vessel hold-ups.,2021-07-03,Terminal Operations Log
1129,geopolitical,Indonesia-Paradip,25,Medium,[Beira / Indonesia-Paradip] Sanction compliance verification tightening on Far East coal flows.,2025-06-14,Ministry Trade Notice
1130,port_congestion,Mozambique-Visakhapatnam,3,High,[Gangavaram / Mozambique-Visakhapatnam] Mechanized coal conveyor breakdown causing delayed discharge at mechanized berths.,2021-12-06,AIS Congestion Tracker
1131,port_congestion,Australia-Haldia,22,Low,[Norfolk (Hampton Roads) / Australia-Haldia] High yard inventory utilization (>92%) slowing down discharge rates.,2022-11-02,Terminal Operations Log
1132,port_congestion,Australia-Visakhapatnam,11,Medium,[Mundra / Australia-Visakhapatnam] Mechanized coal conveyor breakdown causing delayed discharge at mechanized berths.,2025-03-21,Terminal Operations Log
1133,freight_anomaly,India-Haldia,17,Medium,[Newcastle / India-Haldia] BDI index surged 250 points following unexpected chartering volume for Queensland coal.,2025-04-24,Baltic Exchange Market Monitor
1134,freight_anomaly,Australia-Gopalpur,6,Medium,[Haldia / Australia-Gopalpur] Sudden freight spike (+18% DoD) driven by tightening Capesize tonnage in Pacific basin.,2026-01-10,Clarksons Intelligence
1135,geopolitical,Australia-Visakhapatnam,19,Low,[Balikpapan / Australia-Visakhapatnam] Canal transit quota reduction increasing reservation auction premiums.,2025-02-15,Ministry Trade Notice
1136,freight_anomaly,Australia-Haldia,12,Low,[Kandla (Deendayal) / Australia-Haldia] Sudden freight spike (+18% DoD) driven by tightening Capesize tonnage in Pacific basin.,2025-11-04,Clarksons Intelligence
1137,freight_anomaly,USA-Visakhapatnam,32,Low,[Shanghai (Qingdao) / USA-Visakhapatnam] Panamax Atlantic round voyage rates collapsed -12% on low grain demand.,2025-12-22,FreightIQ Anomaly Engine
1138,port_congestion,USA-Gangavaram,20,Low,[Tanjung Priok / USA-Gangavaram] Tidal window restrictions combined with dredging operations causing vessel hold-ups.,2023-02-05,Terminal Operations Log
1139,freight_anomaly,Mozambique-Gangavaram,10,Low,[Tuticorin (V.O.C.) / Mozambique-Gangavaram] Sudden freight spike (+18% DoD) driven by tightening Capesize tonnage in Pacific basin.,2022-12-01,Clarksons Intelligence
1140,geopolitical,Russia-Visakhapatnam,22,Medium,[Norfolk (Hampton Roads) / Russia-Visakhapatnam] Export tariff modification announced by major coal-producing authority.,2021-01-06,Ministry Trade Notice
1141,weather,Mozambique-Paradip,18,Low,[Port Hedland / Mozambique-Paradip] Heavy monsoon swell (>4.2m) preventing safe pilot boarding at outer anchorage.,2021-12-21,India Meteorological Department (IMD)
1142,freight_anomaly,Mozambique-Gangavaram,26,Medium,[Vostochny / Mozambique-Gangavaram] BDI index surged 250 points following unexpected chartering volume for Queensland coal.,2021-09-25,FreightIQ Anomaly Engine
1143,freight_anomaly,Australia-Mundra,18,Low,[Port Hedland / Australia-Mundra] Bunker fuel price volatility exceeds 90th percentile following crude market rally.,2023-02-24,Clarksons Intelligence
1144,port_congestion,Australia-Gopalpur,1,High,[Paradip / Australia-Gopalpur] High yard inventory utilization (>92%) slowing down discharge rates.,2025-10-23,Port Authority Circular
1145,weather,Indonesia-Dhamra,28,Medium,[Singapore / Indonesia-Dhamra] Dense fog conditions restricting channel navigation to daylight hours only.,2021-01-17,India Meteorological Department (IMD)
1146,port_congestion,Mozambique-Paradip,1,Low,[Paradip / Mozambique-Paradip] High yard inventory utilization (>92%) slowing down discharge rates.,2023-06-23,Port Authority Circular
1147,port_congestion,Mozambique-Visakhapatnam,4,Medium,[Dhamra / Mozambique-Visakhapatnam] High yard inventory utilization (>92%) slowing down discharge rates.,2025-06-30,Port Authority Circular
1148,freight_anomaly,USA-Gangavaram,1,Medium,[Paradip / USA-Gangavaram] Sudden freight spike (+18% DoD) driven by tightening Capesize tonnage in Pacific basin.,2024-01-30,FreightIQ Anomaly Engine
1149,weather,Mozambique-Visakhapatnam,13,Low,[Nhava Sheva (JNPT) / Mozambique-Visakhapatnam] Heavy monsoon swell (>4.2m) preventing safe pilot boarding at outer anchorage.,2023-02-17,JTWC Cyclone Warning
1150,port_congestion,USA-Paradip,1,Medium,[Paradip / USA-Paradip] Tidal window restrictions combined with dredging operations causing vessel hold-ups.,2022-12-21,AIS Congestion Tracker
1151,port_congestion,USA-Paradip,31,Medium,[Rotterdam / USA-Paradip] Tidal window restrictions combined with dredging operations causing vessel hold-ups.,2024-03-07,Terminal Operations Log
1152,port_congestion,Mozambique-Visakhapatnam,18,Medium,[Port Hedland / Mozambique-Visakhapatnam] Tidal window restrictions combined with dredging operations causing vessel hold-ups.,2023-12-20,Terminal Operations Log
1153,weather,Indonesia-Visakhapatnam,18,Low,[Port Hedland / Indonesia-Visakhapatnam] Dense fog conditions restricting channel navigation to daylight hours only.,2021-10-06,India Meteorological Department (IMD)
1154,freight_anomaly,Australia-Paradip,23,Medium,[Baltimore / Australia-Paradip] Bunker fuel price volatility exceeds 90th percentile following crude market rally.,2021-07-23,FreightIQ Anomaly Engine
1155,weather,Australia-Gopalpur,9,High,[Kamarajar (Ennore) / Australia-Gopalpur] Tropical Cyclone alert issued for Bay of Bengal; port operations suspended for 48 hours.,2023-07-20,India Meteorological Department (IMD)
1156,freight_anomaly,Indonesia-Mundra,22,Low,[Norfolk (Hampton Roads) / Indonesia-Mundra] Sudden freight spike (+18% DoD) driven by tightening Capesize tonnage in Pacific basin.,2023-05-25,FreightIQ Anomaly Engine
1157,weather,USA-Paradip,17,High,[Newcastle / USA-Paradip] Dense fog conditions restricting channel navigation to daylight hours only.,2023-09-27,Marine Weather Routing Service
1158,freight_anomaly,India-Haldia,27,Low,[Vanino / India-Haldia] Bunker fuel price volatility exceeds 90th percentile following crude market rally.,2025-01-28,Baltic Exchange Market Monitor
1159,freight_anomaly,Mozambique-Paradip,30,Low,[Colombo / Mozambique-Paradip] Bunker fuel price volatility exceeds 90th percentile following crude market rally.,2024-06-25,FreightIQ Anomaly Engine
1160,freight_anomaly,USA-Visakhapatnam,25,Low,[Beira / USA-Visakhapatnam] Bunker fuel price volatility exceeds 90th percentile following crude market rally.,2023-12-13,Clarksons Intelligence
1161,weather,Indonesia-Visakhapatnam,11,High,[Mundra / Indonesia-Visakhapatnam] Typhoon warning in South China Sea requiring southern deviation for westbound bulkers.,2023-06-10,JTWC Cyclone Warning
1162,port_congestion,Indonesia-Visakhapatnam,2,Low,[Visakhapatnam / Indonesia-Visakhapatnam] Tidal window restrictions combined with dredging operations causing vessel hold-ups.,2021-11-01,AIS Congestion Tracker
1163,port_congestion,Indonesia-Visakhapatnam,24,Medium,[Maputo / Indonesia-Visakhapatnam] Tidal window restrictions combined with dredging operations causing vessel hold-ups.,2024-08-02,Terminal Operations Log
1164,weather,Australia-Gopalpur,7,High,[Kolkata / Australia-Gopalpur] Dense fog conditions restricting channel navigation to daylight hours only.,2024-08-13,India Meteorological Department (IMD)
1165,port_congestion,Australia-Visakhapatnam,27,Low,[Vanino / Australia-Visakhapatnam] Berth queue exceeding 12 vessels; average waiting time rose to 78 hours.,2022-07-16,AIS Congestion Tracker
1166,freight_anomaly,Mozambique-Gangavaram,18,Medium,[Port Hedland / Mozambique-Gangavaram] Panamax Atlantic round voyage rates collapsed -12% on low grain demand.,2021-04-26,FreightIQ Anomaly Engine
1167,port_congestion,Indonesia-Visakhapatnam,22,Medium,[Norfolk (Hampton Roads) / Indonesia-Visakhapatnam] Berth queue exceeding 12 vessels; average waiting time rose to 78 hours.,2025-11-09,AIS Congestion Tracker
1168,geopolitical,Russia-Paradip,8,Medium,[Chennai / Russia-Paradip] Sanction compliance verification tightening on Far East coal flows.,2026-02-02,Ministry Trade Notice
1169,port_congestion,Indonesia-Dhamra,26,Low,[Vostochny / Indonesia-Dhamra] Mechanized coal conveyor breakdown causing delayed discharge at mechanized berths.,2025-10-19,Terminal Operations Log
1170,port_congestion,Australia-Visakhapatnam,29,Low,[Port Klang / Australia-Visakhapatnam] Tidal window restrictions combined with dredging operations causing vessel hold-ups.,2021-05-10,Terminal Operations Log
1171,geopolitical,Indonesia-Mundra,26,Low,[Vostochny / Indonesia-Mundra] Sanction compliance verification tightening on Far East coal flows.,2025-12-18,Ministry Trade Notice
1172,port_congestion,Mozambique-Paradip,32,Medium,[Shanghai (Qingdao) / Mozambique-Paradip] Berth queue exceeding 12 vessels; average waiting time rose to 78 hours.,2023-01-11,AIS Congestion Tracker
1173,port_congestion,Australia-Gopalpur,20,Low,[Tanjung Priok / Australia-Gopalpur] Tidal window restrictions combined with dredging operations causing vessel hold-ups.,2023-06-13,Terminal Operations Log
1174,port_congestion,USA-Visakhapatnam,9,Low,[Kamarajar (Ennore) / USA-Visakhapatnam] High yard inventory utilization (>92%) slowing down discharge rates.,2024-09-02,Terminal Operations Log
1175,port_congestion,USA-Visakhapatnam,8,Medium,[Chennai / USA-Visakhapatnam] Tidal window restrictions combined with dredging operations causing vessel hold-ups.,2025-05-06,Port Authority Circular
1176,freight_anomaly,Russia-Paradip,14,Medium,[Cochin / Russia-Paradip] Sudden freight spike (+18% DoD) driven by tightening Capesize tonnage in Pacific basin.,2025-07-12,Clarksons Intelligence
1177,geopolitical,Indonesia-Dhamra,32,Low,[Shanghai (Qingdao) / Indonesia-Dhamra] Sanction compliance verification tightening on Far East coal flows.,2021-10-04,Ministry Trade Notice
1178,port_congestion,Australia-Gangavaram,29,Medium,[Port Klang / Australia-Gangavaram] Mechanized coal conveyor breakdown causing delayed discharge at mechanized berths.,2024-10-11,Terminal Operations Log
1179,weather,Indonesia-Paradip,10,Medium,[Tuticorin (V.O.C.) / Indonesia-Paradip] Typhoon warning in South China Sea requiring southern deviation for westbound bulkers.,2024-10-28,India Meteorological Department (IMD)
1180,port_congestion,India-Haldia,28,Low,[Singapore / India-Haldia] Tidal window restrictions combined with dredging operations causing vessel hold-ups.,2022-07-07,Terminal Operations Log
1181,freight_anomaly,Indonesia-Paradip,21,Low,[Samarinda / Indonesia-Paradip] Bunker fuel price volatility exceeds 90th percentile following crude market rally.,2024-01-30,Baltic Exchange Market Monitor
1182,geopolitical,Indonesia-Paradip,21,Low,[Samarinda / Indonesia-Paradip] Red Sea security advisory prompting operators to route via Cape of Good Hope (+14 days).,2025-07-25,Ministry Trade Notice
1183,weather,Mozambique-Visakhapatnam,20,Medium,[Tanjung Priok / Mozambique-Visakhapatnam] Typhoon warning in South China Sea requiring southern deviation for westbound bulkers.,2022-07-05,India Meteorological Department (IMD)
1184,freight_anomaly,Mozambique-Gangavaram,22,High,[Norfolk (Hampton Roads) / Mozambique-Gangavaram] Panamax Atlantic round voyage rates collapsed -12% on low grain demand.,2024-11-07,Baltic Exchange Market Monitor
1185,port_congestion,Indonesia-Gangavaram,10,High,[Tuticorin (V.O.C.) / Indonesia-Gangavaram] Tidal window restrictions combined with dredging operations causing vessel hold-ups.,2024-08-20,AIS Congestion Tracker
1186,weather,Russia-Visakhapatnam,16,Medium,[Gladstone / Russia-Visakhapatnam] Tropical Cyclone alert issued for Bay of Bengal; port operations suspended for 48 hours.,2021-09-11,JTWC Cyclone Warning
1187,weather,Russia-Visakhapatnam,30,Low,[Colombo / Russia-Visakhapatnam] Tropical Cyclone alert issued for Bay of Bengal; port operations suspended for 48 hours.,2023-01-17,JTWC Cyclone Warning
1188,port_congestion,Australia-Haldia,27,Medium,[Vanino / Australia-Haldia] High yard inventory utilization (>92%) slowing down discharge rates.,2024-12-14,AIS Congestion Tracker
1189,weather,India-Chennai,4,Medium,[Dhamra / India-Chennai] Tropical Cyclone alert issued for Bay of Bengal; port operations suspended for 48 hours.,2025-06-29,India Meteorological Department (IMD)
1190,port_congestion,Indonesia-Gangavaram,26,Low,[Vostochny / Indonesia-Gangavaram] Tidal window restrictions combined with dredging operations causing vessel hold-ups.,2023-03-07,Port Authority Circular
1191,weather,Russia-Visakhapatnam,9,High,[Kamarajar (Ennore) / Russia-Visakhapatnam] Heavy monsoon swell (>4.2m) preventing safe pilot boarding at outer anchorage.,2022-06-01,India Meteorological Department (IMD)
1192,port_congestion,Indonesia-Dhamra,2,Medium,[Visakhapatnam / Indonesia-Dhamra] Berth queue exceeding 12 vessels; average waiting time rose to 78 hours.,2022-09-09,Port Authority Circular
1193,port_congestion,Indonesia-Mundra,7,Medium,[Kolkata / Indonesia-Mundra] High yard inventory utilization (>92%) slowing down discharge rates.,2024-10-28,Terminal Operations Log
1194,weather,Australia-Haldia,15,High,[Hay Point / Australia-Haldia] Tropical Cyclone alert issued for Bay of Bengal; port operations suspended for 48 hours.,2021-07-13,JTWC Cyclone Warning
1195,freight_anomaly,Russia-Paradip,8,High,[Chennai / Russia-Paradip] Bunker fuel price volatility exceeds 90th percentile following crude market rally.,2023-12-19,Clarksons Intelligence
1196,freight_anomaly,Australia-Visakhapatnam,25,Medium,[Beira / Australia-Visakhapatnam] Sudden freight spike (+18% DoD) driven by tightening Capesize tonnage in Pacific basin.,2024-12-02,FreightIQ Anomaly Engine
1197,port_congestion,Australia-Paradip,3,Low,[Gangavaram / Australia-Paradip] Mechanized coal conveyor breakdown causing delayed discharge at mechanized berths.,2023-02-10,AIS Congestion Tracker
1198,port_congestion,Australia-Haldia,24,Medium,[Maputo / Australia-Haldia] Berth queue exceeding 12 vessels; average waiting time rose to 78 hours.,2025-01-06,AIS Congestion Tracker
1199,freight_anomaly,Mozambique-Visakhapatnam,7,Low,[Kolkata / Mozambique-Visakhapatnam] Panamax Atlantic round voyage rates collapsed -12% on low grain demand.,2024-07-02,FreightIQ Anomaly Engine
1200,freight_anomaly,Australia-Haldia,28,High,[Singapore / Australia-Haldia] Sudden freight spike (+18% DoD) driven by tightening Capesize tonnage in Pacific basin.,2025-08-09,Baltic Exchange Market Monitor
